Area,AP Ratio,District,Season,Avg Temp,Avg Humidity,Crop Name,Transplant,Growth,Harvest,Production,Max Temp,Min Temp,Max Relative Humidity,Min Relative Humidity,Rainfall_mm
177321,0.851027233,Bagerhat,Kharif 2,26.0,72.5,Aman,Jun,Jul to Oct,Nov to Dec,150905,40,12.0,60,85,174.7080768
25646,1.175777899,Bandarban,Kharif 2,26.0,72.5,Aman,Jun,Jul to Oct,Nov to Dec,30154,40,12.0,60,85,166.4266575
231401,0.770588718,Barguna,Kharif 2,26.0,72.5,Aman,Jun,Jul to Oct,Nov to Dec,178315,40,12.0,60,85,215.0360868
302665,0.757104389,Barishal,Kharif 2,26.0,72.5,Aman,Jun,Jul to Oct,Nov to Dec,229149,40,12.0,60,85,109.4143622
388575,1.100652384,Bhola,Kharif 2,26.0,72.5,Aman,Jun,Jul to Oct,Nov to Dec,427686,40,12.0,60,85,184.2041015
443007,1.192475514,Bogura,Kharif 2,26.0,72.5,Aman,Jun,Jul to Oct,Nov to Dec,528275,40,12.0,60,85,177.5127561
174588,1.014634454,Brahmanbaria,Kharif 2,26.0,72.5,Aman,Jun,Jul to Oct,Nov to Dec,177143,40,12.0,60,85,192.0385934
90004,0.780443091,Chandpur,Kharif 2,26.0,72.5,Aman,Jun,Jul to Oct,Nov to Dec,70243,40,12.0,60,85,167.2847502
140665,1.127252693,Chapai Nawabganj,Kharif 2,26.0,72.5,Aman,Jun,Jul to Oct,Nov to Dec,158565,40,12.0,60,85,242.7522636
444857,0.977999672,Chattogram,Kharif 2,26.0,72.5,Aman,Jun,Jul to Oct,Nov to Dec,435070,40,12.0,60,85,231.8261444
85718,1.096677477,Chuadanga,Kharif 2,26.0,72.5,Aman,Jun,Jul to Oct,Nov to Dec,94005,40,12.0,60,85,209.4105841
181306,1.110415541,CoxsBazar,Kharif 2,26.0,72.5,Aman,Jun,Jul to Oct,Nov to Dec,201325,40,12.0,60,85,192.4627936
327517,0.909647438,Cumilla,Kharif 2,26.0,72.5,Aman,Jun,Jul to Oct,Nov to Dec,297925,40,12.0,60,85,200.1554863
18702,0.965244359,Dhaka,Kharif 2,26.0,72.5,Aman,Jun,Jul to Oct,Nov to Dec,18052,40,12.0,60,85,203.3958406
645472,1.078918993,Dinajpur,Kharif 2,26.0,72.5,Aman,Jun,Jul to Oct,Nov to Dec,696412,40,12.0,60,85,42.53809207
191856,1.040175965,Faridpur,Kharif 2,26.0,72.5,Aman,Jun,Jul to Oct,Nov to Dec,199564,40,12.0,60,85,231.9373227
163129,1.202152897,Feni,Kharif 2,26.0,72.5,Aman,Jun,Jul to Oct,Nov to Dec,196106,40,12.0,60,85,208.4179619
293991,1.126656938,Gaibandha,Kharif 2,26.0,72.5,Aman,Jun,Jul to Oct,Nov to Dec,331227,40,12.0,60,85,182.6506387
112432,1.185907927,Gazipur,Kharif 2,26.0,72.5,Aman,Jun,Jul to Oct,Nov to Dec,133334,40,12.0,60,85,121.8009868
59993,0.751937726,Gopalganj,Kharif 2,26.0,72.5,Aman,Jun,Jul to Oct,Nov to Dec,45111,40,12.0,60,85,189.6096879
245464,1.064665287,Habiganj,Kharif 2,26.0,72.5,Aman,Jun,Jul to Oct,Nov to Dec,261337,40,12.0,60,85,288.265644
265787,0.953500359,Jamalpur,Kharif 2,26.0,72.5,Aman,Jun,Jul to Oct,Nov to Dec,253428,40,12.0,60,85,105.1489554
338887,1.14695459,Jashore,Kharif 2,26.0,72.5,Aman,Jun,Jul to Oct,Nov to Dec,388688,40,12.0,60,85,71.44512855
116665,0.794479921,Jhallokati,Kharif 2,26.0,72.5,Aman,Jun,Jul to Oct,Nov to Dec,92688,40,12.0,60,85,247.0880704
252930,1.369529119,Jhenaidah,Kharif 2,26.0,72.5,Aman,Jun,Jul to Oct,Nov to Dec,346395,40,12.0,60,85,123.9056568
170726,1.137928611,Joypurhat,Kharif 2,26.0,72.5,Aman,Jun,Jul to Oct,Nov to Dec,194274,40,12.0,60,85,44.89270271
66694,1.304375206,Khagrachari,Kharif 2,26.0,72.5,Aman,Jun,Jul to Oct,Nov to Dec,86994,40,12.0,60,85,192.9039163
237461,1.120950388,Khulna,Kharif 2,26.0,72.5,Aman,Jun,Jul to Oct,Nov to Dec,266182,40,12.0,60,85,144.644338
186328,1.158322957,Kishoreganj,Kharif 2,26.0,72.5,Aman,Jun,Jul to Oct,Nov to Dec,215828,40,12.0,60,85,115.3167999
283509,1.102067307,Kurigram,Kharif 2,26.0,72.5,Aman,Jun,Jul to Oct,Nov to Dec,312446,40,12.0,60,85,160.2682722
225972,1.200374383,Kushtia,Kharif 2,26.0,72.5,Aman,Jun,Jul to Oct,Nov to Dec,271251,40,12.0,60,85,191.4964391
185213,1.053263,Lakshmipur,Kharif 2,26.0,72.5,Aman,Jun,Jul to Oct,Nov to Dec,195078,40,12.0,60,85,87.61801798
189950,1.141163464,Lalmonirhat,Kharif 2,26.0,72.5,Aman,Jun,Jul to Oct,Nov to Dec,216764,40,12.0,60,85,247.9778441
40746,0.830314632,Madaripur,Kharif 2,26.0,72.5,Aman,Jun,Jul to Oct,Nov to Dec,33832,40,12.0,60,85,167.8536708
143430,1.062643798,Magura,Kharif 2,26.0,72.5,Aman,Jun,Jul to Oct,Nov to Dec,152415,40,12.0,60,85,147.9372295
19457,0.9198232,Manikganj,Kharif 2,26.0,72.5,Aman,Jun,Jul to Oct,Nov to Dec,17897,40,12.0,60,85,247.8741452
82524,1.279203626,Meherpur,Kharif 2,26.0,72.5,Aman,Jun,Jul to Oct,Nov to Dec,105565,40,12.0,60,85,158.0844435
251081,1.180622986,Moulvibazar,Kharif 2,26.0,72.5,Aman,Jun,Jul to Oct,Nov to Dec,296432,40,12.0,60,85,131.2986527
41822,0.393405385,Munshiganj,Kharif 2,26.0,72.5,Aman,Jun,Jul to Oct,Nov to Dec,16453,40,12.0,60,85,213.7781936
663734,0.97115712,Mymensingh,Kharif 2,26.0,72.5,Aman,Jun,Jul to Oct,Nov to Dec,644590,40,12.0,60,85,132.2614826
468054,1.082366565,Naogaon,Kharif 2,26.0,72.5,Aman,Jun,Jul to Oct,Nov to Dec,506606,40,12.0,60,85,207.701171
85229,1.068098887,Narail,Kharif 2,26.0,72.5,Aman,Jun,Jul to Oct,Nov to Dec,91033,40,12.0,60,85,105.4792211
19756,0.54823851,Narayanganj,Kharif 2,26.0,72.5,Aman,Jun,Jul to Oct,Nov to Dec,10831,40,12.0,60,85,180.2420727
97752,1.039313774,Narsingdi,Kharif 2,26.0,72.5,Aman,Jun,Jul to Oct,Nov to Dec,101595,40,12.0,60,85,233.3534886
182696,1.119438849,Natore,Kharif 2,26.0,72.5,Aman,Jun,Jul to Oct,Nov to Dec,204517,40,12.0,60,85,10.8768244
301949,1.091058424,Netrokona,Kharif 2,26.0,72.5,Aman,Jun,Jul to Oct,Nov to Dec,329444,40,12.0,60,85,221.8907255
279580,1.103355033,Nilphamari,Kharif 2,26.0,72.5,Aman,Jun,Jul to Oct,Nov to Dec,308476,40,12.0,60,85,124.7043108
382971,1.033623956,Noakhali,Kharif 2,26.0,72.5,Aman,Jun,Jul to Oct,Nov to Dec,395848,40,12.0,60,85,112.6938135
221929,0.866871837,Pabna,Kharif 2,26.0,72.5,Aman,Jun,Jul to Oct,Nov to Dec,192384,40,12.0,60,85,68.03890595
246162,1.246549021,Panchagar,Kharif 2,26.0,72.5,Aman,Jun,Jul to Oct,Nov to Dec,306853,40,12.0,60,85,285.6261677
431833,0.749345233,Patuakhali,Kharif 2,26.0,72.5,Aman,Jun,Jul to Oct,Nov to Dec,323592,40,12.0,60,85,208.0883744
155038,0.64492576,Pirojpur,Kharif 2,26.0,72.5,Aman,Jun,Jul to Oct,Nov to Dec,99988,40,12.0,60,85,181.7067451
117377,0.913696891,Rajbari,Kharif 2,26.0,72.5,Aman,Jun,Jul to Oct,Nov to Dec,107247,40,12.0,60,85,190.0928261
182555,1.273851716,Rajshahi,Kharif 2,26.0,72.5,Aman,Jun,Jul to Oct,Nov to Dec,232548,40,12.0,60,85,134.7885332
23990,1.199041267,Rangamati,Kharif 2,26.0,72.5,Aman,Jun,Jul to Oct,Nov to Dec,28765,40,12.0,60,85,96.36279371
405055,1.092310921,Rangpur,Kharif 2,26.0,72.5,Aman,Jun,Jul to Oct,Nov to Dec,442446,40,12.0,60,85,193.2944592
207744,1.108450786,Satkhira,Kharif 2,26.0,72.5,Aman,Jun,Jul to Oct,Nov to Dec,230274,40,12.0,60,85,167.0497907
32898,0.701501611,Shariatpur,Kharif 2,26.0,72.5,Aman,Jun,Jul to Oct,Nov to Dec,23078,40,12.0,60,85,102.2760023
202388,0.952768939,Sherpur,Kharif 2,26.0,72.5,Aman,Jun,Jul to Oct,Nov to Dec,192829,40,12.0,60,85,125.2118412
200166,1.104498266,Sirajganj,Kharif 2,26.0,72.5,Aman,Jun,Jul to Oct,Nov to Dec,221083,40,12.0,60,85,242.4510859
198587,1.044851879,Sunamganj,Kharif 2,26.0,72.5,Aman,Jun,Jul to Oct,Nov to Dec,207494,40,12.0,60,85,161.3844192
336140,1.05969834,Sylhet,Kharif 2,26.0,72.5,Aman,Jun,Jul to Oct,Nov to Dec,356207,40,12.0,60,85,212.305127
249183,0.833411589,Tangail,Kharif 2,26.0,72.5,Aman,Jun,Jul to Oct,Nov to Dec,207672,40,12.0,60,85,132.7371589
322836,1.083695746,Thakurgaon,Kharif 2,26.0,72.5,Aman,Jun,Jul to Oct,Nov to Dec,349856,40,12.0,60,85,62.8298842
167,6.700598802,Bagerhat,Kharif 1,25.0,70.0,Amra,Jun,Jun to Aug,Aug to Sep,1119,30,20.0,60,80,179.5392138
128,1.3046875,Bandarban,Kharif 1,25.0,70.0,Amra,Jun,Jun to Aug,Aug to Sep,167,30,20.0,60,80,168.3859684
1597,0.919849718,Barguna,Kharif 1,25.0,70.0,Amra,Jun,Jun to Aug,Aug to Sep,1469,30,20.0,60,80,61.05620835
1351,4.071058475,Barishal,Kharif 1,25.0,70.0,Amra,Jun,Jun to Aug,Aug to Sep,5500,30,20.0,60,80,157.5994264
148,5.155405405,Bhola,Kharif 1,25.0,70.0,Amra,Jun,Jun to Aug,Aug to Sep,763,30,20.0,60,80,130.8171556
233,3.39055794,Bogura,Kharif 1,25.0,70.0,Amra,Jun,Jun to Aug,Aug to Sep,790,30,20.0,60,80,273.4874624
15,0.866666667,Brahmanbaria,Kharif 1,25.0,70.0,Amra,Jun,Jun to Aug,Aug to Sep,13,30,20.0,60,80,114.7169243
50,5.26,Chandpur,Kharif 1,25.0,70.0,Amra,Jun,Jun to Aug,Aug to Sep,263,30,20.0,60,80,106.4954475
71,2.183098592,Chapai Nawabganj,Kharif 1,25.0,70.0,Amra,Jun,Jun to Aug,Aug to Sep,155,30,20.0,60,80,195.0507473
95,4.810526316,Chattogram,Kharif 1,25.0,70.0,Amra,Jun,Jun to Aug,Aug to Sep,457,30,20.0,60,80,218.7442227
77,4.701298701,Chuadanga,Kharif 1,25.0,70.0,Amra,Jun,Jun to Aug,Aug to Sep,362,30,20.0,60,80,168.7618338
142,2.605633803,CoxsBazar,Kharif 1,25.0,70.0,Amra,Jun,Jun to Aug,Aug to Sep,370,30,20.0,60,80,99.83746481
330,1.081818182,Cumilla,Kharif 1,25.0,70.0,Amra,Jun,Jun to Aug,Aug to Sep,357,30,20.0,60,80,100.6286662
31,7.580645161,Dhaka,Kharif 1,25.0,70.0,Amra,Jun,Jun to Aug,Aug to Sep,235,30,20.0,60,80,299.1095819
47,12.10638298,Dinajpur,Kharif 1,25.0,70.0,Amra,Jun,Jun to Aug,Aug to Sep,569,30,20.0,60,80,124.3791764
479,1.350730689,Faridpur,Kharif 1,25.0,70.0,Amra,Jun,Jun to Aug,Aug to Sep,647,30,20.0,60,80,162.8406957
28,1.964285714,Feni,Kharif 1,25.0,70.0,Amra,Jun,Jun to Aug,Aug to Sep,55,30,20.0,60,80,174.3995672
11,13.54545455,Gaibandha,Kharif 1,25.0,70.0,Amra,Jun,Jun to Aug,Aug to Sep,149,30,20.0,60,80,309.1398619
40,5.9,Gazipur,Kharif 1,25.0,70.0,Amra,Jun,Jun to Aug,Aug to Sep,236,30,20.0,60,80,60.37247805
52,11.36538462,Gopalganj,Kharif 1,25.0,70.0,Amra,Jun,Jun to Aug,Aug to Sep,591,30,20.0,60,80,195.9271661
141,3.780141844,Habiganj,Kharif 1,25.0,70.0,Amra,Jun,Jun to Aug,Aug to Sep,533,30,20.0,60,80,150.1533507
86,4.069767442,Jamalpur,Kharif 1,25.0,70.0,Amra,Jun,Jun to Aug,Aug to Sep,350,30,20.0,60,80,146.866635
204,5.980392157,Jashore,Kharif 1,25.0,70.0,Amra,Jun,Jun to Aug,Aug to Sep,1220,30,20.0,60,80,202.2447654
742,6.132075472,Jhallokati,Kharif 1,25.0,70.0,Amra,Jun,Jun to Aug,Aug to Sep,4550,30,20.0,60,80,295.6533956
97,14.50515464,Jhenaidah,Kharif 1,25.0,70.0,Amra,Jun,Jun to Aug,Aug to Sep,1407,30,20.0,60,80,195.2737245
31,9.774193548,Joypurhat,Kharif 1,25.0,70.0,Amra,Jun,Jun to Aug,Aug to Sep,303,30,20.0,60,80,157.2598131
129,2.062015504,Khagrachari,Kharif 1,25.0,70.0,Amra,Jun,Jun to Aug,Aug to Sep,266,30,20.0,60,80,228.0520766
592,1.491554054,Khulna,Kharif 1,25.0,70.0,Amra,Jun,Jun to Aug,Aug to Sep,883,30,20.0,60,80,210.0360595
60,9.45,Kishoreganj,Kharif 1,25.0,70.0,Amra,Jun,Jun to Aug,Aug to Sep,567,30,20.0,60,80,118.4367289
24,6.958333333,Kurigram,Kharif 1,25.0,70.0,Amra,Jun,Jun to Aug,Aug to Sep,167,30,20.0,60,80,195.6582479
63,9.238095238,Kushtia,Kharif 1,25.0,70.0,Amra,Jun,Jun to Aug,Aug to Sep,582,30,20.0,60,80,193.5096052
13,27.69230769,Lakshmipur,Kharif 1,25.0,70.0,Amra,Jun,Jun to Aug,Aug to Sep,360,30,20.0,60,80,214.6879037
6,1.5,Lalmonirhat,Kharif 1,25.0,70.0,Amra,Jun,Jun to Aug,Aug to Sep,9,30,20.0,60,80,124.1596905
33,21.18181818,Madaripur,Kharif 1,25.0,70.0,Amra,Jun,Jun to Aug,Aug to Sep,699,30,20.0,60,80,138.7211408
96,10.33333333,Magura,Kharif 1,25.0,70.0,Amra,Jun,Jun to Aug,Aug to Sep,992,30,20.0,60,80,215.3505544
18,4.111111111,Manikganj,Kharif 1,25.0,70.0,Amra,Jun,Jun to Aug,Aug to Sep,74,30,20.0,60,80,80.36122373
101,1.851485149,Meherpur,Kharif 1,25.0,70.0,Amra,Jun,Jun to Aug,Aug to Sep,187,30,20.0,60,80,127.7246943
86,8.976744186,Moulvibazar,Kharif 1,25.0,70.0,Amra,Jun,Jun to Aug,Aug to Sep,772,30,20.0,60,80,72.82427177
15,9.133333333,Munshiganj,Kharif 1,25.0,70.0,Amra,Jun,Jun to Aug,Aug to Sep,137,30,20.0,60,80,180.138958
407,1.680589681,Mymensingh,Kharif 1,25.0,70.0,Amra,Jun,Jun to Aug,Aug to Sep,684,30,20.0,60,80,87.62538386
62,5.548387097,Naogaon,Kharif 1,25.0,70.0,Amra,Jun,Jun to Aug,Aug to Sep,344,30,20.0,60,80,243.2313513
218,6.119266055,Narail,Kharif 1,25.0,70.0,Amra,Jun,Jun to Aug,Aug to Sep,1334,30,20.0,60,80,201.5480208
8,17.125,Narayanganj,Kharif 1,25.0,70.0,Amra,Jun,Jun to Aug,Aug to Sep,137,30,20.0,60,80,164.1599696
28,7.857142857,Narsingdi,Kharif 1,25.0,70.0,Amra,Jun,Jun to Aug,Aug to Sep,220,30,20.0,60,80,135.0048211
270,3.074074074,Natore,Kharif 1,25.0,70.0,Amra,Jun,Jun to Aug,Aug to Sep,830,30,20.0,60,80,194.2806048
64,5.109375,Netrokona,Kharif 1,25.0,70.0,Amra,Jun,Jun to Aug,Aug to Sep,327,30,20.0,60,80,133.2598863
5,20.8,Nilphamari,Kharif 1,25.0,70.0,Amra,Jun,Jun to Aug,Aug to Sep,104,30,20.0,60,80,77.84656892
79,7.417721519,Noakhali,Kharif 1,25.0,70.0,Amra,Jun,Jun to Aug,Aug to Sep,586,30,20.0,60,80,156.1109489
81,3.0,Pabna,Kharif 1,25.0,70.0,Amra,Jun,Jun to Aug,Aug to Sep,243,30,20.0,60,80,165.3414229
19,6.315789474,Panchagar,Kharif 1,25.0,70.0,Amra,Jun,Jun to Aug,Aug to Sep,120,30,20.0,60,80,152.9687657
400,1.2325,Patuakhali,Kharif 1,25.0,70.0,Amra,Jun,Jun to Aug,Aug to Sep,493,30,20.0,60,80,180.7341179
394,11.64720812,Pirojpur,Kharif 1,25.0,70.0,Amra,Jun,Jun to Aug,Aug to Sep,4589,30,20.0,60,80,131.5667984
233,2.30472103,Rajbari,Kharif 1,25.0,70.0,Amra,Jun,Jun to Aug,Aug to Sep,537,30,20.0,60,80,186.0438055
183,2.912568306,Rajshahi,Kharif 1,25.0,70.0,Amra,Jun,Jun to Aug,Aug to Sep,533,30,20.0,60,80,206.4088959
128,1.7265625,Rangamati,Kharif 1,25.0,70.0,Amra,Jun,Jun to Aug,Aug to Sep,221,30,20.0,60,80,177.9112417
12,10.0,Rangpur,Kharif 1,25.0,70.0,Amra,Jun,Jun to Aug,Aug to Sep,120,30,20.0,60,80,216.1966975
391,2.749360614,Satkhira,Kharif 1,25.0,70.0,Amra,Jun,Jun to Aug,Aug to Sep,1075,30,20.0,60,80,333.7250678
84,4.047619048,Shariatpur,Kharif 1,25.0,70.0,Amra,Jun,Jun to Aug,Aug to Sep,340,30,20.0,60,80,189.2445391
58,5.25862069,Sherpur,Kharif 1,25.0,70.0,Amra,Jun,Jun to Aug,Aug to Sep,305,30,20.0,60,80,169.594151
23,12.13043478,Sirajganj,Kharif 1,25.0,70.0,Amra,Jun,Jun to Aug,Aug to Sep,279,30,20.0,60,80,111.2686821
41,0.756097561,Sunamganj,Kharif 1,25.0,70.0,Amra,Jun,Jun to Aug,Aug to Sep,31,30,20.0,60,80,93.86492368
66,2.121212121,Sylhet,Kharif 1,25.0,70.0,Amra,Jun,Jun to Aug,Aug to Sep,140,30,20.0,60,80,165.1078507
518,0.969111969,Tangail,Kharif 1,25.0,70.0,Amra,Jun,Jun to Aug,Aug to Sep,502,30,20.0,60,80,129.8339874
16,6.75,Thakurgaon,Kharif 1,25.0,70.0,Amra,Jun,Jun to Aug,Aug to Sep,108,30,20.0,60,80,201.455828
0,,Bagerhat,Kharif 2,28.0,35.0,Arhar,Aug,Sep to Oct,Nov,0,30,26.0,20,50,228.0444716
64,0.265625,Bandarban,Kharif 2,28.0,35.0,Arhar,Aug,Sep to Oct,Nov,17,30,26.0,20,50,94.8849924
0,,Barguna,Kharif 2,28.0,35.0,Arhar,Aug,Sep to Oct,Nov,0,30,26.0,20,50,381.945812
0,,Barishal,Kharif 2,28.0,35.0,Arhar,Aug,Sep to Oct,Nov,0,30,26.0,20,50,78.74888342
0,,Bhola,Kharif 2,28.0,35.0,Arhar,Aug,Sep to Oct,Nov,0,30,26.0,20,50,216.6723033
6,0.333333333,Bogura,Kharif 2,28.0,35.0,Arhar,Aug,Sep to Oct,Nov,2,30,26.0,20,50,125.7972999
0,,Brahmanbaria,Kharif 2,28.0,35.0,Arhar,Aug,Sep to Oct,Nov,0,30,26.0,20,50,108.5135492
0,,Chandpur,Kharif 2,28.0,35.0,Arhar,Aug,Sep to Oct,Nov,0,30,26.0,20,50,143.7893168
50,0.38,Chapai Nawabganj,Kharif 2,28.0,35.0,Arhar,Aug,Sep to Oct,Nov,19,30,26.0,20,50,22.09157807
35,0.657142857,Chattogram,Kharif 2,28.0,35.0,Arhar,Aug,Sep to Oct,Nov,23,30,26.0,20,50,220.6590023
24,0.25,Chuadanga,Kharif 2,28.0,35.0,Arhar,Aug,Sep to Oct,Nov,6,30,26.0,20,50,42.65605925
2,2.0,CoxsBazar,Kharif 2,28.0,35.0,Arhar,Aug,Sep to Oct,Nov,4,30,26.0,20,50,119.1954097
2,0.0,Cumilla,Kharif 2,28.0,35.0,Arhar,Aug,Sep to Oct,Nov,0,30,26.0,20,50,97.52429534
0,,Dhaka,Kharif 2,28.0,35.0,Arhar,Aug,Sep to Oct,Nov,0,30,26.0,20,50,259.9559734
15,0.266666667,Dinajpur,Kharif 2,28.0,35.0,Arhar,Aug,Sep to Oct,Nov,4,30,26.0,20,50,223.688727
5,0.4,Faridpur,Kharif 2,28.0,35.0,Arhar,Aug,Sep to Oct,Nov,2,30,26.0,20,50,156.431727
11,0.181818182,Feni,Kharif 2,28.0,35.0,Arhar,Aug,Sep to Oct,Nov,2,30,26.0,20,50,96.4469949
49,0.591836735,Gaibandha,Kharif 2,28.0,35.0,Arhar,Aug,Sep to Oct,Nov,29,30,26.0,20,50,96.11656049
2,0.0,Gazipur,Kharif 2,28.0,35.0,Arhar,Aug,Sep to Oct,Nov,0,30,26.0,20,50,226.8351446
0,,Gopalganj,Kharif 2,28.0,35.0,Arhar,Aug,Sep to Oct,Nov,0,30,26.0,20,50,206.6527591
0,,Habiganj,Kharif 2,28.0,35.0,Arhar,Aug,Sep to Oct,Nov,0,30,26.0,20,50,232.9725026
8,0.25,Jamalpur,Kharif 2,28.0,35.0,Arhar,Aug,Sep to Oct,Nov,2,30,26.0,20,50,204.3545712
12,0.333333333,Jashore,Kharif 2,28.0,35.0,Arhar,Aug,Sep to Oct,Nov,4,30,26.0,20,50,124.8582989
0,,Jhallokati,Kharif 2,28.0,35.0,Arhar,Aug,Sep to Oct,Nov,0,30,26.0,20,50,182.2200456
0,,Jhenaidah,Kharif 2,28.0,35.0,Arhar,Aug,Sep to Oct,Nov,0,30,26.0,20,50,187.8629284
20,0.4,Joypurhat,Kharif 2,28.0,35.0,Arhar,Aug,Sep to Oct,Nov,8,30,26.0,20,50,288.3572962
29,0.310344828,Khagrachari,Kharif 2,28.0,35.0,Arhar,Aug,Sep to Oct,Nov,9,30,26.0,20,50,296.0339015
0,,Khulna,Kharif 2,28.0,35.0,Arhar,Aug,Sep to Oct,Nov,0,30,26.0,20,50,126.1836955
0,,Kishoreganj,Kharif 2,28.0,35.0,Arhar,Aug,Sep to Oct,Nov,0,30,26.0,20,50,200.6637147
61,0.295081967,Kurigram,Kharif 2,28.0,35.0,Arhar,Aug,Sep to Oct,Nov,18,30,26.0,20,50,28.29087224
91,0.472527473,Kushtia,Kharif 2,28.0,35.0,Arhar,Aug,Sep to Oct,Nov,43,30,26.0,20,50,114.4194732
14,0.142857143,Lakshmipur,Kharif 2,28.0,35.0,Arhar,Aug,Sep to Oct,Nov,2,30,26.0,20,50,206.6590431
7,0.142857143,Lalmonirhat,Kharif 2,28.0,35.0,Arhar,Aug,Sep to Oct,Nov,1,30,26.0,20,50,104.2487359
0,,Madaripur,Kharif 2,28.0,35.0,Arhar,Aug,Sep to Oct,Nov,0,30,26.0,20,50,83.533633
11,0.272727273,Magura,Kharif 2,28.0,35.0,Arhar,Aug,Sep to Oct,Nov,3,30,26.0,20,50,209.3797604
0,,Manikganj,Kharif 2,28.0,35.0,Arhar,Aug,Sep to Oct,Nov,0,30,26.0,20,50,213.3301859
16,0.375,Meherpur,Kharif 2,28.0,35.0,Arhar,Aug,Sep to Oct,Nov,6,30,26.0,20,50,287.975871
26,0.269230769,Moulvibazar,Kharif 2,28.0,35.0,Arhar,Aug,Sep to Oct,Nov,7,30,26.0,20,50,153.1636478
12,0.25,Munshiganj,Kharif 2,28.0,35.0,Arhar,Aug,Sep to Oct,Nov,3,30,26.0,20,50,117.3094019
0,,Mymensingh,Kharif 2,28.0,35.0,Arhar,Aug,Sep to Oct,Nov,0,30,26.0,20,50,51.70766785
132,0.416666667,Naogaon,Kharif 2,28.0,35.0,Arhar,Aug,Sep to Oct,Nov,55,30,26.0,20,50,238.8114299
0,,Narail,Kharif 2,28.0,35.0,Arhar,Aug,Sep to Oct,Nov,0,30,26.0,20,50,158.9186263
0,,Narayanganj,Kharif 2,28.0,35.0,Arhar,Aug,Sep to Oct,Nov,0,30,26.0,20,50,214.5248508
0,,Narsingdi,Kharif 2,28.0,35.0,Arhar,Aug,Sep to Oct,Nov,0,30,26.0,20,50,118.6553023
15,0.2,Natore,Kharif 2,28.0,35.0,Arhar,Aug,Sep to Oct,Nov,3,30,26.0,20,50,53.11310148
8,0.375,Netrokona,Kharif 2,28.0,35.0,Arhar,Aug,Sep to Oct,Nov,3,30,26.0,20,50,46.83379661
0,,Nilphamari,Kharif 2,28.0,35.0,Arhar,Aug,Sep to Oct,Nov,0,30,26.0,20,50,172.775343
40,0.25,Noakhali,Kharif 2,28.0,35.0,Arhar,Aug,Sep to Oct,Nov,10,30,26.0,20,50,139.7570127
7,0.714285714,Pabna,Kharif 2,28.0,35.0,Arhar,Aug,Sep to Oct,Nov,5,30,26.0,20,50,102.6804804
0,,Panchagar,Kharif 2,28.0,35.0,Arhar,Aug,Sep to Oct,Nov,0,30,26.0,20,50,136.9755723
0,,Patuakhali,Kharif 2,28.0,35.0,Arhar,Aug,Sep to Oct,Nov,0,30,26.0,20,50,199.7021398
0,,Pirojpur,Kharif 2,28.0,35.0,Arhar,Aug,Sep to Oct,Nov,0,30,26.0,20,50,35.86857993
33,0.272727273,Rajbari,Kharif 2,28.0,35.0,Arhar,Aug,Sep to Oct,Nov,9,30,26.0,20,50,157.9882498
6,0.166666667,Rajshahi,Kharif 2,28.0,35.0,Arhar,Aug,Sep to Oct,Nov,1,30,26.0,20,50,71.41407106
151,0.529801325,Rangamati,Kharif 2,28.0,35.0,Arhar,Aug,Sep to Oct,Nov,80,30,26.0,20,50,252.8673498
83,0.734939759,Rangpur,Kharif 2,28.0,35.0,Arhar,Aug,Sep to Oct,Nov,61,30,26.0,20,50,155.3241807
0,,Satkhira,Kharif 2,28.0,35.0,Arhar,Aug,Sep to Oct,Nov,0,30,26.0,20,50,147.719744
0,,Shariatpur,Kharif 2,28.0,35.0,Arhar,Aug,Sep to Oct,Nov,0,30,26.0,20,50,128.8882581
8,0.375,Sherpur,Kharif 2,28.0,35.0,Arhar,Aug,Sep to Oct,Nov,3,30,26.0,20,50,128.3881824
0,,Sirajganj,Kharif 2,28.0,35.0,Arhar,Aug,Sep to Oct,Nov,0,30,26.0,20,50,111.079484
0,,Sunamganj,Kharif 2,28.0,35.0,Arhar,Aug,Sep to Oct,Nov,0,30,26.0,20,50,238.6376848
0,,Sylhet,Kharif 2,28.0,35.0,Arhar,Aug,Sep to Oct,Nov,0,30,26.0,20,50,261.1020445
3,0.0,Tangail,Kharif 2,28.0,35.0,Arhar,Aug,Sep to Oct,Nov,0,30,26.0,20,50,205.8614989
40,0.35,Thakurgaon,Kharif 2,28.0,35.0,Arhar,Aug,Sep to Oct,Nov,14,30,26.0,20,50,154.1495709
14355,1.118843608,Bagerhat,Kharif 1,26.0,72.5,Aus,Mar,Apr to july,Aug,16061,40,12.0,60,85,147.5459538
30323,0.80681331,Bandarban,Kharif 1,26.0,72.5,Aus,Mar,Apr to july,Aug,24465,40,12.0,60,85,152.2290058
136821,1.023665958,Barguna,Kharif 1,26.0,72.5,Aus,Mar,Apr to july,Aug,140059,40,12.0,60,85,192.2592964
44719,0.756479349,Barishal,Kharif 1,26.0,72.5,Aus,Mar,Apr to july,Aug,33829,40,12.0,60,85,125.2278848
225181,0.784697643,Bhola,Kharif 1,26.0,72.5,Aus,Mar,Apr to july,Aug,176699,40,12.0,60,85,141.1117452
79878,0.979318461,Bogura,Kharif 1,26.0,72.5,Aus,Mar,Apr to july,Aug,78226,40,12.0,60,85,97.59009963
28171,1.044016897,Brahmanbaria,Kharif 1,26.0,72.5,Aus,Mar,Apr to july,Aug,29411,40,12.0,60,85,182.3840603
26157,1.04304775,Chandpur,Kharif 1,26.0,72.5,Aus,Mar,Apr to july,Aug,27283,40,12.0,60,85,99.0876376
112725,1.093138168,Chapai Nawabganj,Kharif 1,26.0,72.5,Aus,Mar,Apr to july,Aug,123224,40,12.0,60,85,176.2023541
87232,1.168241012,Chattogram,Kharif 1,26.0,72.5,Aus,Mar,Apr to july,Aug,101908,40,12.0,60,85,168.1092411
105578,1.08818125,Chuadanga,Kharif 1,26.0,72.5,Aus,Mar,Apr to july,Aug,114888,40,12.0,60,85,188.5461921
7479,1.064447119,CoxsBazar,Kharif 1,26.0,72.5,Aus,Mar,Apr to july,Aug,7961,40,12.0,60,85,133.0185087
194395,0.950940096,Cumilla,Kharif 1,26.0,72.5,Aus,Mar,Apr to july,Aug,184858,40,12.0,60,85,300.0572602
1454,0.790233838,Dhaka,Kharif 1,26.0,72.5,Aus,Mar,Apr to july,Aug,1149,40,12.0,60,85,172.1918507
28663,0.846980428,Dinajpur,Kharif 1,26.0,72.5,Aus,Mar,Apr to july,Aug,24277,40,12.0,60,85,131.7125455
21437,0.625693894,Faridpur,Kharif 1,26.0,72.5,Aus,Mar,Apr to july,Aug,13413,40,12.0,60,85,0.857648389
27313,0.894372643,Feni,Kharif 1,26.0,72.5,Aus,Mar,Apr to july,Aug,24428,40,12.0,60,85,185.1177316
34902,0.849607472,Gaibandha,Kharif 1,26.0,72.5,Aus,Mar,Apr to july,Aug,29653,40,12.0,60,85,80.68813432
3943,1.305351255,Gazipur,Kharif 1,26.0,72.5,Aus,Mar,Apr to july,Aug,5147,40,12.0,60,85,191.5150148
9664,1.432326159,Gopalganj,Kharif 1,26.0,72.5,Aus,Mar,Apr to july,Aug,13842,40,12.0,60,85,92.685137
191786,1.085219985,Habiganj,Kharif 1,26.0,72.5,Aus,Mar,Apr to july,Aug,208130,40,12.0,60,85,103.5607473
9975,0.917994988,Jamalpur,Kharif 1,26.0,72.5,Aus,Mar,Apr to july,Aug,9157,40,12.0,60,85,69.51464095
41981,1.262070937,Jashore,Kharif 1,26.0,72.5,Aus,Mar,Apr to july,Aug,52983,40,12.0,60,85,194.0208347
39679,1.070692306,Jhallokati,Kharif 1,26.0,72.5,Aus,Mar,Apr to july,Aug,42484,40,12.0,60,85,79.56677405
87423,1.223591046,Jhenaidah,Kharif 1,26.0,72.5,Aus,Mar,Apr to july,Aug,106970,40,12.0,60,85,98.26700199
1038,0.944123314,Joypurhat,Kharif 1,26.0,72.5,Aus,Mar,Apr to july,Aug,980,40,12.0,60,85,310.5156322
11154,1.009144701,Khagrachari,Kharif 1,26.0,72.5,Aus,Mar,Apr to july,Aug,11256,40,12.0,60,85,141.4709816
9017,0.548075857,Khulna,Kharif 1,26.0,72.5,Aus,Mar,Apr to july,Aug,4942,40,12.0,60,85,202.5057196
66014,1.050216621,Kishoreganj,Kharif 1,26.0,72.5,Aus,Mar,Apr to july,Aug,69329,40,12.0,60,85,168.1268987
16357,0.843797762,Kurigram,Kharif 1,26.0,72.5,Aus,Mar,Apr to july,Aug,13802,40,12.0,60,85,211.550297
67774,1.167424086,Kushtia,Kharif 1,26.0,72.5,Aus,Mar,Apr to july,Aug,79121,40,12.0,60,85,145.6983483
80238,0.885615295,Lakshmipur,Kharif 1,26.0,72.5,Aus,Mar,Apr to july,Aug,71060,40,12.0,60,85,101.1958487
27851,1.01267459,Lalmonirhat,Kharif 1,26.0,72.5,Aus,Mar,Apr to july,Aug,28204,40,12.0,60,85,159.8678735
4854,0.684796045,Madaripur,Kharif 1,26.0,72.5,Aus,Mar,Apr to july,Aug,3324,40,12.0,60,85,186.110248
14520,0.834917355,Magura,Kharif 1,26.0,72.5,Aus,Mar,Apr to july,Aug,12123,40,12.0,60,85,218.7608504
8158,0.854008335,Manikganj,Kharif 1,26.0,72.5,Aus,Mar,Apr to july,Aug,6967,40,12.0,60,85,80.67068971
51464,1.24450101,Meherpur,Kharif 1,26.0,72.5,Aus,Mar,Apr to july,Aug,64047,40,12.0,60,85,106.5679233
129959,1.211181988,Moulvibazar,Kharif 1,26.0,72.5,Aus,Mar,Apr to july,Aug,157404,40,12.0,60,85,146.1277701
447,0.897091723,Munshiganj,Kharif 1,26.0,72.5,Aus,Mar,Apr to july,Aug,401,40,12.0,60,85,89.46947156
58364,0.93506271,Mymensingh,Kharif 1,26.0,72.5,Aus,Mar,Apr to july,Aug,54574,40,12.0,60,85,214.1520157
158927,1.077677173,Naogaon,Kharif 1,26.0,72.5,Aus,Mar,Apr to july,Aug,171272,40,12.0,60,85,99.91228838
22828,0.839933415,Narail,Kharif 1,26.0,72.5,Aus,Mar,Apr to july,Aug,19174,40,12.0,60,85,164.5884675
6054,0.932606541,Narayanganj,Kharif 1,26.0,72.5,Aus,Mar,Apr to july,Aug,5646,40,12.0,60,85,64.22812958
3735,1.089959839,Narsingdi,Kharif 1,26.0,72.5,Aus,Mar,Apr to july,Aug,4071,40,12.0,60,85,220.979131
24015,1.151405372,Natore,Kharif 1,26.0,72.5,Aus,Mar,Apr to july,Aug,27651,40,12.0,60,85,178.5800765
3609,0.961485176,Netrokona,Kharif 1,26.0,72.5,Aus,Mar,Apr to july,Aug,3470,40,12.0,60,85,122.8203855
4312,0.826762523,Nilphamari,Kharif 1,26.0,72.5,Aus,Mar,Apr to july,Aug,3565,40,12.0,60,85,144.5930507
99075,0.868301792,Noakhali,Kharif 1,26.0,72.5,Aus,Mar,Apr to july,Aug,86027,40,12.0,60,85,308.7519957
59351,0.848073327,Pabna,Kharif 1,26.0,72.5,Aus,Mar,Apr to july,Aug,50334,40,12.0,60,85,198.7991048
6020,1.027408638,Panchagar,Kharif 1,26.0,72.5,Aus,Mar,Apr to july,Aug,6185,40,12.0,60,85,251.5768452
83287,1.017097506,Patuakhali,Kharif 1,26.0,72.5,Aus,Mar,Apr to july,Aug,84711,40,12.0,60,85,115.5510744
33909,0.948538736,Pirojpur,Kharif 1,26.0,72.5,Aus,Mar,Apr to july,Aug,32164,40,12.0,60,85,216.7020271
6411,0.699578849,Rajbari,Kharif 1,26.0,72.5,Aus,Mar,Apr to july,Aug,4485,40,12.0,60,85,237.4611631
108931,1.151600554,Rajshahi,Kharif 1,26.0,72.5,Aus,Mar,Apr to july,Aug,125445,40,12.0,60,85,151.1929186
14523,0.625972595,Rangamati,Kharif 1,26.0,72.5,Aus,Mar,Apr to july,Aug,9091,40,12.0,60,85,154.6634398
63967,1.11011928,Rangpur,Kharif 1,26.0,72.5,Aus,Mar,Apr to july,Aug,71011,40,12.0,60,85,101.1296439
19706,1.143306607,Satkhira,Kharif 1,26.0,72.5,Aus,Mar,Apr to july,Aug,22530,40,12.0,60,85,81.56462422
30842,0.983107451,Shariatpur,Kharif 1,26.0,72.5,Aus,Mar,Apr to july,Aug,30321,40,12.0,60,85,118.6192927
12847,0.948859656,Sherpur,Kharif 1,26.0,72.5,Aus,Mar,Apr to july,Aug,12190,40,12.0,60,85,129.1311115
25932,1.043884004,Sirajganj,Kharif 1,26.0,72.5,Aus,Mar,Apr to july,Aug,27070,40,12.0,60,85,219.934764
50522,1.088654448,Sunamganj,Kharif 1,26.0,72.5,Aus,Mar,Apr to july,Aug,55001,40,12.0,60,85,216.8272746
183424,1.07249324,Sylhet,Kharif 1,26.0,72.5,Aus,Mar,Apr to july,Aug,196721,40,12.0,60,85,49.9618096
2964,0.866734143,Tangail,Kharif 1,26.0,72.5,Aus,Mar,Apr to july,Aug,2569,40,12.0,60,85,143.4362456
61148,1.07875973,Thakurgaon,Kharif 1,26.0,72.5,Aus,Mar,Apr to july,Aug,65964,40,12.0,60,85,35.38392496
2077,4.158401541,Bagerhat,Rabi,25.0,80.0,Banana,Jan,Jan to Jan,Jan,8637,35,15.0,75,85,147.4659997
3830,4.812010444,Bandarban,Rabi,25.0,80.0,Banana,Jan,Jan to Jan,Jan,18430,35,15.0,75,85,141.629015
305,4.580327869,Barguna,Rabi,25.0,80.0,Banana,Jan,Jan to Jan,Jan,1397,35,15.0,75,85,179.3186287
1760,3.284659091,Barishal,Rabi,25.0,80.0,Banana,Jan,Jan to Jan,Jan,5781,35,15.0,75,85,79.90592886
563,3.621669627,Bhola,Rabi,25.0,80.0,Banana,Jan,Jan to Jan,Jan,2039,35,15.0,75,85,195.0756409
2572,7.9062986,Bogura,Rabi,25.0,80.0,Banana,Jan,Jan to Jan,Jan,20335,35,15.0,75,85,215.1878754
269,3.828996283,Brahmanbaria,Rabi,25.0,80.0,Banana,Jan,Jan to Jan,Jan,1030,35,15.0,75,85,46.0341098
990,5.182828283,Chandpur,Rabi,25.0,80.0,Banana,Jan,Jan to Jan,Jan,5131,35,15.0,75,85,187.3998364
419,8.102625298,Chapai Nawabganj,Rabi,25.0,80.0,Banana,Jan,Jan to Jan,Jan,3395,35,15.0,75,85,258.4393897
2961,4.901384667,Chattogram,Rabi,25.0,80.0,Banana,Jan,Jan to Jan,Jan,14513,35,15.0,75,85,197.9721672
1813,9.927744071,Chuadanga,Rabi,25.0,80.0,Banana,Jan,Jan to Jan,Jan,17999,35,15.0,75,85,170.1381456
854,2.710772834,CoxsBazar,Rabi,25.0,80.0,Banana,Jan,Jan to Jan,Jan,2315,35,15.0,75,85,135.0648608
849,4.628975265,Cumilla,Rabi,25.0,80.0,Banana,Jan,Jan to Jan,Jan,3930,35,15.0,75,85,72.21809105
588,6.930272109,Dhaka,Rabi,25.0,80.0,Banana,Jan,Jan to Jan,Jan,4075,35,15.0,75,85,113.866247
2772,10.43001443,Dinajpur,Rabi,25.0,80.0,Banana,Jan,Jan to Jan,Jan,28912,35,15.0,75,85,190.9191303
202,3.089108911,Faridpur,Rabi,25.0,80.0,Banana,Jan,Jan to Jan,Jan,624,35,15.0,75,85,99.63763401
483,4.461697723,Feni,Rabi,25.0,80.0,Banana,Jan,Jan to Jan,Jan,2155,35,15.0,75,85,130.3408172
3459,18.04191963,Gaibandha,Rabi,25.0,80.0,Banana,Jan,Jan to Jan,Jan,62407,35,15.0,75,85,162.5803641
1499,6.112741828,Gazipur,Rabi,25.0,80.0,Banana,Jan,Jan to Jan,Jan,9163,35,15.0,75,85,151.8278173
909,5.922992299,Gopalganj,Rabi,25.0,80.0,Banana,Jan,Jan to Jan,Jan,5384,35,15.0,75,85,73.38407382
279,2.777777778,Habiganj,Rabi,25.0,80.0,Banana,Jan,Jan to Jan,Jan,775,35,15.0,75,85,85.78396937
1324,5.530966767,Jamalpur,Rabi,25.0,80.0,Banana,Jan,Jan to Jan,Jan,7323,35,15.0,75,85,124.7386106
1973,5.144450076,Jashore,Rabi,25.0,80.0,Banana,Jan,Jan to Jan,Jan,10150,35,15.0,75,85,229.7845611
2910,3.264604811,Jhallokati,Rabi,25.0,80.0,Banana,Jan,Jan to Jan,Jan,9500,35,15.0,75,85,202.3938933
8152,6.176521099,Jhenaidah,Rabi,25.0,80.0,Banana,Jan,Jan to Jan,Jan,50351,35,15.0,75,85,192.247074
416,7.34375,Joypurhat,Rabi,25.0,80.0,Banana,Jan,Jan to Jan,Jan,3055,35,15.0,75,85,78.63491601
7462,3.610024122,Khagrachari,Rabi,25.0,80.0,Banana,Jan,Jan to Jan,Jan,26938,35,15.0,75,85,197.013406
305,16.79672131,Khulna,Rabi,25.0,80.0,Banana,Jan,Jan to Jan,Jan,5123,35,15.0,75,85,148.4428579
1536,7.524088542,Kishoreganj,Rabi,25.0,80.0,Banana,Jan,Jan to Jan,Jan,11557,35,15.0,75,85,134.9257855
520,10.18461538,Kurigram,Rabi,25.0,80.0,Banana,Jan,Jan to Jan,Jan,5296,35,15.0,75,85,254.0093512
1760,21.00113636,Kushtia,Rabi,25.0,80.0,Banana,Jan,Jan to Jan,Jan,36962,35,15.0,75,85,123.3923423
3250,3.825230769,Lakshmipur,Rabi,25.0,80.0,Banana,Jan,Jan to Jan,Jan,12432,35,15.0,75,85,96.04009012
277,10.83393502,Lalmonirhat,Rabi,25.0,80.0,Banana,Jan,Jan to Jan,Jan,3001,35,15.0,75,85,45.33893674
1584,7.698863636,Madaripur,Rabi,25.0,80.0,Banana,Jan,Jan to Jan,Jan,12195,35,15.0,75,85,228.6926123
563,26.32149201,Magura,Rabi,25.0,80.0,Banana,Jan,Jan to Jan,Jan,14819,35,15.0,75,85,255.9074816
601,3.271214642,Manikganj,Rabi,25.0,80.0,Banana,Jan,Jan to Jan,Jan,1966,35,15.0,75,85,220.24813
2432,15.37787829,Meherpur,Rabi,25.0,80.0,Banana,Jan,Jan to Jan,Jan,37399,35,15.0,75,85,172.63018
269,5.289962825,Moulvibazar,Rabi,25.0,80.0,Banana,Jan,Jan to Jan,Jan,1423,35,15.0,75,85,120.5813038
170,3.805882353,Munshiganj,Rabi,25.0,80.0,Banana,Jan,Jan to Jan,Jan,647,35,15.0,75,85,128.8655329
5325,6.798122066,Mymensingh,Rabi,25.0,80.0,Banana,Jan,Jan to Jan,Jan,36200,35,15.0,75,85,268.3201716
1631,8.50030656,Naogaon,Rabi,25.0,80.0,Banana,Jan,Jan to Jan,Jan,13864,35,15.0,75,85,141.5496788
638,6.887147335,Narail,Rabi,25.0,80.0,Banana,Jan,Jan to Jan,Jan,4394,35,15.0,75,85,108.2059054
195,5.128205128,Narayanganj,Rabi,25.0,80.0,Banana,Jan,Jan to Jan,Jan,1000,35,15.0,75,85,140.0692858
3677,6.819146043,Narsingdi,Rabi,25.0,80.0,Banana,Jan,Jan to Jan,Jan,25074,35,15.0,75,85,139.9423217
856,16.77570093,Natore,Rabi,25.0,80.0,Banana,Jan,Jan to Jan,Jan,14360,35,15.0,75,85,99.94246934
804,5.706467662,Netrokona,Rabi,25.0,80.0,Banana,Jan,Jan to Jan,Jan,4588,35,15.0,75,85,55.1830991
439,8.364464692,Nilphamari,Rabi,25.0,80.0,Banana,Jan,Jan to Jan,Jan,3672,35,15.0,75,85,221.263182
1212,2.882013201,Noakhali,Rabi,25.0,80.0,Banana,Jan,Jan to Jan,Jan,3493,35,15.0,75,85,259.4486222
756,7.35978836,Pabna,Rabi,25.0,80.0,Banana,Jan,Jan to Jan,Jan,5564,35,15.0,75,85,163.8717831
402,12.6119403,Panchagar,Rabi,25.0,80.0,Banana,Jan,Jan to Jan,Jan,5070,35,15.0,75,85,159.0736702
561,3.360071301,Patuakhali,Rabi,25.0,80.0,Banana,Jan,Jan to Jan,Jan,1885,35,15.0,75,85,0.0
2786,4.829145729,Pirojpur,Rabi,25.0,80.0,Banana,Jan,Jan to Jan,Jan,13454,35,15.0,75,85,152.1544697
1071,5.843137255,Rajbari,Rabi,25.0,80.0,Banana,Jan,Jan to Jan,Jan,6258,35,15.0,75,85,201.765511
4672,10.23587329,Rajshahi,Rabi,25.0,80.0,Banana,Jan,Jan to Jan,Jan,47822,35,15.0,75,85,39.81370822
9230,4.629902492,Rangamati,Rabi,25.0,80.0,Banana,Jan,Jan to Jan,Jan,42734,35,15.0,75,85,0.0
2321,5.618698837,Rangpur,Rabi,25.0,80.0,Banana,Jan,Jan to Jan,Jan,13041,35,15.0,75,85,127.238158
995,6.271356784,Satkhira,Rabi,25.0,80.0,Banana,Jan,Jan to Jan,Jan,6240,35,15.0,75,85,189.5016893
413,3.784503632,Shariatpur,Rabi,25.0,80.0,Banana,Jan,Jan to Jan,Jan,1563,35,15.0,75,85,238.9620329
623,5.585874799,Sherpur,Rabi,25.0,80.0,Banana,Jan,Jan to Jan,Jan,3480,35,15.0,75,85,108.8789216
583,7.468267581,Sirajganj,Rabi,25.0,80.0,Banana,Jan,Jan to Jan,Jan,4354,35,15.0,75,85,176.5702729
325,5.996923077,Sunamganj,Rabi,25.0,80.0,Banana,Jan,Jan to Jan,Jan,1949,35,15.0,75,85,182.5199569
855,3.907602339,Sylhet,Rabi,25.0,80.0,Banana,Jan,Jan to Jan,Jan,3341,35,15.0,75,85,240.5654895
11391,7.752962865,Tangail,Rabi,25.0,80.0,Banana,Jan,Jan to Jan,Jan,88314,35,15.0,75,85,93.8364751
1161,5.043066322,Thakurgaon,Rabi,25.0,80.0,Banana,Jan,Jan to Jan,Jan,5855,35,15.0,75,85,12.42923462
457,1.192560175,Bagerhat,Kharif 2,25.0,72.5,Barbati,Sep,Oct to Dec,Dec to Apr,545,30,20.0,60,85,117.0724606
318,1.301886792,Bandarban,Kharif 2,25.0,72.5,Barbati,Sep,Oct to Dec,Dec to Apr,414,30,20.0,60,85,193.563979
89,1.449438202,Barguna,Kharif 2,25.0,72.5,Barbati,Sep,Oct to Dec,Dec to Apr,129,30,20.0,60,85,101.8095819
325,1.347692308,Barishal,Kharif 2,25.0,72.5,Barbati,Sep,Oct to Dec,Dec to Apr,438,30,20.0,60,85,119.3113313
243,1.962962963,Bhola,Kharif 2,25.0,72.5,Barbati,Sep,Oct to Dec,Dec to Apr,477,30,20.0,60,85,140.8525697
296,2.043918919,Bogura,Kharif 2,25.0,72.5,Barbati,Sep,Oct to Dec,Dec to Apr,605,30,20.0,60,85,110.2914016
207,1.555555556,Brahmanbaria,Kharif 2,25.0,72.5,Barbati,Sep,Oct to Dec,Dec to Apr,322,30,20.0,60,85,266.7566327
82,0.646341463,Chandpur,Kharif 2,25.0,72.5,Barbati,Sep,Oct to Dec,Dec to Apr,53,30,20.0,60,85,223.8183892
85,1.117647059,Chapai Nawabganj,Kharif 2,25.0,72.5,Barbati,Sep,Oct to Dec,Dec to Apr,95,30,20.0,60,85,178.0666856
1497,1.936539746,Chattogram,Kharif 2,25.0,72.5,Barbati,Sep,Oct to Dec,Dec to Apr,2899,30,20.0,60,85,211.7112415
638,2.484326019,Chuadanga,Kharif 2,25.0,72.5,Barbati,Sep,Oct to Dec,Dec to Apr,1585,30,20.0,60,85,205.8614172
304,2.029605263,CoxsBazar,Kharif 2,25.0,72.5,Barbati,Sep,Oct to Dec,Dec to Apr,617,30,20.0,60,85,112.0352357
440,1.995454545,Cumilla,Kharif 2,25.0,72.5,Barbati,Sep,Oct to Dec,Dec to Apr,878,30,20.0,60,85,98.54186275
587,1.574105622,Dhaka,Kharif 2,25.0,72.5,Barbati,Sep,Oct to Dec,Dec to Apr,924,30,20.0,60,85,43.28810918
267,1.168539326,Dinajpur,Kharif 2,25.0,72.5,Barbati,Sep,Oct to Dec,Dec to Apr,312,30,20.0,60,85,188.9976623
241,1.564315353,Faridpur,Kharif 2,25.0,72.5,Barbati,Sep,Oct to Dec,Dec to Apr,377,30,20.0,60,85,71.64810709
115,1.07826087,Feni,Kharif 2,25.0,72.5,Barbati,Sep,Oct to Dec,Dec to Apr,124,30,20.0,60,85,229.0042492
153,1.209150327,Gaibandha,Kharif 2,25.0,72.5,Barbati,Sep,Oct to Dec,Dec to Apr,185,30,20.0,60,85,186.2207892
253,1.150197628,Gazipur,Kharif 2,25.0,72.5,Barbati,Sep,Oct to Dec,Dec to Apr,291,30,20.0,60,85,131.2584589
195,1.794871795,Gopalganj,Kharif 2,25.0,72.5,Barbati,Sep,Oct to Dec,Dec to Apr,350,30,20.0,60,85,212.215285
215,3.56744186,Habiganj,Kharif 2,25.0,72.5,Barbati,Sep,Oct to Dec,Dec to Apr,767,30,20.0,60,85,163.5548674
253,1.529644269,Jamalpur,Kharif 2,25.0,72.5,Barbati,Sep,Oct to Dec,Dec to Apr,387,30,20.0,60,85,78.77626492
590,2.462711864,Jashore,Kharif 2,25.0,72.5,Barbati,Sep,Oct to Dec,Dec to Apr,1453,30,20.0,60,85,56.96279364
180,1.033333333,Jhallokati,Kharif 2,25.0,72.5,Barbati,Sep,Oct to Dec,Dec to Apr,186,30,20.0,60,85,126.7592912
313,2.418530351,Jhenaidah,Kharif 2,25.0,72.5,Barbati,Sep,Oct to Dec,Dec to Apr,757,30,20.0,60,85,112.6445656
97,1.515463918,Joypurhat,Kharif 2,25.0,72.5,Barbati,Sep,Oct to Dec,Dec to Apr,147,30,20.0,60,85,137.6241609
971,2.276004119,Khagrachari,Kharif 2,25.0,72.5,Barbati,Sep,Oct to Dec,Dec to Apr,2210,30,20.0,60,85,239.1994123
292,1.410958904,Khulna,Kharif 2,25.0,72.5,Barbati,Sep,Oct to Dec,Dec to Apr,412,30,20.0,60,85,153.3272688
160,1.65625,Kishoreganj,Kharif 2,25.0,72.5,Barbati,Sep,Oct to Dec,Dec to Apr,265,30,20.0,60,85,96.21225931
218,1.458715596,Kurigram,Kharif 2,25.0,72.5,Barbati,Sep,Oct to Dec,Dec to Apr,318,30,20.0,60,85,147.6333893
185,3.794594595,Kushtia,Kharif 2,25.0,72.5,Barbati,Sep,Oct to Dec,Dec to Apr,702,30,20.0,60,85,132.1396251
161,2.254658385,Lakshmipur,Kharif 2,25.0,72.5,Barbati,Sep,Oct to Dec,Dec to Apr,363,30,20.0,60,85,214.9303521
163,1.190184049,Lalmonirhat,Kharif 2,25.0,72.5,Barbati,Sep,Oct to Dec,Dec to Apr,194,30,20.0,60,85,200.4210851
67,2.955223881,Madaripur,Kharif 2,25.0,72.5,Barbati,Sep,Oct to Dec,Dec to Apr,198,30,20.0,60,85,207.087494
59,2.237288136,Magura,Kharif 2,25.0,72.5,Barbati,Sep,Oct to Dec,Dec to Apr,132,30,20.0,60,85,154.6778295
194,1.458762887,Manikganj,Kharif 2,25.0,72.5,Barbati,Sep,Oct to Dec,Dec to Apr,283,30,20.0,60,85,169.8818236
102,5.284313725,Meherpur,Kharif 2,25.0,72.5,Barbati,Sep,Oct to Dec,Dec to Apr,539,30,20.0,60,85,153.8943949
355,2.490140845,Moulvibazar,Kharif 2,25.0,72.5,Barbati,Sep,Oct to Dec,Dec to Apr,884,30,20.0,60,85,86.74686791
100,1.68,Munshiganj,Kharif 2,25.0,72.5,Barbati,Sep,Oct to Dec,Dec to Apr,168,30,20.0,60,85,72.8558876
566,2.153710247,Mymensingh,Kharif 2,25.0,72.5,Barbati,Sep,Oct to Dec,Dec to Apr,1219,30,20.0,60,85,135.4877872
153,1.176470588,Naogaon,Kharif 2,25.0,72.5,Barbati,Sep,Oct to Dec,Dec to Apr,180,30,20.0,60,85,146.0565819
184,2.380434783,Narail,Kharif 2,25.0,72.5,Barbati,Sep,Oct to Dec,Dec to Apr,438,30,20.0,60,85,90.01079841
154,1.077922078,Narayanganj,Kharif 2,25.0,72.5,Barbati,Sep,Oct to Dec,Dec to Apr,166,30,20.0,60,85,84.4426357
289,1.588235294,Narsingdi,Kharif 2,25.0,72.5,Barbati,Sep,Oct to Dec,Dec to Apr,459,30,20.0,60,85,143.5289452
402,1.099502488,Natore,Kharif 2,25.0,72.5,Barbati,Sep,Oct to Dec,Dec to Apr,442,30,20.0,60,85,194.8145634
125,1.536,Netrokona,Kharif 2,25.0,72.5,Barbati,Sep,Oct to Dec,Dec to Apr,192,30,20.0,60,85,85.43178045
156,2.121794872,Nilphamari,Kharif 2,25.0,72.5,Barbati,Sep,Oct to Dec,Dec to Apr,331,30,20.0,60,85,206.896322
284,2.408450704,Noakhali,Kharif 2,25.0,72.5,Barbati,Sep,Oct to Dec,Dec to Apr,684,30,20.0,60,85,55.69430704
224,1.205357143,Pabna,Kharif 2,25.0,72.5,Barbati,Sep,Oct to Dec,Dec to Apr,270,30,20.0,60,85,163.9004032
373,3.222520107,Panchagar,Kharif 2,25.0,72.5,Barbati,Sep,Oct to Dec,Dec to Apr,1202,30,20.0,60,85,73.02341202
85,1.141176471,Patuakhali,Kharif 2,25.0,72.5,Barbati,Sep,Oct to Dec,Dec to Apr,97,30,20.0,60,85,195.7961206
143,1.132867133,Pirojpur,Kharif 2,25.0,72.5,Barbati,Sep,Oct to Dec,Dec to Apr,162,30,20.0,60,85,166.2508087
277,2.415162455,Rajbari,Kharif 2,25.0,72.5,Barbati,Sep,Oct to Dec,Dec to Apr,669,30,20.0,60,85,178.818472
245,3.281632653,Rajshahi,Kharif 2,25.0,72.5,Barbati,Sep,Oct to Dec,Dec to Apr,804,30,20.0,60,85,92.71496625
663,1.39668175,Rangamati,Kharif 2,25.0,72.5,Barbati,Sep,Oct to Dec,Dec to Apr,926,30,20.0,60,85,0.0
350,1.425714286,Rangpur,Kharif 2,25.0,72.5,Barbati,Sep,Oct to Dec,Dec to Apr,499,30,20.0,60,85,248.4183061
307,1.631921824,Satkhira,Kharif 2,25.0,72.5,Barbati,Sep,Oct to Dec,Dec to Apr,501,30,20.0,60,85,129.1182835
89,1.730337079,Shariatpur,Kharif 2,25.0,72.5,Barbati,Sep,Oct to Dec,Dec to Apr,154,30,20.0,60,85,124.6714434
140,1.514285714,Sherpur,Kharif 2,25.0,72.5,Barbati,Sep,Oct to Dec,Dec to Apr,212,30,20.0,60,85,125.6265306
125,1.52,Sirajganj,Kharif 2,25.0,72.5,Barbati,Sep,Oct to Dec,Dec to Apr,190,30,20.0,60,85,178.9671498
82,2.134146341,Sunamganj,Kharif 2,25.0,72.5,Barbati,Sep,Oct to Dec,Dec to Apr,175,30,20.0,60,85,68.83363854
409,1.860635697,Sylhet,Kharif 2,25.0,72.5,Barbati,Sep,Oct to Dec,Dec to Apr,761,30,20.0,60,85,108.4999405
213,1.469483568,Tangail,Kharif 2,25.0,72.5,Barbati,Sep,Oct to Dec,Dec to Apr,313,30,20.0,60,85,73.23223389
166,1.415662651,Thakurgaon,Kharif 2,25.0,72.5,Barbati,Sep,Oct to Dec,Dec to Apr,235,30,20.0,60,85,171.5543792
527,2.055028463,Bagerhat,Kharif 1,16.0,67.5,Beans,Jun,Jul to Nov,Nov to Apr,1083,22,10.0,60,75,155.1240788
566,1.768551237,Bandarban,Kharif 1,16.0,67.5,Beans,Jun,Jul to Nov,Nov to Apr,1001,22,10.0,60,75,152.0495598
231,1.45021645,Barguna,Kharif 1,16.0,67.5,Beans,Jun,Jul to Nov,Nov to Apr,335,22,10.0,60,75,84.46960189
576,2.057291667,Barishal,Kharif 1,16.0,67.5,Beans,Jun,Jul to Nov,Nov to Apr,1185,22,10.0,60,75,137.6792007
660,3.53030303,Bhola,Kharif 1,16.0,67.5,Beans,Jun,Jul to Nov,Nov to Apr,2330,22,10.0,60,75,181.1978029
1276,3.340909091,Bogura,Kharif 1,16.0,67.5,Beans,Jun,Jul to Nov,Nov to Apr,4263,22,10.0,60,75,123.9542155
932,2.579399142,Brahmanbaria,Kharif 1,16.0,67.5,Beans,Jun,Jul to Nov,Nov to Apr,2404,22,10.0,60,75,140.191274
724,3.128453039,Chandpur,Kharif 1,16.0,67.5,Beans,Jun,Jul to Nov,Nov to Apr,2265,22,10.0,60,75,224.7000298
231,2.186147186,Chapai Nawabganj,Kharif 1,16.0,67.5,Beans,Jun,Jul to Nov,Nov to Apr,505,22,10.0,60,75,138.5474262
3745,3.615220294,Chattogram,Kharif 1,16.0,67.5,Beans,Jun,Jul to Nov,Nov to Apr,13539,22,10.0,60,75,91.13181476
776,1.981958763,Chuadanga,Kharif 1,16.0,67.5,Beans,Jun,Jul to Nov,Nov to Apr,1538,22,10.0,60,75,197.5946007
605,2.631404959,CoxsBazar,Kharif 1,16.0,67.5,Beans,Jun,Jul to Nov,Nov to Apr,1592,22,10.0,60,75,112.5798295
1823,3.019199122,Cumilla,Kharif 1,16.0,67.5,Beans,Jun,Jul to Nov,Nov to Apr,5504,22,10.0,60,75,135.8045966
1416,3.037429379,Dhaka,Kharif 1,16.0,67.5,Beans,Jun,Jul to Nov,Nov to Apr,4301,22,10.0,60,75,273.7436416
635,1.88503937,Dinajpur,Kharif 1,16.0,67.5,Beans,Jun,Jul to Nov,Nov to Apr,1197,22,10.0,60,75,202.2500507
496,1.816532258,Faridpur,Kharif 1,16.0,67.5,Beans,Jun,Jul to Nov,Nov to Apr,901,22,10.0,60,75,238.4120477
319,1.639498433,Feni,Kharif 1,16.0,67.5,Beans,Jun,Jul to Nov,Nov to Apr,523,22,10.0,60,75,45.1198629
373,2.131367292,Gaibandha,Kharif 1,16.0,67.5,Beans,Jun,Jul to Nov,Nov to Apr,795,22,10.0,60,75,152.0390614
1129,1.568644818,Gazipur,Kharif 1,16.0,67.5,Beans,Jun,Jul to Nov,Nov to Apr,1771,22,10.0,60,75,185.4651733
331,2.607250755,Gopalganj,Kharif 1,16.0,67.5,Beans,Jun,Jul to Nov,Nov to Apr,863,22,10.0,60,75,209.344381
1426,3.512622721,Habiganj,Kharif 1,16.0,67.5,Beans,Jun,Jul to Nov,Nov to Apr,5009,22,10.0,60,75,34.2099566
1239,2.015334948,Jamalpur,Kharif 1,16.0,67.5,Beans,Jun,Jul to Nov,Nov to Apr,2497,22,10.0,60,75,80.95338832
2779,3.338611011,Jashore,Kharif 1,16.0,67.5,Beans,Jun,Jul to Nov,Nov to Apr,9278,22,10.0,60,75,245.1075264
709,1.696755994,Jhallokati,Kharif 1,16.0,67.5,Beans,Jun,Jul to Nov,Nov to Apr,1203,22,10.0,60,75,140.303477
1576,4.381979695,Jhenaidah,Kharif 1,16.0,67.5,Beans,Jun,Jul to Nov,Nov to Apr,6906,22,10.0,60,75,127.167533
219,3.03196347,Joypurhat,Kharif 1,16.0,67.5,Beans,Jun,Jul to Nov,Nov to Apr,664,22,10.0,60,75,228.4364436
728,2.129120879,Khagrachari,Kharif 1,16.0,67.5,Beans,Jun,Jul to Nov,Nov to Apr,1550,22,10.0,60,75,133.6029846
586,3.737201365,Khulna,Kharif 1,16.0,67.5,Beans,Jun,Jul to Nov,Nov to Apr,2190,22,10.0,60,75,215.8061423
1192,3.339765101,Kishoreganj,Kharif 1,16.0,67.5,Beans,Jun,Jul to Nov,Nov to Apr,3981,22,10.0,60,75,156.7565916
370,1.608108108,Kurigram,Kharif 1,16.0,67.5,Beans,Jun,Jul to Nov,Nov to Apr,595,22,10.0,60,75,173.0537165
669,2.92077728,Kushtia,Kharif 1,16.0,67.5,Beans,Jun,Jul to Nov,Nov to Apr,1954,22,10.0,60,75,269.6104046
769,1.357607282,Lakshmipur,Kharif 1,16.0,67.5,Beans,Jun,Jul to Nov,Nov to Apr,1044,22,10.0,60,75,200.8055252
251,2.6812749,Lalmonirhat,Kharif 1,16.0,67.5,Beans,Jun,Jul to Nov,Nov to Apr,673,22,10.0,60,75,207.8754837
325,3.135384615,Madaripur,Kharif 1,16.0,67.5,Beans,Jun,Jul to Nov,Nov to Apr,1019,22,10.0,60,75,182.3841838
186,3.413978495,Magura,Kharif 1,16.0,67.5,Beans,Jun,Jul to Nov,Nov to Apr,635,22,10.0,60,75,106.8653718
819,5.078144078,Manikganj,Kharif 1,16.0,67.5,Beans,Jun,Jul to Nov,Nov to Apr,4159,22,10.0,60,75,239.076653
669,8.476831091,Meherpur,Kharif 1,16.0,67.5,Beans,Jun,Jul to Nov,Nov to Apr,5671,22,10.0,60,75,110.3678876
449,2.902004454,Moulvibazar,Kharif 1,16.0,67.5,Beans,Jun,Jul to Nov,Nov to Apr,1303,22,10.0,60,75,270.0053939
551,1.843920145,Munshiganj,Kharif 1,16.0,67.5,Beans,Jun,Jul to Nov,Nov to Apr,1016,22,10.0,60,75,120.2221228
2127,2.968500235,Mymensingh,Kharif 1,16.0,67.5,Beans,Jun,Jul to Nov,Nov to Apr,6314,22,10.0,60,75,120.1811755
817,3.335373317,Naogaon,Kharif 1,16.0,67.5,Beans,Jun,Jul to Nov,Nov to Apr,2725,22,10.0,60,75,183.5515134
360,3.352777778,Narail,Kharif 1,16.0,67.5,Beans,Jun,Jul to Nov,Nov to Apr,1207,22,10.0,60,75,170.2373851
785,2.597452229,Narayanganj,Kharif 1,16.0,67.5,Beans,Jun,Jul to Nov,Nov to Apr,2039,22,10.0,60,75,200.3017913
2661,4.383690342,Narsingdi,Kharif 1,16.0,67.5,Beans,Jun,Jul to Nov,Nov to Apr,11665,22,10.0,60,75,166.8546885
560,2.371428571,Natore,Kharif 1,16.0,67.5,Beans,Jun,Jul to Nov,Nov to Apr,1328,22,10.0,60,75,142.5938984
595,2.645378151,Netrokona,Kharif 1,16.0,67.5,Beans,Jun,Jul to Nov,Nov to Apr,1574,22,10.0,60,75,142.0615334
400,2.9675,Nilphamari,Kharif 1,16.0,67.5,Beans,Jun,Jul to Nov,Nov to Apr,1187,22,10.0,60,75,121.4354263
1139,1.762949956,Noakhali,Kharif 1,16.0,67.5,Beans,Jun,Jul to Nov,Nov to Apr,2008,22,10.0,60,75,111.0087061
718,2.777158774,Pabna,Kharif 1,16.0,67.5,Beans,Jun,Jul to Nov,Nov to Apr,1994,22,10.0,60,75,264.4663806
463,2.98488121,Panchagar,Kharif 1,16.0,67.5,Beans,Jun,Jul to Nov,Nov to Apr,1382,22,10.0,60,75,208.4283186
187,0.909090909,Patuakhali,Kharif 1,16.0,67.5,Beans,Jun,Jul to Nov,Nov to Apr,170,22,10.0,60,75,302.287864
326,1.77607362,Pirojpur,Kharif 1,16.0,67.5,Beans,Jun,Jul to Nov,Nov to Apr,579,22,10.0,60,75,102.4946517
468,2.446581197,Rajbari,Kharif 1,16.0,67.5,Beans,Jun,Jul to Nov,Nov to Apr,1145,22,10.0,60,75,161.9840526
1097,3.835004558,Rajshahi,Kharif 1,16.0,67.5,Beans,Jun,Jul to Nov,Nov to Apr,4207,22,10.0,60,75,136.9615782
634,1.430599369,Rangamati,Kharif 1,16.0,67.5,Beans,Jun,Jul to Nov,Nov to Apr,907,22,10.0,60,75,255.7402001
544,1.709558824,Rangpur,Kharif 1,16.0,67.5,Beans,Jun,Jul to Nov,Nov to Apr,930,22,10.0,60,75,190.6545965
689,2.534107402,Satkhira,Kharif 1,16.0,67.5,Beans,Jun,Jul to Nov,Nov to Apr,1746,22,10.0,60,75,103.9726668
398,2.180904523,Shariatpur,Kharif 1,16.0,67.5,Beans,Jun,Jul to Nov,Nov to Apr,868,22,10.0,60,75,64.6802558
533,3.150093809,Sherpur,Kharif 1,16.0,67.5,Beans,Jun,Jul to Nov,Nov to Apr,1679,22,10.0,60,75,209.7447732
490,2.259183673,Sirajganj,Kharif 1,16.0,67.5,Beans,Jun,Jul to Nov,Nov to Apr,1107,22,10.0,60,75,188.6750923
1620,8.634567901,Sunamganj,Kharif 1,16.0,67.5,Beans,Jun,Jul to Nov,Nov to Apr,13988,22,10.0,60,75,306.6554213
2305,2.321475054,Sylhet,Kharif 1,16.0,67.5,Beans,Jun,Jul to Nov,Nov to Apr,5351,22,10.0,60,75,177.2176536
1887,1.815050344,Tangail,Kharif 1,16.0,67.5,Beans,Jun,Jul to Nov,Nov to Apr,3425,22,10.0,60,75,119.9621598
376,2.321808511,Thakurgaon,Kharif 1,16.0,67.5,Beans,Jun,Jul to Nov,Nov to Apr,873,22,10.0,60,75,45.53049002
4459,2.112805562,Bagerhat,Kharif 2,30.0,80.0,Betelnut,Jul,Aug to Jan,Jan to Mar,9421,35,25.0,70,90,181.3252817
131,1.618320611,Bandarban,Kharif 2,30.0,80.0,Betelnut,Jul,Aug to Jan,Jan to Mar,212,35,25.0,70,90,189.4214802
18624,0.068943299,Barguna,Kharif 2,30.0,80.0,Betelnut,Jul,Aug to Jan,Jan to Mar,1284,35,25.0,70,90,118.3897406
6424,0.440379826,Barishal,Kharif 2,30.0,80.0,Betelnut,Jul,Aug to Jan,Jan to Mar,2829,35,25.0,70,90,140.2900562
6031,1.975791743,Bhola,Kharif 2,30.0,80.0,Betelnut,Jul,Aug to Jan,Jan to Mar,11916,35,25.0,70,90,151.3585177
221,2.972850679,Bogura,Kharif 2,30.0,80.0,Betelnut,Jul,Aug to Jan,Jan to Mar,657,35,25.0,70,90,124.2060232
483,2.389233954,Brahmanbaria,Kharif 2,30.0,80.0,Betelnut,Jul,Aug to Jan,Jan to Mar,1154,35,25.0,70,90,193.7696227
614,4.319218241,Chandpur,Kharif 2,30.0,80.0,Betelnut,Jul,Aug to Jan,Jan to Mar,2652,35,25.0,70,90,89.26938613
12,1.75,Chapai Nawabganj,Kharif 2,30.0,80.0,Betelnut,Jul,Aug to Jan,Jan to Mar,21,35,25.0,70,90,147.4191493
1067,9.997188379,Chattogram,Kharif 2,30.0,80.0,Betelnut,Jul,Aug to Jan,Jan to Mar,10667,35,25.0,70,90,248.8743653
77,6.363636364,Chuadanga,Kharif 2,30.0,80.0,Betelnut,Jul,Aug to Jan,Jan to Mar,490,35,25.0,70,90,106.0704589
10171,5.466129191,CoxsBazar,Kharif 2,30.0,80.0,Betelnut,Jul,Aug to Jan,Jan to Mar,55596,35,25.0,70,90,65.24952954
466,3.418454936,Cumilla,Kharif 2,30.0,80.0,Betelnut,Jul,Aug to Jan,Jan to Mar,1593,35,25.0,70,90,243.8660546
255,3.925490196,Dhaka,Kharif 2,30.0,80.0,Betelnut,Jul,Aug to Jan,Jan to Mar,1001,35,25.0,70,90,81.61968074
154,6.350649351,Dinajpur,Kharif 2,30.0,80.0,Betelnut,Jul,Aug to Jan,Jan to Mar,978,35,25.0,70,90,182.0857699
177,4.615819209,Faridpur,Kharif 2,30.0,80.0,Betelnut,Jul,Aug to Jan,Jan to Mar,817,35,25.0,70,90,182.5220365
3289,0.61416844,Feni,Kharif 2,30.0,80.0,Betelnut,Jul,Aug to Jan,Jan to Mar,2020,35,25.0,70,90,0.0
864,5.047453704,Gaibandha,Kharif 2,30.0,80.0,Betelnut,Jul,Aug to Jan,Jan to Mar,4361,35,25.0,70,90,97.92296333
777,1.812097812,Gazipur,Kharif 2,30.0,80.0,Betelnut,Jul,Aug to Jan,Jan to Mar,1408,35,25.0,70,90,18.27126917
553,0.998191682,Gopalganj,Kharif 2,30.0,80.0,Betelnut,Jul,Aug to Jan,Jan to Mar,552,35,25.0,70,90,173.3714582
214,4.294392523,Habiganj,Kharif 2,30.0,80.0,Betelnut,Jul,Aug to Jan,Jan to Mar,919,35,25.0,70,90,283.5943433
1948,1.391170431,Jamalpur,Kharif 2,30.0,80.0,Betelnut,Jul,Aug to Jan,Jan to Mar,2710,35,25.0,70,90,105.0604033
1026,1.263157895,Jashore,Kharif 2,30.0,80.0,Betelnut,Jul,Aug to Jan,Jan to Mar,1296,35,25.0,70,90,231.2333459
1896,1.19092827,Jhallokati,Kharif 2,30.0,80.0,Betelnut,Jul,Aug to Jan,Jan to Mar,2258,35,25.0,70,90,162.6917836
296,2.138513514,Jhenaidah,Kharif 2,30.0,80.0,Betelnut,Jul,Aug to Jan,Jan to Mar,633,35,25.0,70,90,169.0571294
53,1.320754717,Joypurhat,Kharif 2,30.0,80.0,Betelnut,Jul,Aug to Jan,Jan to Mar,70,35,25.0,70,90,127.4175168
412,0.783980583,Khagrachari,Kharif 2,30.0,80.0,Betelnut,Jul,Aug to Jan,Jan to Mar,323,35,25.0,70,90,71.74477707
151,18.49006623,Khulna,Kharif 2,30.0,80.0,Betelnut,Jul,Aug to Jan,Jan to Mar,2792,35,25.0,70,90,96.39382066
569,1.9543058,Kishoreganj,Kharif 2,30.0,80.0,Betelnut,Jul,Aug to Jan,Jan to Mar,1112,35,25.0,70,90,108.9594244
2158,3.120481928,Kurigram,Kharif 2,30.0,80.0,Betelnut,Jul,Aug to Jan,Jan to Mar,6734,35,25.0,70,90,109.9703906
333,5.618618619,Kushtia,Kharif 2,30.0,80.0,Betelnut,Jul,Aug to Jan,Jan to Mar,1871,35,25.0,70,90,209.3829
13581,11.16154922,Lakshmipur,Kharif 2,30.0,80.0,Betelnut,Jul,Aug to Jan,Jan to Mar,151585,35,25.0,70,90,145.4001933
1026,2.248538012,Lalmonirhat,Kharif 2,30.0,80.0,Betelnut,Jul,Aug to Jan,Jan to Mar,2307,35,25.0,70,90,159.0817564
422,1.464454976,Madaripur,Kharif 2,30.0,80.0,Betelnut,Jul,Aug to Jan,Jan to Mar,618,35,25.0,70,90,74.98106003
317,1.694006309,Magura,Kharif 2,30.0,80.0,Betelnut,Jul,Aug to Jan,Jan to Mar,537,35,25.0,70,90,198.7033874
284,1.580985915,Manikganj,Kharif 2,30.0,80.0,Betelnut,Jul,Aug to Jan,Jan to Mar,449,35,25.0,70,90,109.7729714
70,0.971428571,Meherpur,Kharif 2,30.0,80.0,Betelnut,Jul,Aug to Jan,Jan to Mar,68,35,25.0,70,90,110.8152169
1292,2.0874613,Moulvibazar,Kharif 2,30.0,80.0,Betelnut,Jul,Aug to Jan,Jan to Mar,2697,35,25.0,70,90,181.7596082
80,3.0375,Munshiganj,Kharif 2,30.0,80.0,Betelnut,Jul,Aug to Jan,Jan to Mar,243,35,25.0,70,90,187.2835439
6075,1.135967078,Mymensingh,Kharif 2,30.0,80.0,Betelnut,Jul,Aug to Jan,Jan to Mar,6901,35,25.0,70,90,149.2189332
41,5.268292683,Naogaon,Kharif 2,30.0,80.0,Betelnut,Jul,Aug to Jan,Jan to Mar,216,35,25.0,70,90,207.6168393
858,4.632867133,Narail,Kharif 2,30.0,80.0,Betelnut,Jul,Aug to Jan,Jan to Mar,3975,35,25.0,70,90,46.89458951
53,2.641509434,Narayanganj,Kharif 2,30.0,80.0,Betelnut,Jul,Aug to Jan,Jan to Mar,140,35,25.0,70,90,57.9483265
80,3.6875,Narsingdi,Kharif 2,30.0,80.0,Betelnut,Jul,Aug to Jan,Jan to Mar,295,35,25.0,70,90,182.2201963
431,6.041763341,Natore,Kharif 2,30.0,80.0,Betelnut,Jul,Aug to Jan,Jan to Mar,2604,35,25.0,70,90,248.9990738
5734,0.303278689,Netrokona,Kharif 2,30.0,80.0,Betelnut,Jul,Aug to Jan,Jan to Mar,1739,35,25.0,70,90,105.479524
387,6.227390181,Nilphamari,Kharif 2,30.0,80.0,Betelnut,Jul,Aug to Jan,Jan to Mar,2410,35,25.0,70,90,177.8694888
1709,2.330602692,Noakhali,Kharif 2,30.0,80.0,Betelnut,Jul,Aug to Jan,Jan to Mar,3983,35,25.0,70,90,43.29825849
176,6.590909091,Pabna,Kharif 2,30.0,80.0,Betelnut,Jul,Aug to Jan,Jan to Mar,1160,35,25.0,70,90,137.7531845
576,5.489583333,Panchagar,Kharif 2,30.0,80.0,Betelnut,Jul,Aug to Jan,Jan to Mar,3162,35,25.0,70,90,127.2436125
3284,0.789890378,Patuakhali,Kharif 2,30.0,80.0,Betelnut,Jul,Aug to Jan,Jan to Mar,2594,35,25.0,70,90,201.2608239
6776,0.922077922,Pirojpur,Kharif 2,30.0,80.0,Betelnut,Jul,Aug to Jan,Jan to Mar,6248,35,25.0,70,90,178.4806903
801,2.825218477,Rajbari,Kharif 2,30.0,80.0,Betelnut,Jul,Aug to Jan,Jan to Mar,2263,35,25.0,70,90,64.76128238
161,5.590062112,Rajshahi,Kharif 2,30.0,80.0,Betelnut,Jul,Aug to Jan,Jan to Mar,900,35,25.0,70,90,128.7555058
307,2.035830619,Rangamati,Kharif 2,30.0,80.0,Betelnut,Jul,Aug to Jan,Jan to Mar,625,35,25.0,70,90,156.199572
540,4.259259259,Rangpur,Kharif 2,30.0,80.0,Betelnut,Jul,Aug to Jan,Jan to Mar,2300,35,25.0,70,90,100.4451374
830,1.356626506,Satkhira,Kharif 2,30.0,80.0,Betelnut,Jul,Aug to Jan,Jan to Mar,1126,35,25.0,70,90,47.06856392
344,3.808139535,Shariatpur,Kharif 2,30.0,80.0,Betelnut,Jul,Aug to Jan,Jan to Mar,1310,35,25.0,70,90,218.4499612
1466,1.399727149,Sherpur,Kharif 2,30.0,80.0,Betelnut,Jul,Aug to Jan,Jan to Mar,2052,35,25.0,70,90,5.992711198
75,2.866666667,Sirajganj,Kharif 2,30.0,80.0,Betelnut,Jul,Aug to Jan,Jan to Mar,215,35,25.0,70,90,174.2182028
515,2.586407767,Sunamganj,Kharif 2,30.0,80.0,Betelnut,Jul,Aug to Jan,Jan to Mar,1332,35,25.0,70,90,93.59835247
2319,3.110823631,Sylhet,Kharif 2,30.0,80.0,Betelnut,Jul,Aug to Jan,Jan to Mar,7214,35,25.0,70,90,128.2056995
598,3.413043478,Tangail,Kharif 2,30.0,80.0,Betelnut,Jul,Aug to Jan,Jan to Mar,2041,35,25.0,70,90,11.82706518
40,2.925,Thakurgaon,Kharif 2,30.0,80.0,Betelnut,Jul,Aug to Jan,Jan to Mar,117,35,25.0,70,90,78.37564362
35,11.02857143,Bagerhat,Kharif 2,25.0,70.0,Black Berry,Jun,Jul to Aug,Jun to Sep,386,30,20.0,65,75,200.9660806
27,10.25925926,Bandarban,Kharif 2,25.0,70.0,Black Berry,Jun,Jul to Aug,Jun to Sep,277,30,20.0,65,75,156.9175748
186,0.956989247,Barguna,Kharif 2,25.0,70.0,Black Berry,Jun,Jul to Aug,Jun to Sep,178,30,20.0,65,75,89.6929738
506,1.62055336,Barishal,Kharif 2,25.0,70.0,Black Berry,Jun,Jul to Aug,Jun to Sep,820,30,20.0,65,75,219.7700814
69,4.130434783,Bhola,Kharif 2,25.0,70.0,Black Berry,Jun,Jul to Aug,Jun to Sep,285,30,20.0,65,75,121.8886849
170,10.02352941,Bogura,Kharif 2,25.0,70.0,Black Berry,Jun,Jul to Aug,Jun to Sep,1704,30,20.0,65,75,152.2035112
274,3.386861314,Brahmanbaria,Kharif 2,25.0,70.0,Black Berry,Jun,Jul to Aug,Jun to Sep,928,30,20.0,65,75,199.3556206
68,7.367647059,Chandpur,Kharif 2,25.0,70.0,Black Berry,Jun,Jul to Aug,Jun to Sep,501,30,20.0,65,75,172.997118
70,1.5,Chapai Nawabganj,Kharif 2,25.0,70.0,Black Berry,Jun,Jul to Aug,Jun to Sep,105,30,20.0,65,75,43.7182513
464,3.060344828,Chattogram,Kharif 2,25.0,70.0,Black Berry,Jun,Jul to Aug,Jun to Sep,1420,30,20.0,65,75,126.2497195
52,2.307692308,Chuadanga,Kharif 2,25.0,70.0,Black Berry,Jun,Jul to Aug,Jun to Sep,120,30,20.0,65,75,240.1210164
57,14.94736842,CoxsBazar,Kharif 2,25.0,70.0,Black Berry,Jun,Jul to Aug,Jun to Sep,852,30,20.0,65,75,213.6229204
469,3.268656716,Cumilla,Kharif 2,25.0,70.0,Black Berry,Jun,Jul to Aug,Jun to Sep,1533,30,20.0,65,75,131.0522335
19,8.578947368,Dhaka,Kharif 2,25.0,70.0,Black Berry,Jun,Jul to Aug,Jun to Sep,163,30,20.0,65,75,132.0327845
111,5.171171171,Dinajpur,Kharif 2,25.0,70.0,Black Berry,Jun,Jul to Aug,Jun to Sep,574,30,20.0,65,75,150.741688
193,3.523316062,Faridpur,Kharif 2,25.0,70.0,Black Berry,Jun,Jul to Aug,Jun to Sep,680,30,20.0,65,75,217.5999404
172,1.459302326,Feni,Kharif 2,25.0,70.0,Black Berry,Jun,Jul to Aug,Jun to Sep,251,30,20.0,65,75,168.33797
89,3.449438202,Gaibandha,Kharif 2,25.0,70.0,Black Berry,Jun,Jul to Aug,Jun to Sep,307,30,20.0,65,75,328.9087695
150,2.62,Gazipur,Kharif 2,25.0,70.0,Black Berry,Jun,Jul to Aug,Jun to Sep,393,30,20.0,65,75,148.7967934
91,4.417582418,Gopalganj,Kharif 2,25.0,70.0,Black Berry,Jun,Jul to Aug,Jun to Sep,402,30,20.0,65,75,61.62904065
688,1.956395349,Habiganj,Kharif 2,25.0,70.0,Black Berry,Jun,Jul to Aug,Jun to Sep,1346,30,20.0,65,75,98.08155478
774,2.759689922,Jamalpur,Kharif 2,25.0,70.0,Black Berry,Jun,Jul to Aug,Jun to Sep,2136,30,20.0,65,75,161.4638249
265,3.403773585,Jashore,Kharif 2,25.0,70.0,Black Berry,Jun,Jul to Aug,Jun to Sep,902,30,20.0,65,75,199.0210927
166,0.530120482,Jhallokati,Kharif 2,25.0,70.0,Black Berry,Jun,Jul to Aug,Jun to Sep,88,30,20.0,65,75,222.240493
147,10.26530612,Jhenaidah,Kharif 2,25.0,70.0,Black Berry,Jun,Jul to Aug,Jun to Sep,1509,30,20.0,65,75,130.523244
67,7.402985075,Joypurhat,Kharif 2,25.0,70.0,Black Berry,Jun,Jul to Aug,Jun to Sep,496,30,20.0,65,75,93.49467434
394,1.875634518,Khagrachari,Kharif 2,25.0,70.0,Black Berry,Jun,Jul to Aug,Jun to Sep,739,30,20.0,65,75,74.24409877
96,3.270833333,Khulna,Kharif 2,25.0,70.0,Black Berry,Jun,Jul to Aug,Jun to Sep,314,30,20.0,65,75,198.483421
239,5.410041841,Kishoreganj,Kharif 2,25.0,70.0,Black Berry,Jun,Jul to Aug,Jun to Sep,1293,30,20.0,65,75,232.2144147
191,8.188481675,Kurigram,Kharif 2,25.0,70.0,Black Berry,Jun,Jul to Aug,Jun to Sep,1564,30,20.0,65,75,243.7425254
1037,7.136933462,Kushtia,Kharif 2,25.0,70.0,Black Berry,Jun,Jul to Aug,Jun to Sep,7401,30,20.0,65,75,298.6330818
27,6.0,Lakshmipur,Kharif 2,25.0,70.0,Black Berry,Jun,Jul to Aug,Jun to Sep,162,30,20.0,65,75,226.4172263
37,4.837837838,Lalmonirhat,Kharif 2,25.0,70.0,Black Berry,Jun,Jul to Aug,Jun to Sep,179,30,20.0,65,75,0.0
146,3.630136986,Madaripur,Kharif 2,25.0,70.0,Black Berry,Jun,Jul to Aug,Jun to Sep,530,30,20.0,65,75,119.5202627
161,4.074534161,Magura,Kharif 2,25.0,70.0,Black Berry,Jun,Jul to Aug,Jun to Sep,656,30,20.0,65,75,269.4791614
188,1.734042553,Manikganj,Kharif 2,25.0,70.0,Black Berry,Jun,Jul to Aug,Jun to Sep,326,30,20.0,65,75,204.8195508
102,2.215686275,Meherpur,Kharif 2,25.0,70.0,Black Berry,Jun,Jul to Aug,Jun to Sep,226,30,20.0,65,75,139.6633048
102,4.333333333,Moulvibazar,Kharif 2,25.0,70.0,Black Berry,Jun,Jul to Aug,Jun to Sep,442,30,20.0,65,75,121.4790158
16,6.5625,Munshiganj,Kharif 2,25.0,70.0,Black Berry,Jun,Jul to Aug,Jun to Sep,105,30,20.0,65,75,154.6576123
1225,3.000816327,Mymensingh,Kharif 2,25.0,70.0,Black Berry,Jun,Jul to Aug,Jun to Sep,3676,30,20.0,65,75,92.31984274
130,3.753846154,Naogaon,Kharif 2,25.0,70.0,Black Berry,Jun,Jul to Aug,Jun to Sep,488,30,20.0,65,75,60.25921807
80,2.8375,Narail,Kharif 2,25.0,70.0,Black Berry,Jun,Jul to Aug,Jun to Sep,227,30,20.0,65,75,130.0185598
10,12.2,Narayanganj,Kharif 2,25.0,70.0,Black Berry,Jun,Jul to Aug,Jun to Sep,122,30,20.0,65,75,113.7486335
39,13.07692308,Narsingdi,Kharif 2,25.0,70.0,Black Berry,Jun,Jul to Aug,Jun to Sep,510,30,20.0,65,75,97.06317055
217,8.516129032,Natore,Kharif 2,25.0,70.0,Black Berry,Jun,Jul to Aug,Jun to Sep,1848,30,20.0,65,75,112.593046
526,3.899239544,Netrokona,Kharif 2,25.0,70.0,Black Berry,Jun,Jul to Aug,Jun to Sep,2051,30,20.0,65,75,82.95513211
62,9.774193548,Nilphamari,Kharif 2,25.0,70.0,Black Berry,Jun,Jul to Aug,Jun to Sep,606,30,20.0,65,75,214.0876518
51,2.274509804,Noakhali,Kharif 2,25.0,70.0,Black Berry,Jun,Jul to Aug,Jun to Sep,116,30,20.0,65,75,196.3010319
196,4.219387755,Pabna,Kharif 2,25.0,70.0,Black Berry,Jun,Jul to Aug,Jun to Sep,827,30,20.0,65,75,109.3114681
78,6.346153846,Panchagar,Kharif 2,25.0,70.0,Black Berry,Jun,Jul to Aug,Jun to Sep,495,30,20.0,65,75,211.2889206
144,1.354166667,Patuakhali,Kharif 2,25.0,70.0,Black Berry,Jun,Jul to Aug,Jun to Sep,195,30,20.0,65,75,123.9389875
75,1.266666667,Pirojpur,Kharif 2,25.0,70.0,Black Berry,Jun,Jul to Aug,Jun to Sep,95,30,20.0,65,75,203.795134
258,11.76744186,Rajbari,Kharif 2,25.0,70.0,Black Berry,Jun,Jul to Aug,Jun to Sep,3036,30,20.0,65,75,236.8304936
138,4.101449275,Rajshahi,Kharif 2,25.0,70.0,Black Berry,Jun,Jul to Aug,Jun to Sep,566,30,20.0,65,75,274.8038855
374,1.454545455,Rangamati,Kharif 2,25.0,70.0,Black Berry,Jun,Jul to Aug,Jun to Sep,544,30,20.0,65,75,42.69388511
52,16.23076923,Rangpur,Kharif 2,25.0,70.0,Black Berry,Jun,Jul to Aug,Jun to Sep,844,30,20.0,65,75,204.6917946
561,3.251336898,Satkhira,Kharif 2,25.0,70.0,Black Berry,Jun,Jul to Aug,Jun to Sep,1824,30,20.0,65,75,192.9402414
164,2.445121951,Shariatpur,Kharif 2,25.0,70.0,Black Berry,Jun,Jul to Aug,Jun to Sep,401,30,20.0,65,75,149.0710838
237,3.383966245,Sherpur,Kharif 2,25.0,70.0,Black Berry,Jun,Jul to Aug,Jun to Sep,802,30,20.0,65,75,217.4070257
56,10.75,Sirajganj,Kharif 2,25.0,70.0,Black Berry,Jun,Jul to Aug,Jun to Sep,602,30,20.0,65,75,154.3274058
453,7.545253863,Sunamganj,Kharif 2,25.0,70.0,Black Berry,Jun,Jul to Aug,Jun to Sep,3418,30,20.0,65,75,149.1738226
361,0.811634349,Sylhet,Kharif 2,25.0,70.0,Black Berry,Jun,Jul to Aug,Jun to Sep,293,30,20.0,65,75,161.8400358
80,6.3875,Tangail,Kharif 2,25.0,70.0,Black Berry,Jun,Jul to Aug,Jun to Sep,511,30,20.0,65,75,204.9833765
46,11.06521739,Thakurgaon,Kharif 2,25.0,70.0,Black Berry,Jun,Jul to Aug,Jun to Sep,509,30,20.0,65,75,207.3618403
145439,1.847881242,Bagerhat,Rabi,26.0,72.5,Boro,Nov,Dec to Mar,Apr,268754,40,12.0,60,85,93.66552273
15427,1.563233292,Bandarban,Rabi,26.0,72.5,Boro,Nov,Dec to Mar,Apr,24116,40,12.0,60,85,0.0
17220,1.317073171,Barguna,Rabi,26.0,72.5,Boro,Nov,Dec to Mar,Apr,22680,40,12.0,60,85,143.3714339
130120,1.61278051,Barishal,Rabi,26.0,72.5,Boro,Nov,Dec to Mar,Apr,209855,40,12.0,60,85,181.3874382
93653,1.548791817,Bhola,Rabi,26.0,72.5,Boro,Nov,Dec to Mar,Apr,145049,40,12.0,60,85,79.87348969
457983,1.571584535,Bogura,Rabi,26.0,72.5,Boro,Nov,Dec to Mar,Apr,719759,40,12.0,60,85,160.4720002
276814,1.86520913,Brahmanbaria,Rabi,26.0,72.5,Boro,Nov,Dec to Mar,Apr,516316,40,12.0,60,85,205.3274672
150393,1.659046631,Chandpur,Rabi,26.0,72.5,Boro,Nov,Dec to Mar,Apr,249509,40,12.0,60,85,177.3377772
118339,1.802803809,Chapai Nawabganj,Rabi,26.0,72.5,Boro,Nov,Dec to Mar,Apr,213342,40,12.0,60,85,109.0418034
155621,1.620880215,Chattogram,Rabi,26.0,72.5,Boro,Nov,Dec to Mar,Apr,252243,40,12.0,60,85,240.6247138
82100,1.524445798,Chuadanga,Rabi,26.0,72.5,Boro,Nov,Dec to Mar,Apr,125157,40,12.0,60,85,91.40242729
128735,1.600504913,CoxsBazar,Rabi,26.0,72.5,Boro,Nov,Dec to Mar,Apr,206041,40,12.0,60,85,293.8243803
369206,1.784729934,Cumilla,Rabi,26.0,72.5,Boro,Nov,Dec to Mar,Apr,658933,40,12.0,60,85,183.779718
110401,1.864394344,Dhaka,Rabi,26.0,72.5,Boro,Nov,Dec to Mar,Apr,205831,40,12.0,60,85,112.87919
429961,1.655352462,Dinajpur,Rabi,26.0,72.5,Boro,Nov,Dec to Mar,Apr,711737,40,12.0,60,85,76.54616558
56903,1.868056166,Faridpur,Rabi,26.0,72.5,Boro,Nov,Dec to Mar,Apr,106298,40,12.0,60,85,111.2686139
66737,1.47762111,Feni,Rabi,26.0,72.5,Boro,Nov,Dec to Mar,Apr,98612,40,12.0,60,85,91.42132099
321264,1.630549953,Gaibandha,Rabi,26.0,72.5,Boro,Nov,Dec to Mar,Apr,523837,40,12.0,60,85,151.2157289
146748,1.755812686,Gazipur,Rabi,26.0,72.5,Boro,Nov,Dec to Mar,Apr,257662,40,12.0,60,85,150.9098256
183726,1.994410154,Gopalganj,Rabi,26.0,72.5,Boro,Nov,Dec to Mar,Apr,366425,40,12.0,60,85,77.54917554
295677,1.479824268,Habiganj,Rabi,26.0,72.5,Boro,Nov,Dec to Mar,Apr,437550,40,12.0,60,85,164.9204548
322186,1.711852781,Jamalpur,Rabi,26.0,72.5,Boro,Nov,Dec to Mar,Apr,551535,40,12.0,60,85,42.65462644
388502,1.809630324,Jashore,Rabi,26.0,72.5,Boro,Nov,Dec to Mar,Apr,703045,40,12.0,60,85,258.1827302
26405,1.516265859,Jhallokati,Rabi,26.0,72.5,Boro,Nov,Dec to Mar,Apr,40037,40,12.0,60,85,138.233843
197602,1.720068623,Jhenaidah,Rabi,26.0,72.5,Boro,Nov,Dec to Mar,Apr,339889,40,12.0,60,85,232.5303373
169581,1.645367111,Joypurhat,Rabi,26.0,72.5,Boro,Nov,Dec to Mar,Apr,279023,40,12.0,60,85,199.858813
26856,1.548555258,Khagrachari,Rabi,26.0,72.5,Boro,Nov,Dec to Mar,Apr,41588,40,12.0,60,85,120.2571656
142077,1.712261661,Khulna,Rabi,26.0,72.5,Boro,Nov,Dec to Mar,Apr,243273,40,12.0,60,85,261.4646903
403798,1.720010996,Kishoreganj,Rabi,26.0,72.5,Boro,Nov,Dec to Mar,Apr,694537,40,12.0,60,85,219.9661949
276736,1.607156279,Kurigram,Rabi,26.0,72.5,Boro,Nov,Dec to Mar,Apr,444758,40,12.0,60,85,182.3764342
86620,1.725202032,Kushtia,Rabi,26.0,72.5,Boro,Nov,Dec to Mar,Apr,149437,40,12.0,60,85,84.0311293
76552,1.571219563,Lakshmipur,Rabi,26.0,72.5,Boro,Nov,Dec to Mar,Apr,120280,40,12.0,60,85,215.0660186
114112,1.681689919,Lalmonirhat,Rabi,26.0,72.5,Boro,Nov,Dec to Mar,Apr,191901,40,12.0,60,85,4.381045952
80650,1.722083075,Madaripur,Rabi,26.0,72.5,Boro,Nov,Dec to Mar,Apr,138886,40,12.0,60,85,136.2347742
86301,1.535497851,Magura,Rabi,26.0,72.5,Boro,Nov,Dec to Mar,Apr,132515,40,12.0,60,85,95.94875188
118316,1.956793671,Manikganj,Rabi,26.0,72.5,Boro,Nov,Dec to Mar,Apr,231520,40,12.0,60,85,181.1567161
47938,1.607493012,Meherpur,Rabi,26.0,72.5,Boro,Nov,Dec to Mar,Apr,77060,40,12.0,60,85,161.3066615
138015,1.312603702,Moulvibazar,Rabi,26.0,72.5,Boro,Nov,Dec to Mar,Apr,181159,40,12.0,60,85,7.112154426
56700,1.787407407,Munshiganj,Rabi,26.0,72.5,Boro,Nov,Dec to Mar,Apr,101346,40,12.0,60,85,131.7688722
645176,1.669687031,Mymensingh,Rabi,26.0,72.5,Boro,Nov,Dec to Mar,Apr,1077242,40,12.0,60,85,125.7868231
458122,1.787063271,Naogaon,Rabi,26.0,72.5,Boro,Nov,Dec to Mar,Apr,818693,40,12.0,60,85,62.75085745
116842,1.849668783,Narail,Rabi,26.0,72.5,Boro,Nov,Dec to Mar,Apr,216119,40,12.0,60,85,65.01326023
49627,1.741431076,Narayanganj,Rabi,26.0,72.5,Boro,Nov,Dec to Mar,Apr,86422,40,12.0,60,85,163.0904621
132083,1.603143478,Narsingdi,Rabi,26.0,72.5,Boro,Nov,Dec to Mar,Apr,211748,40,12.0,60,85,77.58219732
148250,1.742569983,Natore,Rabi,26.0,72.5,Boro,Nov,Dec to Mar,Apr,258336,40,12.0,60,85,224.9410827
449438,1.668539376,Netrokona,Rabi,26.0,72.5,Boro,Nov,Dec to Mar,Apr,749905,40,12.0,60,85,129.7450573
204505,1.762934892,Nilphamari,Rabi,26.0,72.5,Boro,Nov,Dec to Mar,Apr,360529,40,12.0,60,85,240.2108778
166632,1.874573911,Noakhali,Rabi,26.0,72.5,Boro,Nov,Dec to Mar,Apr,312364,40,12.0,60,85,221.4729153
134501,1.747830871,Pabna,Rabi,26.0,72.5,Boro,Nov,Dec to Mar,Apr,235085,40,12.0,60,85,85.82164138
77506,1.550641241,Panchagar,Rabi,26.0,72.5,Boro,Nov,Dec to Mar,Apr,120184,40,12.0,60,85,200.7851114
2655,1.324670433,Patuakhali,Rabi,26.0,72.5,Boro,Nov,Dec to Mar,Apr,3517,40,12.0,60,85,146.4351453
56336,1.710469327,Pirojpur,Rabi,26.0,72.5,Boro,Nov,Dec to Mar,Apr,96361,40,12.0,60,85,71.37260272
32310,1.71999381,Rajbari,Rabi,26.0,72.5,Boro,Nov,Dec to Mar,Apr,55573,40,12.0,60,85,67.67834829
161465,1.643080544,Rajshahi,Rabi,26.0,72.5,Boro,Nov,Dec to Mar,Apr,265300,40,12.0,60,85,180.8668713
17437,1.615816941,Rangamati,Rabi,26.0,72.5,Boro,Nov,Dec to Mar,Apr,28175,40,12.0,60,85,212.8591699
326394,1.797211346,Rangpur,Rabi,26.0,72.5,Boro,Nov,Dec to Mar,Apr,586599,40,12.0,60,85,207.2761982
185546,1.593098207,Satkhira,Rabi,26.0,72.5,Boro,Nov,Dec to Mar,Apr,295593,40,12.0,60,85,70.97490643
64104,1.880912268,Shariatpur,Rabi,26.0,72.5,Boro,Nov,Dec to Mar,Apr,120574,40,12.0,60,85,182.1609632
225451,1.672864614,Sherpur,Rabi,26.0,72.5,Boro,Nov,Dec to Mar,Apr,377149,40,12.0,60,85,107.5954461
347176,1.710895914,Sirajganj,Rabi,26.0,72.5,Boro,Nov,Dec to Mar,Apr,593982,40,12.0,60,85,60.82616007
546442,1.500594757,Sunamganj,Rabi,26.0,72.5,Boro,Nov,Dec to Mar,Apr,819988,40,12.0,60,85,190.0578303
204408,1.225470627,Sylhet,Rabi,26.0,72.5,Boro,Nov,Dec to Mar,Apr,250496,40,12.0,60,85,207.290434
420470,1.74931862,Tangail,Rabi,26.0,72.5,Boro,Nov,Dec to Mar,Apr,735536,40,12.0,60,85,179.5067973
144862,1.576106916,Thakurgaon,Rabi,26.0,72.5,Boro,Nov,Dec to Mar,Apr,228318,40,12.0,60,85,234.7910554
716,1.477653631,Bagerhat,Rabi,20.0,60.0,Boroi,Jul,No need to do,Feb to Mar,1058,25,15.0,50,70,129.7955568
312,1.727564103,Bandarban,Rabi,20.0,60.0,Boroi,Jul,No need to do,Feb to Mar,539,25,15.0,50,70,184.0101375
503,1.0,Barguna,Rabi,20.0,60.0,Boroi,Feb,No need to do,Feb to Mar,503,25,15.0,50,70,306.5675125
333,1.501501502,Barishal,Rabi,20.0,60.0,Boroi,Feb,No need to do,Feb to Mar,500,25,15.0,50,70,171.9346112
310,1.367741935,Bhola,Rabi,20.0,60.0,Boroi,Mar,No need to do,Feb to Mar,424,25,15.0,50,70,161.9868035
950,3.162105263,Bogura,Rabi,20.0,60.0,Boroi,Sep,No need to do,Feb to Mar,3004,25,15.0,50,70,122.262683
350,3.294285714,Brahmanbaria,Rabi,20.0,60.0,Boroi,Aug,No need to do,Feb to Mar,1153,25,15.0,50,70,103.9303763
200,2.96,Chandpur,Rabi,20.0,60.0,Boroi,Sep,No need to do,Feb to Mar,592,25,15.0,50,70,133.2724121
780,3.51025641,Chapai Nawabganj,Rabi,20.0,60.0,Boroi,Jan,No need to do,Feb to Mar,2738,25,15.0,50,70,248.2500312
2186,1.838975297,Chattogram,Rabi,20.0,60.0,Boroi,Oct,No need to do,Feb to Mar,4020,25,15.0,50,70,156.6316313
785,2.625477707,Chuadanga,Rabi,20.0,60.0,Boroi,Aug,No need to do,Feb to Mar,2061,25,15.0,50,70,125.5439415
300,10.31666667,CoxsBazar,Rabi,20.0,60.0,Boroi,Dec,No need to do,Feb to Mar,3095,25,15.0,50,70,222.4890485
1526,2.81061599,Cumilla,Rabi,20.0,60.0,Boroi,Nov,No need to do,Feb to Mar,4289,25,15.0,50,70,44.06785055
700,2.237142857,Dhaka,Rabi,20.0,60.0,Boroi,Jun,No need to do,Feb to Mar,1566,25,15.0,50,70,182.8133302
490,2.328571429,Dinajpur,Rabi,20.0,60.0,Boroi,May,No need to do,Feb to Mar,1141,25,15.0,50,70,270.9676822
500,1.396,Faridpur,Rabi,20.0,60.0,Boroi,Jul,No need to do,Feb to Mar,698,25,15.0,50,70,48.8560005
220,1.581818182,Feni,Rabi,20.0,60.0,Boroi,Jan,No need to do,Feb to Mar,348,25,15.0,50,70,228.8807204
300,1.733333333,Gaibandha,Rabi,20.0,60.0,Boroi,Jun,No need to do,Feb to Mar,520,25,15.0,50,70,262.0479401
300,1.99,Gazipur,Rabi,20.0,60.0,Boroi,Aug,No need to do,Feb to Mar,597,25,15.0,50,70,113.9747247
503,1.435387674,Gopalganj,Rabi,20.0,60.0,Boroi,Sep,No need to do,Feb to Mar,722,25,15.0,50,70,107.6730981
181,3.049723757,Habiganj,Rabi,20.0,60.0,Boroi,Jan,No need to do,Feb to Mar,552,25,15.0,50,70,163.6184306
950,2.788421053,Jamalpur,Rabi,20.0,60.0,Boroi,May,No need to do,Feb to Mar,2649,25,15.0,50,70,298.3219555
1100,3.161818182,Jashore,Rabi,20.0,60.0,Boroi,Sep,No need to do,Feb to Mar,3478,25,15.0,50,70,191.0557403
447,1.418344519,Jhallokati,Rabi,20.0,60.0,Boroi,Apr,No need to do,Feb to Mar,634,25,15.0,50,70,281.6311222
700,3.067142857,Jhenaidah,Rabi,20.0,60.0,Boroi,Oct,No need to do,Feb to Mar,2147,25,15.0,50,70,175.0429641
450,3.68,Joypurhat,Rabi,20.0,60.0,Boroi,Oct,No need to do,Feb to Mar,1656,25,15.0,50,70,188.7648508
332,2.262048193,Khagrachari,Rabi,20.0,60.0,Boroi,Feb,No need to do,Feb to Mar,751,25,15.0,50,70,191.8039107
550,1.967272727,Khulna,Rabi,20.0,60.0,Boroi,Nov,No need to do,Feb to Mar,1082,25,15.0,50,70,84.9816311
470,3.391489362,Kishoreganj,Rabi,20.0,60.0,Boroi,Oct,No need to do,Feb to Mar,1594,25,15.0,50,70,140.0612138
120,3.333333333,Kurigram,Rabi,20.0,60.0,Boroi,Jul,No need to do,Feb to Mar,400,25,15.0,50,70,285.852678
1400,2.250714286,Kushtia,Rabi,20.0,60.0,Boroi,Dec,No need to do,Feb to Mar,3151,25,15.0,50,70,90.07310407
265,2.505660377,Lakshmipur,Rabi,20.0,60.0,Boroi,Mar,No need to do,Feb to Mar,664,25,15.0,50,70,197.6173568
200,1.15,Lalmonirhat,Rabi,20.0,60.0,Boroi,Aug,No need to do,Feb to Mar,230,25,15.0,50,70,169.6273434
400,3.615,Madaripur,Rabi,20.0,60.0,Boroi,Nov,No need to do,Feb to Mar,1446,25,15.0,50,70,232.0769564
1300,1.868461538,Magura,Rabi,20.0,60.0,Boroi,Jan,No need to do,Feb to Mar,2429,25,15.0,50,70,243.1565625
371,2.142857143,Manikganj,Rabi,20.0,60.0,Boroi,Dec,No need to do,Feb to Mar,795,25,15.0,50,70,270.5040565
400,2.45,Meherpur,Rabi,20.0,60.0,Boroi,Feb,No need to do,Feb to Mar,980,25,15.0,50,70,323.232383
390,4.907692308,Moulvibazar,Rabi,20.0,60.0,Boroi,Feb,No need to do,Feb to Mar,1914,25,15.0,50,70,154.5824283
150,2.153333333,Munshiganj,Rabi,20.0,60.0,Boroi,Jan,No need to do,Feb to Mar,323,25,15.0,50,70,80.87802096
2032,3.146653543,Mymensingh,Rabi,20.0,60.0,Boroi,Jun,No need to do,Feb to Mar,6394,25,15.0,50,70,42.2208653
600,4.838333333,Naogaon,Rabi,20.0,60.0,Boroi,Nov,No need to do,Feb to Mar,2903,25,15.0,50,70,105.1034548
600,2.08,Narail,Rabi,20.0,60.0,Boroi,Mar,No need to do,Feb to Mar,1248,25,15.0,50,70,214.0643271
200,2.055,Narayanganj,Rabi,20.0,60.0,Boroi,Feb,No need to do,Feb to Mar,411,25,15.0,50,70,123.0070614
376,2.106382979,Narsingdi,Rabi,20.0,60.0,Boroi,Mar,No need to do,Feb to Mar,792,25,15.0,50,70,152.9883769
900,3.328888889,Natore,Rabi,20.0,60.0,Boroi,Dec,No need to do,Feb to Mar,2996,25,15.0,50,70,272.6506504
361,6.202216066,Netrokona,Rabi,20.0,60.0,Boroi,Jul,No need to do,Feb to Mar,2239,25,15.0,50,70,120.9587362
650,3.141538462,Nilphamari,Rabi,20.0,60.0,Boroi,Sep,No need to do,Feb to Mar,2042,25,15.0,50,70,105.6666979
300,3.303333333,Noakhali,Rabi,20.0,60.0,Boroi,Apr,No need to do,Feb to Mar,991,25,15.0,50,70,42.84706788
800,2.6125,Pabna,Rabi,20.0,60.0,Boroi,Feb,No need to do,Feb to Mar,2090,25,15.0,50,70,74.7457032
220,2.204545455,Panchagar,Rabi,20.0,60.0,Boroi,Oct,No need to do,Feb to Mar,485,25,15.0,50,70,46.54964799
201,2.656716418,Patuakhali,Rabi,20.0,60.0,Boroi,May,No need to do,Feb to Mar,534,25,15.0,50,70,110.158956
81,7.530864198,Pirojpur,Rabi,20.0,60.0,Boroi,Jun,No need to do,Feb to Mar,610,25,15.0,50,70,124.8429579
320,1.675,Rajbari,Rabi,20.0,60.0,Boroi,Apr,No need to do,Feb to Mar,536,25,15.0,50,70,194.1125888
2350,3.968510638,Rajshahi,Rabi,20.0,60.0,Boroi,Mar,No need to do,Feb to Mar,9326,25,15.0,50,70,176.4870996
551,3.141560799,Rangamati,Rabi,20.0,60.0,Boroi,May,No need to do,Feb to Mar,1731,25,15.0,50,70,105.0771687
320,2.61875,Rangpur,Rabi,20.0,60.0,Boroi,Nov,No need to do,Feb to Mar,838,25,15.0,50,70,139.6952116
800,4.53375,Satkhira,Rabi,20.0,60.0,Boroi,Apr,No need to do,Feb to Mar,3627,25,15.0,50,70,52.36320834
1200,1.671666667,Shariatpur,Rabi,20.0,60.0,Boroi,May,No need to do,Feb to Mar,2006,25,15.0,50,70,63.96459967
400,3.225,Sherpur,Rabi,20.0,60.0,Boroi,Aug,No need to do,Feb to Mar,1290,25,15.0,50,70,193.4783322
350,3.965714286,Sirajganj,Rabi,20.0,60.0,Boroi,Apr,No need to do,Feb to Mar,1388,25,15.0,50,70,221.2553632
400,3.1075,Sunamganj,Rabi,20.0,60.0,Boroi,Mar,No need to do,Feb to Mar,1243,25,15.0,50,70,160.7219469
680,3.192647059,Sylhet,Rabi,20.0,60.0,Boroi,Apr,No need to do,Feb to Mar,2171,25,15.0,50,70,84.42048049
1370,2.239416058,Tangail,Rabi,20.0,60.0,Boroi,Jun,No need to do,Feb to Mar,3068,25,15.0,50,70,82.62995765
150,3.706666667,Thakurgaon,Rabi,20.0,60.0,Boroi,Dec,No need to do,Feb to Mar,556,25,15.0,50,70,258.7125302
767,6.221642764,Bagerhat,Kharif 2,17.0,75.0,Cabbage,Sep,Oct to Jan,Feb,4772,24,10.0,60,90,183.9500252
235,2.889361702,Bandarban,Kharif 2,17.0,75.0,Cabbage,Sep,Oct to Jan,Feb,679,24,10.0,60,90,116.7199069
151,5.397350993,Barguna,Kharif 2,17.0,75.0,Cabbage,Sep,Oct to Jan,Feb,815,24,10.0,60,90,159.1205767
431,3.475638051,Barishal,Kharif 2,17.0,75.0,Cabbage,Sep,Oct to Jan,Feb,1498,24,10.0,60,90,176.4745767
307,3.267100977,Bhola,Kharif 2,17.0,75.0,Cabbage,Sep,Oct to Jan,Feb,1003,24,10.0,60,90,65.19078833
1056,6.039772727,Bogura,Kharif 2,17.0,75.0,Cabbage,Sep,Oct to Jan,Feb,6378,24,10.0,60,90,259.8984766
484,8.853305785,Brahmanbaria,Kharif 2,17.0,75.0,Cabbage,Sep,Oct to Jan,Feb,4285,24,10.0,60,90,168.5497891
334,4.329341317,Chandpur,Kharif 2,17.0,75.0,Cabbage,Sep,Oct to Jan,Feb,1446,24,10.0,60,90,140.8043157
830,4.457831325,Chapai Nawabganj,Kharif 2,17.0,75.0,Cabbage,Sep,Oct to Jan,Feb,3700,24,10.0,60,90,85.66793426
2025,5.399012346,Chattogram,Kharif 2,17.0,75.0,Cabbage,Sep,Oct to Jan,Feb,10933,24,10.0,60,90,94.02832554
1686,4.898576512,Chuadanga,Kharif 2,17.0,75.0,Cabbage,Sep,Oct to Jan,Feb,8259,24,10.0,60,90,142.6776565
313,3.766773163,CoxsBazar,Kharif 2,17.0,75.0,Cabbage,Sep,Oct to Jan,Feb,1179,24,10.0,60,90,217.8293772
1133,6.350397176,Cumilla,Kharif 2,17.0,75.0,Cabbage,Sep,Oct to Jan,Feb,7195,24,10.0,60,90,174.0736684
852,6.0,Dhaka,Kharif 2,17.0,75.0,Cabbage,Sep,Oct to Jan,Feb,5112,24,10.0,60,90,86.52912143
2492,9.72070626,Dinajpur,Kharif 2,17.0,75.0,Cabbage,Sep,Oct to Jan,Feb,24224,24,10.0,60,90,97.03684759
579,2.813471503,Faridpur,Kharif 2,17.0,75.0,Cabbage,Sep,Oct to Jan,Feb,1629,24,10.0,60,90,0.0
92,6.141304348,Feni,Kharif 2,17.0,75.0,Cabbage,Sep,Oct to Jan,Feb,565,24,10.0,60,90,58.12524981
492,6.048780488,Gaibandha,Kharif 2,17.0,75.0,Cabbage,Sep,Oct to Jan,Feb,2976,24,10.0,60,90,76.52299217
933,7.663451233,Gazipur,Kharif 2,17.0,75.0,Cabbage,Sep,Oct to Jan,Feb,7150,24,10.0,60,90,116.1813368
626,5.707667732,Gopalganj,Kharif 2,17.0,75.0,Cabbage,Sep,Oct to Jan,Feb,3573,24,10.0,60,90,114.822198
539,7.779220779,Habiganj,Kharif 2,17.0,75.0,Cabbage,Sep,Oct to Jan,Feb,4193,24,10.0,60,90,59.27704035
1267,8.429360695,Jamalpur,Kharif 2,17.0,75.0,Cabbage,Sep,Oct to Jan,Feb,10680,24,10.0,60,90,171.0554797
5009,4.941106009,Jashore,Kharif 2,17.0,75.0,Cabbage,Sep,Oct to Jan,Feb,24750,24,10.0,60,90,204.4783554
279,3.279569892,Jhallokati,Kharif 2,17.0,75.0,Cabbage,Sep,Oct to Jan,Feb,915,24,10.0,60,90,161.837411
1874,5.628601921,Jhenaidah,Kharif 2,17.0,75.0,Cabbage,Sep,Oct to Jan,Feb,10548,24,10.0,60,90,88.78469185
396,6.929292929,Joypurhat,Kharif 2,17.0,75.0,Cabbage,Sep,Oct to Jan,Feb,2744,24,10.0,60,90,79.10174958
547,4.096892139,Khagrachari,Kharif 2,17.0,75.0,Cabbage,Sep,Oct to Jan,Feb,2241,24,10.0,60,90,185.8263978
630,7.279365079,Khulna,Kharif 2,17.0,75.0,Cabbage,Sep,Oct to Jan,Feb,4586,24,10.0,60,90,107.3348732
433,5.498845266,Kishoreganj,Kharif 2,17.0,75.0,Cabbage,Sep,Oct to Jan,Feb,2381,24,10.0,60,90,139.8880594
582,7.075601375,Kurigram,Kharif 2,17.0,75.0,Cabbage,Sep,Oct to Jan,Feb,4118,24,10.0,60,90,204.7493449
994,6.142857143,Kushtia,Kharif 2,17.0,75.0,Cabbage,Sep,Oct to Jan,Feb,6106,24,10.0,60,90,219.036551
167,4.54491018,Lakshmipur,Kharif 2,17.0,75.0,Cabbage,Sep,Oct to Jan,Feb,759,24,10.0,60,90,158.343559
1097,8.84958979,Lalmonirhat,Kharif 2,17.0,75.0,Cabbage,Sep,Oct to Jan,Feb,9708,24,10.0,60,90,0.0
60,5.35,Madaripur,Kharif 2,17.0,75.0,Cabbage,Sep,Oct to Jan,Feb,321,24,10.0,60,90,86.39883329
212,4.287735849,Magura,Kharif 2,17.0,75.0,Cabbage,Sep,Oct to Jan,Feb,909,24,10.0,60,90,154.1396792
518,5.513513514,Manikganj,Kharif 2,17.0,75.0,Cabbage,Sep,Oct to Jan,Feb,2856,24,10.0,60,90,131.9419108
1807,12.76425014,Meherpur,Kharif 2,17.0,75.0,Cabbage,Sep,Oct to Jan,Feb,23065,24,10.0,60,90,55.72434748
435,5.593103448,Moulvibazar,Kharif 2,17.0,75.0,Cabbage,Sep,Oct to Jan,Feb,2433,24,10.0,60,90,194.719584
494,3.170040486,Munshiganj,Kharif 2,17.0,75.0,Cabbage,Sep,Oct to Jan,Feb,1566,24,10.0,60,90,142.2170435
2640,8.433712121,Mymensingh,Kharif 2,17.0,75.0,Cabbage,Sep,Oct to Jan,Feb,22265,24,10.0,60,90,152.4848076
1218,6.646962233,Naogaon,Kharif 2,17.0,75.0,Cabbage,Sep,Oct to Jan,Feb,8096,24,10.0,60,90,170.1560857
357,5.473389356,Narail,Kharif 2,17.0,75.0,Cabbage,Sep,Oct to Jan,Feb,1954,24,10.0,60,90,108.760054
389,3.804627249,Narayanganj,Kharif 2,17.0,75.0,Cabbage,Sep,Oct to Jan,Feb,1480,24,10.0,60,90,168.6649805
253,4.225296443,Narsingdi,Kharif 2,17.0,75.0,Cabbage,Sep,Oct to Jan,Feb,1069,24,10.0,60,90,206.9878204
667,7.625187406,Natore,Kharif 2,17.0,75.0,Cabbage,Sep,Oct to Jan,Feb,5086,24,10.0,60,90,98.53709224
421,6.722090261,Netrokona,Kharif 2,17.0,75.0,Cabbage,Sep,Oct to Jan,Feb,2830,24,10.0,60,90,286.0391324
1426,10.77068724,Nilphamari,Kharif 2,17.0,75.0,Cabbage,Sep,Oct to Jan,Feb,15359,24,10.0,60,90,94.6649215
298,4.003355705,Noakhali,Kharif 2,17.0,75.0,Cabbage,Sep,Oct to Jan,Feb,1193,24,10.0,60,90,281.7021299
1206,7.55721393,Pabna,Kharif 2,17.0,75.0,Cabbage,Sep,Oct to Jan,Feb,9114,24,10.0,60,90,170.8742419
946,5.808668076,Panchagar,Kharif 2,17.0,75.0,Cabbage,Sep,Oct to Jan,Feb,5495,24,10.0,60,90,174.5172199
103,3.737864078,Patuakhali,Kharif 2,17.0,75.0,Cabbage,Sep,Oct to Jan,Feb,385,24,10.0,60,90,232.4173559
487,3.205338809,Pirojpur,Kharif 2,17.0,75.0,Cabbage,Sep,Oct to Jan,Feb,1561,24,10.0,60,90,131.6722993
1190,6.742016807,Rajbari,Kharif 2,17.0,75.0,Cabbage,Sep,Oct to Jan,Feb,8023,24,10.0,60,90,128.8989768
1617,9.176252319,Rajshahi,Kharif 2,17.0,75.0,Cabbage,Sep,Oct to Jan,Feb,14838,24,10.0,60,90,178.597553
307,4.631921824,Rangamati,Kharif 2,17.0,75.0,Cabbage,Sep,Oct to Jan,Feb,1422,24,10.0,60,90,164.937163
2072,6.564671815,Rangpur,Kharif 2,17.0,75.0,Cabbage,Sep,Oct to Jan,Feb,13602,24,10.0,60,90,82.82484803
1041,7.923150817,Satkhira,Kharif 2,17.0,75.0,Cabbage,Sep,Oct to Jan,Feb,8248,24,10.0,60,90,142.0379417
112,14.09821429,Shariatpur,Kharif 2,17.0,75.0,Cabbage,Sep,Oct to Jan,Feb,1579,24,10.0,60,90,92.05869826
717,8.193863319,Sherpur,Kharif 2,17.0,75.0,Cabbage,Sep,Oct to Jan,Feb,5875,24,10.0,60,90,64.14150231
755,6.901986755,Sirajganj,Kharif 2,17.0,75.0,Cabbage,Sep,Oct to Jan,Feb,5211,24,10.0,60,90,183.0410341
593,9.822934233,Sunamganj,Kharif 2,17.0,75.0,Cabbage,Sep,Oct to Jan,Feb,5825,24,10.0,60,90,119.9250901
899,6.165739711,Sylhet,Kharif 2,17.0,75.0,Cabbage,Sep,Oct to Jan,Feb,5543,24,10.0,60,90,200.5754483
1612,10.19230769,Tangail,Kharif 2,17.0,75.0,Cabbage,Sep,Oct to Jan,Feb,16430,24,10.0,60,90,77.91155161
706,7.804532578,Thakurgaon,Kharif 2,17.0,75.0,Cabbage,Sep,Oct to Jan,Feb,5510,24,10.0,60,90,137.9077053
45,2.088888889,Bagerhat,Kharif 2,18.0,66.5,Carrot,Oct,Nov to Feb,Mar,94,21,15.0,47,86,226.2213826
4,1.25,Bandarban,Kharif 2,18.0,66.5,Carrot,Oct,Nov to Feb,Mar,5,21,15.0,47,86,118.6666681
24,1.916666667,Barguna,Kharif 2,18.0,66.5,Carrot,Oct,Nov to Feb,Mar,46,21,15.0,47,86,301.0655977
0,,Barishal,Kharif 2,18.0,66.5,Carrot,Oct,Nov to Feb,Mar,0,21,15.0,47,86,181.7227042
110,2.790909091,Bhola,Kharif 2,18.0,66.5,Carrot,Oct,Nov to Feb,Mar,307,21,15.0,47,86,107.1117602
148,5.5,Bogura,Kharif 2,18.0,66.5,Carrot,Oct,Nov to Feb,Mar,814,21,15.0,47,86,33.14764472
21,1.523809524,Brahmanbaria,Kharif 2,18.0,66.5,Carrot,Oct,Nov to Feb,Mar,32,21,15.0,47,86,88.97571689
21,4.047619048,Chandpur,Kharif 2,18.0,66.5,Carrot,Oct,Nov to Feb,Mar,85,21,15.0,47,86,131.9714413
0,,Chapai Nawabganj,Kharif 2,18.0,66.5,Carrot,Oct,Nov to Feb,Mar,0,21,15.0,47,86,149.8733978
50,3.46,Chattogram,Kharif 2,18.0,66.5,Carrot,Oct,Nov to Feb,Mar,173,21,15.0,47,86,132.1249358
73,3.739726027,Chuadanga,Kharif 2,18.0,66.5,Carrot,Oct,Nov to Feb,Mar,273,21,15.0,47,86,214.2866874
6,1.666666667,CoxsBazar,Kharif 2,18.0,66.5,Carrot,Oct,Nov to Feb,Mar,10,21,15.0,47,86,42.73816567
10,2.5,Cumilla,Kharif 2,18.0,66.5,Carrot,Oct,Nov to Feb,Mar,25,21,15.0,47,86,180.9839167
412,7.410194175,Dhaka,Kharif 2,18.0,66.5,Carrot,Oct,Nov to Feb,Mar,3053,21,15.0,47,86,164.5493256
161,2.118012422,Dinajpur,Kharif 2,18.0,66.5,Carrot,Oct,Nov to Feb,Mar,341,21,15.0,47,86,90.39903145
32,2.0,Faridpur,Kharif 2,18.0,66.5,Carrot,Oct,Nov to Feb,Mar,64,21,15.0,47,86,126.3778939
0,,Feni,Kharif 2,18.0,66.5,Carrot,Oct,Nov to Feb,Mar,0,21,15.0,47,86,143.2978497
161,2.155279503,Gaibandha,Kharif 2,18.0,66.5,Carrot,Oct,Nov to Feb,Mar,347,21,15.0,47,86,152.6857275
53,3.811320755,Gazipur,Kharif 2,18.0,66.5,Carrot,Oct,Nov to Feb,Mar,202,21,15.0,47,86,73.29185695
0,,Gopalganj,Kharif 2,18.0,66.5,Carrot,Oct,Nov to Feb,Mar,0,21,15.0,47,86,80.18658029
0,,Habiganj,Kharif 2,18.0,66.5,Carrot,Oct,Nov to Feb,Mar,0,21,15.0,47,86,238.6719001
290,4.182758621,Jamalpur,Kharif 2,18.0,66.5,Carrot,Oct,Nov to Feb,Mar,1213,21,15.0,47,86,181.5428816
142,3.373239437,Jashore,Kharif 2,18.0,66.5,Carrot,Oct,Nov to Feb,Mar,479,21,15.0,47,86,219.881509
0,,Jhallokati,Kharif 2,18.0,66.5,Carrot,Oct,Nov to Feb,Mar,0,21,15.0,47,86,153.6385101
62,3.451612903,Jhenaidah,Kharif 2,18.0,66.5,Carrot,Oct,Nov to Feb,Mar,214,21,15.0,47,86,89.33787314
46,3.760869565,Joypurhat,Kharif 2,18.0,66.5,Carrot,Oct,Nov to Feb,Mar,173,21,15.0,47,86,138.2813162
10,2.0,Khagrachari,Kharif 2,18.0,66.5,Carrot,Oct,Nov to Feb,Mar,20,21,15.0,47,86,271.976476
22,1.954545455,Khulna,Kharif 2,18.0,66.5,Carrot,Oct,Nov to Feb,Mar,43,21,15.0,47,86,169.358143
40,3.125,Kishoreganj,Kharif 2,18.0,66.5,Carrot,Oct,Nov to Feb,Mar,125,21,15.0,47,86,22.78791012
76,2.118421053,Kurigram,Kharif 2,18.0,66.5,Carrot,Oct,Nov to Feb,Mar,161,21,15.0,47,86,72.31666602
93,3.182795699,Kushtia,Kharif 2,18.0,66.5,Carrot,Oct,Nov to Feb,Mar,296,21,15.0,47,86,192.7740648
3,2.333333333,Lakshmipur,Kharif 2,18.0,66.5,Carrot,Oct,Nov to Feb,Mar,7,21,15.0,47,86,117.6495972
101,3.821782178,Lalmonirhat,Kharif 2,18.0,66.5,Carrot,Oct,Nov to Feb,Mar,386,21,15.0,47,86,162.7303803
0,,Madaripur,Kharif 2,18.0,66.5,Carrot,Oct,Nov to Feb,Mar,0,21,15.0,47,86,192.6597022
22,3.454545455,Magura,Kharif 2,18.0,66.5,Carrot,Oct,Nov to Feb,Mar,76,21,15.0,47,86,103.3433776
1288,6.946428571,Manikganj,Kharif 2,18.0,66.5,Carrot,Oct,Nov to Feb,Mar,8947,21,15.0,47,86,199.9556391
33,5.212121212,Meherpur,Kharif 2,18.0,66.5,Carrot,Oct,Nov to Feb,Mar,172,21,15.0,47,86,182.873289
7,5.0,Moulvibazar,Kharif 2,18.0,66.5,Carrot,Oct,Nov to Feb,Mar,35,21,15.0,47,86,121.0227002
0,,Munshiganj,Kharif 2,18.0,66.5,Carrot,Oct,Nov to Feb,Mar,0,21,15.0,47,86,149.2232047
210,3.447619048,Mymensingh,Kharif 2,18.0,66.5,Carrot,Oct,Nov to Feb,Mar,724,21,15.0,47,86,239.8318435
68,4.764705882,Naogaon,Kharif 2,18.0,66.5,Carrot,Oct,Nov to Feb,Mar,324,21,15.0,47,86,102.2659596
30,2.366666667,Narail,Kharif 2,18.0,66.5,Carrot,Oct,Nov to Feb,Mar,71,21,15.0,47,86,281.1428327
47,1.893617021,Narayanganj,Kharif 2,18.0,66.5,Carrot,Oct,Nov to Feb,Mar,89,21,15.0,47,86,283.5263905
1,1.0,Narsingdi,Kharif 2,18.0,66.5,Carrot,Oct,Nov to Feb,Mar,1,21,15.0,47,86,292.8961535
63,3.222222222,Natore,Kharif 2,18.0,66.5,Carrot,Oct,Nov to Feb,Mar,203,21,15.0,47,86,101.6814334
10,3.0,Netrokona,Kharif 2,18.0,66.5,Carrot,Oct,Nov to Feb,Mar,30,21,15.0,47,86,214.6386811
108,3.75,Nilphamari,Kharif 2,18.0,66.5,Carrot,Oct,Nov to Feb,Mar,405,21,15.0,47,86,164.5871628
25,2.92,Noakhali,Kharif 2,18.0,66.5,Carrot,Oct,Nov to Feb,Mar,73,21,15.0,47,86,88.21163071
439,7.544419134,Pabna,Kharif 2,18.0,66.5,Carrot,Oct,Nov to Feb,Mar,3312,21,15.0,47,86,101.8350643
201,3.243781095,Panchagar,Kharif 2,18.0,66.5,Carrot,Oct,Nov to Feb,Mar,652,21,15.0,47,86,80.21764257
0,,Patuakhali,Kharif 2,18.0,66.5,Carrot,Oct,Nov to Feb,Mar,1,21,15.0,47,86,169.3814786
0,,Pirojpur,Kharif 2,18.0,66.5,Carrot,Oct,Nov to Feb,Mar,0,21,15.0,47,86,121.9337488
52,3.923076923,Rajbari,Kharif 2,18.0,66.5,Carrot,Oct,Nov to Feb,Mar,204,21,15.0,47,86,166.3975057
112,4.660714286,Rajshahi,Kharif 2,18.0,66.5,Carrot,Oct,Nov to Feb,Mar,522,21,15.0,47,86,132.1887752
0,,Rangamati,Kharif 2,18.0,66.5,Carrot,Oct,Nov to Feb,Mar,0,21,15.0,47,86,77.43482474
211,2.545023697,Rangpur,Kharif 2,18.0,66.5,Carrot,Oct,Nov to Feb,Mar,537,21,15.0,47,86,226.6317997
92,3.836956522,Satkhira,Kharif 2,18.0,66.5,Carrot,Oct,Nov to Feb,Mar,353,21,15.0,47,86,147.6478078
14,3.214285714,Shariatpur,Kharif 2,18.0,66.5,Carrot,Oct,Nov to Feb,Mar,45,21,15.0,47,86,284.8387875
161,3.763975155,Sherpur,Kharif 2,18.0,66.5,Carrot,Oct,Nov to Feb,Mar,606,21,15.0,47,86,274.41251
65,4.215384615,Sirajganj,Kharif 2,18.0,66.5,Carrot,Oct,Nov to Feb,Mar,274,21,15.0,47,86,218.3545917
18,2.055555556,Sunamganj,Kharif 2,18.0,66.5,Carrot,Oct,Nov to Feb,Mar,37,21,15.0,47,86,86.6371099
48,3.854166667,Sylhet,Kharif 2,18.0,66.5,Carrot,Oct,Nov to Feb,Mar,185,21,15.0,47,86,141.6525445
102,3.31372549,Tangail,Kharif 2,18.0,66.5,Carrot,Oct,Nov to Feb,Mar,338,21,15.0,47,86,239.6701722
81,4.296296296,Thakurgaon,Kharif 2,18.0,66.5,Carrot,Oct,Nov to Feb,Mar,348,21,15.0,47,86,113.3940075
470,5.34893617,Bagerhat,Kharif 2,19.0,77.5,Cauliflower,Sep,Nov to Jan,Feb,2514,30,8.0,70,85,107.9998153
278,2.81294964,Bandarban,Kharif 2,19.0,77.5,Cauliflower,Sep,Nov to Jan,Feb,782,30,8.0,70,85,102.7077388
150,2.68,Barguna,Kharif 2,19.0,77.5,Cauliflower,Sep,Nov to Jan,Feb,402,30,8.0,70,85,156.9831439
459,2.169934641,Barishal,Kharif 2,19.0,77.5,Cauliflower,Sep,Nov to Jan,Feb,996,30,8.0,70,85,207.2518032
291,3.446735395,Bhola,Kharif 2,19.0,77.5,Cauliflower,Sep,Nov to Jan,Feb,1003,30,8.0,70,85,169.2193131
1112,4.705935252,Bogura,Kharif 2,19.0,77.5,Cauliflower,Sep,Nov to Jan,Feb,5233,30,8.0,70,85,207.6395574
930,7.101075269,Brahmanbaria,Kharif 2,19.0,77.5,Cauliflower,Sep,Nov to Jan,Feb,6604,30,8.0,70,85,180.4317394
287,3.588850174,Chandpur,Kharif 2,19.0,77.5,Cauliflower,Sep,Nov to Jan,Feb,1030,30,8.0,70,85,175.8740121
833,3.408163265,Chapai Nawabganj,Kharif 2,19.0,77.5,Cauliflower,Sep,Nov to Jan,Feb,2839,30,8.0,70,85,35.44279201
1969,4.482478415,Chattogram,Kharif 2,19.0,77.5,Cauliflower,Sep,Nov to Jan,Feb,8826,30,8.0,70,85,167.6052029
1873,3.134543513,Chuadanga,Kharif 2,19.0,77.5,Cauliflower,Sep,Nov to Jan,Feb,5871,30,8.0,70,85,114.0933777
336,3.633928571,CoxsBazar,Kharif 2,19.0,77.5,Cauliflower,Sep,Nov to Jan,Feb,1221,30,8.0,70,85,187.2254649
1677,4.844364937,Cumilla,Kharif 2,19.0,77.5,Cauliflower,Sep,Nov to Jan,Feb,8124,30,8.0,70,85,115.7335804
985,9.72284264,Dhaka,Kharif 2,19.0,77.5,Cauliflower,Sep,Nov to Jan,Feb,9577,30,8.0,70,85,79.7790748
3095,7.099192246,Dinajpur,Kharif 2,19.0,77.5,Cauliflower,Sep,Nov to Jan,Feb,21972,30,8.0,70,85,138.6944829
666,3.845345345,Faridpur,Kharif 2,19.0,77.5,Cauliflower,Sep,Nov to Jan,Feb,2561,30,8.0,70,85,165.9980719
124,2.064516129,Feni,Kharif 2,19.0,77.5,Cauliflower,Sep,Nov to Jan,Feb,256,30,8.0,70,85,239.6610212
487,5.164271047,Gaibandha,Kharif 2,19.0,77.5,Cauliflower,Sep,Nov to Jan,Feb,2515,30,8.0,70,85,134.7647435
757,7.071334214,Gazipur,Kharif 2,19.0,77.5,Cauliflower,Sep,Nov to Jan,Feb,5353,30,8.0,70,85,164.2807148
425,4.76,Gopalganj,Kharif 2,19.0,77.5,Cauliflower,Sep,Nov to Jan,Feb,2023,30,8.0,70,85,180.156876
370,5.421621622,Habiganj,Kharif 2,19.0,77.5,Cauliflower,Sep,Nov to Jan,Feb,2006,30,8.0,70,85,116.8127283
2876,3.85605007,Jamalpur,Kharif 2,19.0,77.5,Cauliflower,Sep,Nov to Jan,Feb,11090,30,8.0,70,85,78.95203967
1966,4.650559512,Jashore,Kharif 2,19.0,77.5,Cauliflower,Sep,Nov to Jan,Feb,9143,30,8.0,70,85,107.9106576
196,2.734693878,Jhallokati,Kharif 2,19.0,77.5,Cauliflower,Sep,Nov to Jan,Feb,536,30,8.0,70,85,280.1164677
1668,5.239208633,Jhenaidah,Kharif 2,19.0,77.5,Cauliflower,Sep,Nov to Jan,Feb,8739,30,8.0,70,85,134.0028568
323,5.253869969,Joypurhat,Kharif 2,19.0,77.5,Cauliflower,Sep,Nov to Jan,Feb,1697,30,8.0,70,85,40.9979108
475,3.288421053,Khagrachari,Kharif 2,19.0,77.5,Cauliflower,Sep,Nov to Jan,Feb,1562,30,8.0,70,85,129.6006477
604,5.427152318,Khulna,Kharif 2,19.0,77.5,Cauliflower,Sep,Nov to Jan,Feb,3278,30,8.0,70,85,255.9449881
598,6.011705686,Kishoreganj,Kharif 2,19.0,77.5,Cauliflower,Sep,Nov to Jan,Feb,3595,30,8.0,70,85,220.8752139
916,6.942139738,Kurigram,Kharif 2,19.0,77.5,Cauliflower,Sep,Nov to Jan,Feb,6359,30,8.0,70,85,138.7072562
863,4.945538818,Kushtia,Kharif 2,19.0,77.5,Cauliflower,Sep,Nov to Jan,Feb,4268,30,8.0,70,85,122.3779921
175,2.314285714,Lakshmipur,Kharif 2,19.0,77.5,Cauliflower,Sep,Nov to Jan,Feb,405,30,8.0,70,85,224.8303967
1803,7.830282862,Lalmonirhat,Kharif 2,19.0,77.5,Cauliflower,Sep,Nov to Jan,Feb,14118,30,8.0,70,85,213.9595899
54,4.944444444,Madaripur,Kharif 2,19.0,77.5,Cauliflower,Sep,Nov to Jan,Feb,267,30,8.0,70,85,226.7881834
214,3.429906542,Magura,Kharif 2,19.0,77.5,Cauliflower,Sep,Nov to Jan,Feb,734,30,8.0,70,85,90.62179537
685,5.321167883,Manikganj,Kharif 2,19.0,77.5,Cauliflower,Sep,Nov to Jan,Feb,3645,30,8.0,70,85,240.0466149
884,9.90158371,Meherpur,Kharif 2,19.0,77.5,Cauliflower,Sep,Nov to Jan,Feb,8753,30,8.0,70,85,224.4798684
375,4.64,Moulvibazar,Kharif 2,19.0,77.5,Cauliflower,Sep,Nov to Jan,Feb,1740,30,8.0,70,85,176.5349686
888,3.031531532,Munshiganj,Kharif 2,19.0,77.5,Cauliflower,Sep,Nov to Jan,Feb,2692,30,8.0,70,85,95.53282774
1717,9.880605708,Mymensingh,Kharif 2,19.0,77.5,Cauliflower,Sep,Nov to Jan,Feb,16965,30,8.0,70,85,111.2146064
1382,6.487698987,Naogaon,Kharif 2,19.0,77.5,Cauliflower,Sep,Nov to Jan,Feb,8966,30,8.0,70,85,202.742477
418,3.581339713,Narail,Kharif 2,19.0,77.5,Cauliflower,Sep,Nov to Jan,Feb,1497,30,8.0,70,85,163.4168693
507,3.362919132,Narayanganj,Kharif 2,19.0,77.5,Cauliflower,Sep,Nov to Jan,Feb,1705,30,8.0,70,85,110.3455797
407,4.302211302,Narsingdi,Kharif 2,19.0,77.5,Cauliflower,Sep,Nov to Jan,Feb,1751,30,8.0,70,85,201.3580322
706,7.478753541,Natore,Kharif 2,19.0,77.5,Cauliflower,Sep,Nov to Jan,Feb,5280,30,8.0,70,85,110.9162281
381,4.934383202,Netrokona,Kharif 2,19.0,77.5,Cauliflower,Sep,Nov to Jan,Feb,1880,30,8.0,70,85,242.691568
1757,5.595902106,Nilphamari,Kharif 2,19.0,77.5,Cauliflower,Sep,Nov to Jan,Feb,9832,30,8.0,70,85,243.7530902
284,4.095070423,Noakhali,Kharif 2,19.0,77.5,Cauliflower,Sep,Nov to Jan,Feb,1163,30,8.0,70,85,100.4511312
1717,7.220151427,Pabna,Kharif 2,19.0,77.5,Cauliflower,Sep,Nov to Jan,Feb,12397,30,8.0,70,85,183.7612571
883,5.978482446,Panchagar,Kharif 2,19.0,77.5,Cauliflower,Sep,Nov to Jan,Feb,5279,30,8.0,70,85,228.8185583
67,1.208955224,Patuakhali,Kharif 2,19.0,77.5,Cauliflower,Sep,Nov to Jan,Feb,81,30,8.0,70,85,174.471514
365,3.005479452,Pirojpur,Kharif 2,19.0,77.5,Cauliflower,Sep,Nov to Jan,Feb,1097,30,8.0,70,85,105.5472025
1108,5.972021661,Rajbari,Kharif 2,19.0,77.5,Cauliflower,Sep,Nov to Jan,Feb,6617,30,8.0,70,85,137.6048969
1567,7.863433312,Rajshahi,Kharif 2,19.0,77.5,Cauliflower,Sep,Nov to Jan,Feb,12322,30,8.0,70,85,117.5348448
200,3.235,Rangamati,Kharif 2,19.0,77.5,Cauliflower,Sep,Nov to Jan,Feb,647,30,8.0,70,85,61.21552364
999,10.51151151,Rangpur,Kharif 2,19.0,77.5,Cauliflower,Sep,Nov to Jan,Feb,10501,30,8.0,70,85,100.8317728
1110,5.763063063,Satkhira,Kharif 2,19.0,77.5,Cauliflower,Sep,Nov to Jan,Feb,6397,30,8.0,70,85,188.5945158
102,7.31372549,Shariatpur,Kharif 2,19.0,77.5,Cauliflower,Sep,Nov to Jan,Feb,746,30,8.0,70,85,131.4804539
1541,6.428942245,Sherpur,Kharif 2,19.0,77.5,Cauliflower,Sep,Nov to Jan,Feb,9907,30,8.0,70,85,300.1005051
845,6.35739645,Sirajganj,Kharif 2,19.0,77.5,Cauliflower,Sep,Nov to Jan,Feb,5372,30,8.0,70,85,101.8502072
1084,8.277675277,Sunamganj,Kharif 2,19.0,77.5,Cauliflower,Sep,Nov to Jan,Feb,8973,30,8.0,70,85,226.7691041
914,8.009846827,Sylhet,Kharif 2,19.0,77.5,Cauliflower,Sep,Nov to Jan,Feb,7321,30,8.0,70,85,123.9616931
1822,6.349615807,Tangail,Kharif 2,19.0,77.5,Cauliflower,Sep,Nov to Jan,Feb,11569,30,8.0,70,85,241.8055898
1002,5.112774451,Thakurgaon,Kharif 2,19.0,77.5,Cauliflower,Sep,Nov to Jan,Feb,5123,30,8.0,70,85,58.55898093
517,2.324951644,Bagerhat,Kharif 1,22.5,75.0,Chalkumra,Mar,Apr to Jul,Jul to Oct,1202,27,18.0,65,85,175.5801612
217,2.350230415,Bandarban,Kharif 1,22.5,75.0,Chalkumra,Mar,Apr to Jul,Jul to Oct,510,27,18.0,65,85,0.0
114,2.122807018,Barguna,Kharif 1,22.5,75.0,Chalkumra,Mar,Apr to Jul,Jul to Oct,242,27,18.0,65,85,113.7727615
439,2.041002278,Barishal,Kharif 1,22.5,75.0,Chalkumra,Mar,Apr to Jul,Jul to Oct,896,27,18.0,65,85,101.5609616
251,2.721115538,Bhola,Kharif 1,22.5,75.0,Chalkumra,Mar,Apr to Jul,Jul to Oct,683,27,18.0,65,85,187.0306959
407,4.061425061,Bogura,Kharif 1,22.5,75.0,Chalkumra,Mar,Apr to Jul,Jul to Oct,1653,27,18.0,65,85,145.4856095
699,2.848354793,Brahmanbaria,Kharif 1,22.5,75.0,Chalkumra,Mar,Apr to Jul,Jul to Oct,1991,27,18.0,65,85,130.4919932
210,2.642857143,Chandpur,Kharif 1,22.5,75.0,Chalkumra,Mar,Apr to Jul,Jul to Oct,555,27,18.0,65,85,165.4528722
249,2.879518072,Chapai Nawabganj,Kharif 1,22.5,75.0,Chalkumra,Mar,Apr to Jul,Jul to Oct,717,27,18.0,65,85,173.7813132
588,3.539115646,Chattogram,Kharif 1,22.5,75.0,Chalkumra,Mar,Apr to Jul,Jul to Oct,2081,27,18.0,65,85,264.4484926
366,3.12568306,Chuadanga,Kharif 1,22.5,75.0,Chalkumra,Mar,Apr to Jul,Jul to Oct,1144,27,18.0,65,85,19.07410234
135,3.637037037,CoxsBazar,Kharif 1,22.5,75.0,Chalkumra,Mar,Apr to Jul,Jul to Oct,491,27,18.0,65,85,192.2490846
644,2.885093168,Cumilla,Kharif 1,22.5,75.0,Chalkumra,Mar,Apr to Jul,Jul to Oct,1858,27,18.0,65,85,186.9674293
776,4.719072165,Dhaka,Kharif 1,22.5,75.0,Chalkumra,Mar,Apr to Jul,Jul to Oct,3662,27,18.0,65,85,204.8754366
430,2.844186047,Dinajpur,Kharif 1,22.5,75.0,Chalkumra,Mar,Apr to Jul,Jul to Oct,1223,27,18.0,65,85,121.0057573
426,3.129107981,Faridpur,Kharif 1,22.5,75.0,Chalkumra,Mar,Apr to Jul,Jul to Oct,1333,27,18.0,65,85,153.7174721
117,1.811965812,Feni,Kharif 1,22.5,75.0,Chalkumra,Mar,Apr to Jul,Jul to Oct,212,27,18.0,65,85,140.7525242
329,2.37993921,Gaibandha,Kharif 1,22.5,75.0,Chalkumra,Mar,Apr to Jul,Jul to Oct,783,27,18.0,65,85,125.8763327
340,2.297058824,Gazipur,Kharif 1,22.5,75.0,Chalkumra,Mar,Apr to Jul,Jul to Oct,781,27,18.0,65,85,99.78254148
389,3.424164524,Gopalganj,Kharif 1,22.5,75.0,Chalkumra,Mar,Apr to Jul,Jul to Oct,1332,27,18.0,65,85,213.3447922
259,4.111969112,Habiganj,Kharif 1,22.5,75.0,Chalkumra,Mar,Apr to Jul,Jul to Oct,1065,27,18.0,65,85,253.4842263
532,3.263157895,Jamalpur,Kharif 1,22.5,75.0,Chalkumra,Mar,Apr to Jul,Jul to Oct,1736,27,18.0,65,85,126.6527951
434,4.382488479,Jashore,Kharif 1,22.5,75.0,Chalkumra,Mar,Apr to Jul,Jul to Oct,1902,27,18.0,65,85,160.4640394
343,2.556851312,Jhallokati,Kharif 1,22.5,75.0,Chalkumra,Mar,Apr to Jul,Jul to Oct,877,27,18.0,65,85,0.0
435,3.834482759,Jhenaidah,Kharif 1,22.5,75.0,Chalkumra,Mar,Apr to Jul,Jul to Oct,1668,27,18.0,65,85,266.1033324
171,4.637426901,Joypurhat,Kharif 1,22.5,75.0,Chalkumra,Mar,Apr to Jul,Jul to Oct,793,27,18.0,65,85,64.88432823
519,2.97495183,Khagrachari,Kharif 1,22.5,75.0,Chalkumra,Mar,Apr to Jul,Jul to Oct,1544,27,18.0,65,85,176.1562332
260,2.184615385,Khulna,Kharif 1,22.5,75.0,Chalkumra,Mar,Apr to Jul,Jul to Oct,568,27,18.0,65,85,147.7900545
366,3.030054645,Kishoreganj,Kharif 1,22.5,75.0,Chalkumra,Mar,Apr to Jul,Jul to Oct,1109,27,18.0,65,85,137.6365032
356,2.980337079,Kurigram,Kharif 1,22.5,75.0,Chalkumra,Mar,Apr to Jul,Jul to Oct,1061,27,18.0,65,85,150.4314165
329,5.389057751,Kushtia,Kharif 1,22.5,75.0,Chalkumra,Mar,Apr to Jul,Jul to Oct,1773,27,18.0,65,85,130.2522541
210,2.228571429,Lakshmipur,Kharif 1,22.5,75.0,Chalkumra,Mar,Apr to Jul,Jul to Oct,468,27,18.0,65,85,220.8394815
209,2.990430622,Lalmonirhat,Kharif 1,22.5,75.0,Chalkumra,Mar,Apr to Jul,Jul to Oct,625,27,18.0,65,85,91.47479487
167,4.353293413,Madaripur,Kharif 1,22.5,75.0,Chalkumra,Mar,Apr to Jul,Jul to Oct,727,27,18.0,65,85,115.004225
148,2.763513514,Magura,Kharif 1,22.5,75.0,Chalkumra,Mar,Apr to Jul,Jul to Oct,409,27,18.0,65,85,242.640029
849,2.876325088,Manikganj,Kharif 1,22.5,75.0,Chalkumra,Mar,Apr to Jul,Jul to Oct,2442,27,18.0,65,85,204.324593
122,3.68852459,Meherpur,Kharif 1,22.5,75.0,Chalkumra,Mar,Apr to Jul,Jul to Oct,450,27,18.0,65,85,161.3136417
249,3.682730924,Moulvibazar,Kharif 1,22.5,75.0,Chalkumra,Mar,Apr to Jul,Jul to Oct,917,27,18.0,65,85,69.16567145
529,2.051039698,Munshiganj,Kharif 1,22.5,75.0,Chalkumra,Mar,Apr to Jul,Jul to Oct,1085,27,18.0,65,85,28.89126045
1908,3.083333333,Mymensingh,Kharif 1,22.5,75.0,Chalkumra,Mar,Apr to Jul,Jul to Oct,5883,27,18.0,65,85,128.945488
359,4.239554318,Naogaon,Kharif 1,22.5,75.0,Chalkumra,Mar,Apr to Jul,Jul to Oct,1522,27,18.0,65,85,127.9251342
101,3.881188119,Narail,Kharif 1,22.5,75.0,Chalkumra,Mar,Apr to Jul,Jul to Oct,392,27,18.0,65,85,173.5879772
382,2.282722513,Narayanganj,Kharif 1,22.5,75.0,Chalkumra,Mar,Apr to Jul,Jul to Oct,872,27,18.0,65,85,35.07994472
397,3.818639798,Narsingdi,Kharif 1,22.5,75.0,Chalkumra,Mar,Apr to Jul,Jul to Oct,1516,27,18.0,65,85,143.7844251
335,2.907462687,Natore,Kharif 1,22.5,75.0,Chalkumra,Mar,Apr to Jul,Jul to Oct,974,27,18.0,65,85,177.856989
369,5.471544715,Netrokona,Kharif 1,22.5,75.0,Chalkumra,Mar,Apr to Jul,Jul to Oct,2019,27,18.0,65,85,113.381669
330,3.981818182,Nilphamari,Kharif 1,22.5,75.0,Chalkumra,Mar,Apr to Jul,Jul to Oct,1314,27,18.0,65,85,95.25798663
272,1.356617647,Noakhali,Kharif 1,22.5,75.0,Chalkumra,Mar,Apr to Jul,Jul to Oct,369,27,18.0,65,85,289.0234566
949,4.979978925,Pabna,Kharif 1,22.5,75.0,Chalkumra,Mar,Apr to Jul,Jul to Oct,4726,27,18.0,65,85,83.87454279
332,3.421686747,Panchagar,Kharif 1,22.5,75.0,Chalkumra,Mar,Apr to Jul,Jul to Oct,1136,27,18.0,65,85,161.4969441
164,2.073170732,Patuakhali,Kharif 1,22.5,75.0,Chalkumra,Mar,Apr to Jul,Jul to Oct,340,27,18.0,65,85,187.0499953
358,2.139664804,Pirojpur,Kharif 1,22.5,75.0,Chalkumra,Mar,Apr to Jul,Jul to Oct,766,27,18.0,65,85,167.4819273
384,5.276041667,Rajbari,Kharif 1,22.5,75.0,Chalkumra,Mar,Apr to Jul,Jul to Oct,2026,27,18.0,65,85,208.2177543
724,5.379834254,Rajshahi,Kharif 1,22.5,75.0,Chalkumra,Mar,Apr to Jul,Jul to Oct,3895,27,18.0,65,85,187.0877654
497,3.078470825,Rangamati,Kharif 1,22.5,75.0,Chalkumra,Mar,Apr to Jul,Jul to Oct,1530,27,18.0,65,85,340.2844845
587,3.119250426,Rangpur,Kharif 1,22.5,75.0,Chalkumra,Mar,Apr to Jul,Jul to Oct,1831,27,18.0,65,85,225.0973511
180,3.75,Satkhira,Kharif 1,22.5,75.0,Chalkumra,Mar,Apr to Jul,Jul to Oct,675,27,18.0,65,85,250.5774363
118,7.86440678,Shariatpur,Kharif 1,22.5,75.0,Chalkumra,Mar,Apr to Jul,Jul to Oct,928,27,18.0,65,85,103.5358146
637,4.576138148,Sherpur,Kharif 1,22.5,75.0,Chalkumra,Mar,Apr to Jul,Jul to Oct,2915,27,18.0,65,85,62.32416668
405,4.735802469,Sirajganj,Kharif 1,22.5,75.0,Chalkumra,Mar,Apr to Jul,Jul to Oct,1918,27,18.0,65,85,193.0604645
156,5.102564103,Sunamganj,Kharif 1,22.5,75.0,Chalkumra,Mar,Apr to Jul,Jul to Oct,796,27,18.0,65,85,40.00923931
322,3.161490683,Sylhet,Kharif 1,22.5,75.0,Chalkumra,Mar,Apr to Jul,Jul to Oct,1018,27,18.0,65,85,148.7341661
1111,3.082808281,Tangail,Kharif 1,22.5,75.0,Chalkumra,Mar,Apr to Jul,Jul to Oct,3425,27,18.0,65,85,241.0490865
309,2.093851133,Thakurgaon,Kharif 1,22.5,75.0,Chalkumra,Mar,Apr to Jul,Jul to Oct,647,27,18.0,65,85,274.8735584
0,,Bagerhat,Rabi,21.0,62.5,Cheena,Nov,Dec to Feb,Feb to Apr,0,25,17.0,40,85,239.9220314
118,0.211864407,Bandarban,Rabi,21.0,62.5,Cheena,Nov,Dec to Feb,Feb to Apr,25,25,17.0,40,85,247.9262547
0,,Barguna,Rabi,21.0,62.5,Cheena,Nov,Dec to Feb,Feb to Apr,0,25,17.0,40,85,133.3794993
0,,Barishal,Rabi,21.0,62.5,Cheena,Nov,Dec to Feb,Feb to Apr,0,25,17.0,40,85,223.1005803
58,0.844827586,Bhola,Rabi,21.0,62.5,Cheena,Nov,Dec to Feb,Feb to Apr,49,25,17.0,40,85,190.0810049
107,0.308411215,Bogura,Rabi,21.0,62.5,Cheena,Nov,Dec to Feb,Feb to Apr,33,25,17.0,40,85,104.7309037
0,,Brahmanbaria,Rabi,21.0,62.5,Cheena,Nov,Dec to Feb,Feb to Apr,0,25,17.0,40,85,218.8435334
49,0.326530612,Chandpur,Rabi,21.0,62.5,Cheena,Nov,Dec to Feb,Feb to Apr,16,25,17.0,40,85,211.8301848
57,0.315789474,Chapai Nawabganj,Rabi,21.0,62.5,Cheena,Nov,Dec to Feb,Feb to Apr,18,25,17.0,40,85,47.56769823
0,,Chattogram,Rabi,21.0,62.5,Cheena,Nov,Dec to Feb,Feb to Apr,0,25,17.0,40,85,291.6700436
0,,Chuadanga,Rabi,21.0,62.5,Cheena,Nov,Dec to Feb,Feb to Apr,0,25,17.0,40,85,180.1729048
0,,CoxsBazar,Rabi,21.0,62.5,Cheena,Nov,Dec to Feb,Feb to Apr,0,25,17.0,40,85,144.8815569
0,,Cumilla,Rabi,21.0,62.5,Cheena,Nov,Dec to Feb,Feb to Apr,0,25,17.0,40,85,61.18731192
0,,Dhaka,Rabi,21.0,62.5,Cheena,Nov,Dec to Feb,Feb to Apr,0,25,17.0,40,85,146.1403371
4,0.25,Dinajpur,Rabi,21.0,62.5,Cheena,Nov,Dec to Feb,Feb to Apr,1,25,17.0,40,85,139.2907375
0,,Faridpur,Rabi,21.0,62.5,Cheena,Nov,Dec to Feb,Feb to Apr,0,25,17.0,40,85,147.9390009
0,,Feni,Rabi,21.0,62.5,Cheena,Nov,Dec to Feb,Feb to Apr,0,25,17.0,40,85,192.8877344
200,0.835,Gaibandha,Rabi,21.0,62.5,Cheena,Nov,Dec to Feb,Feb to Apr,167,25,17.0,40,85,181.1724509
0,,Gazipur,Rabi,21.0,62.5,Cheena,Nov,Dec to Feb,Feb to Apr,0,25,17.0,40,85,82.89878317
0,,Gopalganj,Rabi,21.0,62.5,Cheena,Nov,Dec to Feb,Feb to Apr,0,25,17.0,40,85,122.7319493
0,,Habiganj,Rabi,21.0,62.5,Cheena,Nov,Dec to Feb,Feb to Apr,0,25,17.0,40,85,136.5410857
20,0.5,Jamalpur,Rabi,21.0,62.5,Cheena,Nov,Dec to Feb,Feb to Apr,10,25,17.0,40,85,102.717858
0,,Jashore,Rabi,21.0,62.5,Cheena,Nov,Dec to Feb,Feb to Apr,0,25,17.0,40,85,182.8625388
0,,Jhallokati,Rabi,21.0,62.5,Cheena,Nov,Dec to Feb,Feb to Apr,0,25,17.0,40,85,177.2020389
0,,Jhenaidah,Rabi,21.0,62.5,Cheena,Nov,Dec to Feb,Feb to Apr,0,25,17.0,40,85,76.57675802
0,,Joypurhat,Rabi,21.0,62.5,Cheena,Nov,Dec to Feb,Feb to Apr,0,25,17.0,40,85,141.1003893
19,0.368421053,Khagrachari,Rabi,21.0,62.5,Cheena,Nov,Dec to Feb,Feb to Apr,7,25,17.0,40,85,183.5070812
0,,Khulna,Rabi,21.0,62.5,Cheena,Nov,Dec to Feb,Feb to Apr,0,25,17.0,40,85,151.0628039
0,,Kishoreganj,Rabi,21.0,62.5,Cheena,Nov,Dec to Feb,Feb to Apr,0,25,17.0,40,85,134.1650913
812,0.456896552,Kurigram,Rabi,21.0,62.5,Cheena,Nov,Dec to Feb,Feb to Apr,371,25,17.0,40,85,222.3240236
0,,Kushtia,Rabi,21.0,62.5,Cheena,Nov,Dec to Feb,Feb to Apr,0,25,17.0,40,85,153.951889
2,0.0,Lakshmipur,Rabi,21.0,62.5,Cheena,Nov,Dec to Feb,Feb to Apr,0,25,17.0,40,85,70.07118967
10,0.5,Lalmonirhat,Rabi,21.0,62.5,Cheena,Nov,Dec to Feb,Feb to Apr,5,25,17.0,40,85,127.7867518
0,,Madaripur,Rabi,21.0,62.5,Cheena,Nov,Dec to Feb,Feb to Apr,0,25,17.0,40,85,89.3595126
0,,Magura,Rabi,21.0,62.5,Cheena,Nov,Dec to Feb,Feb to Apr,0,25,17.0,40,85,106.8511312
0,,Manikganj,Rabi,21.0,62.5,Cheena,Nov,Dec to Feb,Feb to Apr,0,25,17.0,40,85,184.275012
0,,Meherpur,Rabi,21.0,62.5,Cheena,Nov,Dec to Feb,Feb to Apr,0,25,17.0,40,85,237.1193518
0,,Moulvibazar,Rabi,21.0,62.5,Cheena,Nov,Dec to Feb,Feb to Apr,0,25,17.0,40,85,99.23016325
51,0.411764706,Munshiganj,Rabi,21.0,62.5,Cheena,Nov,Dec to Feb,Feb to Apr,21,25,17.0,40,85,72.95350708
0,,Mymensingh,Rabi,21.0,62.5,Cheena,Nov,Dec to Feb,Feb to Apr,0,25,17.0,40,85,108.8231907
0,,Naogaon,Rabi,21.0,62.5,Cheena,Nov,Dec to Feb,Feb to Apr,0,25,17.0,40,85,106.5130319
0,,Narail,Rabi,21.0,62.5,Cheena,Nov,Dec to Feb,Feb to Apr,0,25,17.0,40,85,218.0356288
0,,Narayanganj,Rabi,21.0,62.5,Cheena,Nov,Dec to Feb,Feb to Apr,0,25,17.0,40,85,174.9653074
0,,Narsingdi,Rabi,21.0,62.5,Cheena,Nov,Dec to Feb,Feb to Apr,0,25,17.0,40,85,138.3245671
0,,Natore,Rabi,21.0,62.5,Cheena,Nov,Dec to Feb,Feb to Apr,0,25,17.0,40,85,161.2178218
0,,Netrokona,Rabi,21.0,62.5,Cheena,Nov,Dec to Feb,Feb to Apr,0,25,17.0,40,85,107.663623
9,0.444444444,Nilphamari,Rabi,21.0,62.5,Cheena,Nov,Dec to Feb,Feb to Apr,4,25,17.0,40,85,163.3605344
3,0.0,Noakhali,Rabi,21.0,62.5,Cheena,Nov,Dec to Feb,Feb to Apr,0,25,17.0,40,85,74.87893928
0,,Pabna,Rabi,21.0,62.5,Cheena,Nov,Dec to Feb,Feb to Apr,0,25,17.0,40,85,295.4278188
30,0.433333333,Panchagar,Rabi,21.0,62.5,Cheena,Nov,Dec to Feb,Feb to Apr,13,25,17.0,40,85,180.0058167
0,,Patuakhali,Rabi,21.0,62.5,Cheena,Nov,Dec to Feb,Feb to Apr,0,25,17.0,40,85,97.59813487
0,,Pirojpur,Rabi,21.0,62.5,Cheena,Nov,Dec to Feb,Feb to Apr,0,25,17.0,40,85,156.4544982
0,,Rajbari,Rabi,21.0,62.5,Cheena,Nov,Dec to Feb,Feb to Apr,0,25,17.0,40,85,204.9123242
0,,Rajshahi,Rabi,21.0,62.5,Cheena,Nov,Dec to Feb,Feb to Apr,0,25,17.0,40,85,111.7439565
82,0.43902439,Rangamati,Rabi,21.0,62.5,Cheena,Nov,Dec to Feb,Feb to Apr,36,25,17.0,40,85,100.4537023
15,0.6,Rangpur,Rabi,21.0,62.5,Cheena,Nov,Dec to Feb,Feb to Apr,9,25,17.0,40,85,144.5372943
0,,Satkhira,Rabi,21.0,62.5,Cheena,Nov,Dec to Feb,Feb to Apr,0,25,17.0,40,85,176.9799449
0,,Shariatpur,Rabi,21.0,62.5,Cheena,Nov,Dec to Feb,Feb to Apr,0,25,17.0,40,85,74.21209798
0,,Sherpur,Rabi,21.0,62.5,Cheena,Nov,Dec to Feb,Feb to Apr,0,25,17.0,40,85,215.7299346
229,0.541484716,Sirajganj,Rabi,21.0,62.5,Cheena,Nov,Dec to Feb,Feb to Apr,124,25,17.0,40,85,149.177692
0,,Sunamganj,Rabi,21.0,62.5,Cheena,Nov,Dec to Feb,Feb to Apr,0,25,17.0,40,85,186.8787769
0,,Sylhet,Rabi,21.0,62.5,Cheena,Nov,Dec to Feb,Feb to Apr,0,25,17.0,40,85,44.21260829
0,,Tangail,Rabi,21.0,62.5,Cheena,Nov,Dec to Feb,Feb to Apr,0,25,17.0,40,85,0.0
111,0.252252252,Thakurgaon,Rabi,21.0,62.5,Cheena,Nov,Dec to Feb,Feb to Apr,28,25,17.0,40,85,154.9425333
854,0.565573771,Bagerhat,Rabi,22.5,60.0,Chili,Oct,Nov to Mar,Mar to Apr,483,30,15.0,50,70,109.8985847
343,0.921282799,Bandarban,Rabi,22.5,60.0,Chili,Oct,Nov to Mar,Mar to Apr,316,30,15.0,50,70,165.9104575
896,1.174107143,Barguna,Rabi,22.5,60.0,Chili,Oct,Nov to Mar,Mar to Apr,1052,30,15.0,50,70,175.4868282
8510,0.412455934,Barishal,Rabi,22.5,60.0,Chili,Oct,Nov to Mar,Mar to Apr,3510,30,15.0,50,70,79.36572294
23722,0.425512183,Bhola,Rabi,22.5,60.0,Chili,Oct,Nov to Mar,Mar to Apr,10094,30,15.0,50,70,84.59921537
15749,4.118991682,Bogura,Rabi,22.5,60.0,Chili,Oct,Nov to Mar,Mar to Apr,64870,30,15.0,50,70,180.873654
2969,0.535197036,Brahmanbaria,Rabi,22.5,60.0,Chili,Oct,Nov to Mar,Mar to Apr,1589,30,15.0,50,70,24.87111476
5824,0.482657967,Chandpur,Rabi,22.5,60.0,Chili,Oct,Nov to Mar,Mar to Apr,2811,30,15.0,50,70,12.05698116
341,2.958944282,Chapai Nawabganj,Rabi,22.5,60.0,Chili,Oct,Nov to Mar,Mar to Apr,1009,30,15.0,50,70,260.1702005
5015,0.435493519,Chattogram,Rabi,22.5,60.0,Chili,Oct,Nov to Mar,Mar to Apr,2184,30,15.0,50,70,127.8239654
956,1.05334728,Chuadanga,Rabi,22.5,60.0,Chili,Oct,Nov to Mar,Mar to Apr,1007,30,15.0,50,70,63.29828739
1899,0.757240653,CoxsBazar,Rabi,22.5,60.0,Chili,Oct,Nov to Mar,Mar to Apr,1438,30,15.0,50,70,219.3277875
6656,0.603515625,Cumilla,Rabi,22.5,60.0,Chili,Oct,Nov to Mar,Mar to Apr,4017,30,15.0,50,70,107.0628563
1174,1.807495741,Dhaka,Rabi,22.5,60.0,Chili,Oct,Nov to Mar,Mar to Apr,2122,30,15.0,50,70,182.2207165
2915,5.246998285,Dinajpur,Rabi,22.5,60.0,Chili,Oct,Nov to Mar,Mar to Apr,15295,30,15.0,50,70,136.5731355
2572,0.958009331,Faridpur,Rabi,22.5,60.0,Chili,Oct,Nov to Mar,Mar to Apr,2464,30,15.0,50,70,147.3640903
541,0.399260629,Feni,Rabi,22.5,60.0,Chili,Oct,Nov to Mar,Mar to Apr,216,30,15.0,50,70,117.0316913
1270,2.909448819,Gaibandha,Rabi,22.5,60.0,Chili,Oct,Nov to Mar,Mar to Apr,3695,30,15.0,50,70,42.32078219
1368,0.434210526,Gazipur,Rabi,22.5,60.0,Chili,Oct,Nov to Mar,Mar to Apr,594,30,15.0,50,70,181.2955065
905,2.036464088,Gopalganj,Rabi,22.5,60.0,Chili,Oct,Nov to Mar,Mar to Apr,1843,30,15.0,50,70,147.0445877
519,1.603082852,Habiganj,Rabi,22.5,60.0,Chili,Oct,Nov to Mar,Mar to Apr,832,30,15.0,50,70,204.0351066
14272,1.475616592,Jamalpur,Rabi,22.5,60.0,Chili,Oct,Nov to Mar,Mar to Apr,21060,30,15.0,50,70,186.1142858
2054,1.40993184,Jashore,Rabi,22.5,60.0,Chili,Oct,Nov to Mar,Mar to Apr,2896,30,15.0,50,70,13.94607819
1391,0.437814522,Jhallokati,Rabi,22.5,60.0,Chili,Oct,Nov to Mar,Mar to Apr,609,30,15.0,50,70,81.94239062
1848,1.406385281,Jhenaidah,Rabi,22.5,60.0,Chili,Oct,Nov to Mar,Mar to Apr,2599,30,15.0,50,70,255.2329668
553,5.65641953,Joypurhat,Rabi,22.5,60.0,Chili,Oct,Nov to Mar,Mar to Apr,3128,30,15.0,50,70,166.5684884
812,0.383004926,Khagrachari,Rabi,22.5,60.0,Chili,Oct,Nov to Mar,Mar to Apr,311,30,15.0,50,70,145.0297479
386,1.733160622,Khulna,Rabi,22.5,60.0,Chili,Oct,Nov to Mar,Mar to Apr,669,30,15.0,50,70,211.2165166
4034,1.683936539,Kishoreganj,Rabi,22.5,60.0,Chili,Oct,Nov to Mar,Mar to Apr,6793,30,15.0,50,70,170.6610753
1386,2.497835498,Kurigram,Rabi,22.5,60.0,Chili,Oct,Nov to Mar,Mar to Apr,3462,30,15.0,50,70,212.9942447
902,1.272727273,Kushtia,Rabi,22.5,60.0,Chili,Oct,Nov to Mar,Mar to Apr,1148,30,15.0,50,70,111.6966295
4000,0.3475,Lakshmipur,Rabi,22.5,60.0,Chili,Oct,Nov to Mar,Mar to Apr,1390,30,15.0,50,70,152.2475989
600,3.641666667,Lalmonirhat,Rabi,22.5,60.0,Chili,Oct,Nov to Mar,Mar to Apr,2185,30,15.0,50,70,150.2949756
1213,2.615828524,Madaripur,Rabi,22.5,60.0,Chili,Oct,Nov to Mar,Mar to Apr,3173,30,15.0,50,70,154.4622976
550,0.969090909,Magura,Rabi,22.5,60.0,Chili,Oct,Nov to Mar,Mar to Apr,533,30,15.0,50,70,89.34949512
6794,6.386075949,Manikganj,Rabi,22.5,60.0,Chili,Oct,Nov to Mar,Mar to Apr,43387,30,15.0,50,70,169.884422
403,0.935483871,Meherpur,Rabi,22.5,60.0,Chili,Oct,Nov to Mar,Mar to Apr,377,30,15.0,50,70,115.9507213
315,1.044444444,Moulvibazar,Rabi,22.5,60.0,Chili,Oct,Nov to Mar,Mar to Apr,329,30,15.0,50,70,174.0199843
954,1.469601677,Munshiganj,Rabi,22.5,60.0,Chili,Oct,Nov to Mar,Mar to Apr,1402,30,15.0,50,70,102.9122901
3540,1.377966102,Mymensingh,Rabi,22.5,60.0,Chili,Oct,Nov to Mar,Mar to Apr,4878,30,15.0,50,70,246.1542289
1493,3.261888814,Naogaon,Rabi,22.5,60.0,Chili,Oct,Nov to Mar,Mar to Apr,4870,30,15.0,50,70,119.5773055
530,2.435849057,Narail,Rabi,22.5,60.0,Chili,Oct,Nov to Mar,Mar to Apr,1291,30,15.0,50,70,83.03481531
539,0.513914657,Narayanganj,Rabi,22.5,60.0,Chili,Oct,Nov to Mar,Mar to Apr,277,30,15.0,50,70,139.322551
1912,3.472280335,Narsingdi,Rabi,22.5,60.0,Chili,Oct,Nov to Mar,Mar to Apr,6639,30,15.0,50,70,153.2267034
763,3.598951507,Natore,Rabi,22.5,60.0,Chili,Oct,Nov to Mar,Mar to Apr,2746,30,15.0,50,70,161.7179483
1011,1.333333333,Netrokona,Rabi,22.5,60.0,Chili,Oct,Nov to Mar,Mar to Apr,1348,30,15.0,50,70,165.5818682
4526,3.846221829,Nilphamari,Rabi,22.5,60.0,Chili,Oct,Nov to Mar,Mar to Apr,17408,30,15.0,50,70,131.1316522
7760,0.446134021,Noakhali,Rabi,22.5,60.0,Chili,Oct,Nov to Mar,Mar to Apr,3462,30,15.0,50,70,237.364759
1787,3.226636821,Pabna,Rabi,22.5,60.0,Chili,Oct,Nov to Mar,Mar to Apr,5766,30,15.0,50,70,200.1509035
14415,3.610544572,Panchagar,Rabi,22.5,60.0,Chili,Oct,Nov to Mar,Mar to Apr,52046,30,15.0,50,70,112.1417756
2775,0.344864865,Patuakhali,Rabi,22.5,60.0,Chili,Oct,Nov to Mar,Mar to Apr,957,30,15.0,50,70,100.3787962
1004,0.387450199,Pirojpur,Rabi,22.5,60.0,Chili,Oct,Nov to Mar,Mar to Apr,389,30,15.0,50,70,265.2396437
618,1.213592233,Rajbari,Rabi,22.5,60.0,Chili,Oct,Nov to Mar,Mar to Apr,750,30,15.0,50,70,116.9874321
1575,2.934603175,Rajshahi,Rabi,22.5,60.0,Chili,Oct,Nov to Mar,Mar to Apr,4622,30,15.0,50,70,166.9278272
1146,0.543630018,Rangamati,Rabi,22.5,60.0,Chili,Oct,Nov to Mar,Mar to Apr,623,30,15.0,50,70,72.92556856
3226,2.243645381,Rangpur,Rabi,22.5,60.0,Chili,Oct,Nov to Mar,Mar to Apr,7238,30,15.0,50,70,240.7780359
634,1.246056782,Satkhira,Rabi,22.5,60.0,Chili,Oct,Nov to Mar,Mar to Apr,790,30,15.0,50,70,105.3075214
10240,3.793457031,Shariatpur,Rabi,22.5,60.0,Chili,Oct,Nov to Mar,Mar to Apr,38845,30,15.0,50,70,172.4746289
1381,1.171614772,Sherpur,Rabi,22.5,60.0,Chili,Oct,Nov to Mar,Mar to Apr,1618,30,15.0,50,70,208.64832
3044,4.08804205,Sirajganj,Rabi,22.5,60.0,Chili,Oct,Nov to Mar,Mar to Apr,12444,30,15.0,50,70,158.3810491
963,1.271028037,Sunamganj,Rabi,22.5,60.0,Chili,Oct,Nov to Mar,Mar to Apr,1224,30,15.0,50,70,16.86581605
658,1.361702128,Sylhet,Rabi,22.5,60.0,Chili,Oct,Nov to Mar,Mar to Apr,896,30,15.0,50,70,151.0006996
2905,1.33080895,Tangail,Rabi,22.5,60.0,Chili,Oct,Nov to Mar,Mar to Apr,3866,30,15.0,50,70,159.0357237
854,1.950819672,Thakurgaon,Rabi,22.5,60.0,Chili,Oct,Nov to Mar,Mar to Apr,1666,30,15.0,50,70,78.95811921
521,2.476007678,Bagerhat,Kharif 2,26.5,75.0,Cucumber,Sep,Nov to Mar,Mar to Jun,1290,35,18.0,60,90,116.327567
1855,2.689487871,Bandarban,Kharif 2,26.5,75.0,Cucumber,Sep,Nov to Mar,Mar to Jun,4989,35,18.0,60,90,150.0727341
136,2.154411765,Barguna,Kharif 2,26.5,75.0,Cucumber,Sep,Nov to Mar,Mar to Jun,293,35,18.0,60,90,31.8731007
317,2.018927445,Barishal,Kharif 2,26.5,75.0,Cucumber,Sep,Nov to Mar,Mar to Jun,640,35,18.0,60,90,112.9618443
416,3.009615385,Bhola,Kharif 2,26.5,75.0,Cucumber,Sep,Nov to Mar,Mar to Jun,1252,35,18.0,60,90,217.4818709
469,2.978678038,Bogura,Kharif 2,26.5,75.0,Cucumber,Sep,Nov to Mar,Mar to Jun,1397,35,18.0,60,90,256.518712
296,4.037162162,Brahmanbaria,Kharif 2,26.5,75.0,Cucumber,Sep,Nov to Mar,Mar to Jun,1195,35,18.0,60,90,115.4304408
195,1.98974359,Chandpur,Kharif 2,26.5,75.0,Cucumber,Sep,Nov to Mar,Mar to Jun,388,35,18.0,60,90,114.737654
352,1.349431818,Chapai Nawabganj,Kharif 2,26.5,75.0,Cucumber,Sep,Nov to Mar,Mar to Jun,475,35,18.0,60,90,87.45369756
1156,2.73183391,Chattogram,Kharif 2,26.5,75.0,Cucumber,Sep,Nov to Mar,Mar to Jun,3158,35,18.0,60,90,85.81064021
399,2.055137845,Chuadanga,Kharif 2,26.5,75.0,Cucumber,Sep,Nov to Mar,Mar to Jun,820,35,18.0,60,90,154.447183
210,2.266666667,CoxsBazar,Kharif 2,26.5,75.0,Cucumber,Sep,Nov to Mar,Mar to Jun,476,35,18.0,60,90,46.54535572
533,3.245778612,Cumilla,Kharif 2,26.5,75.0,Cucumber,Sep,Nov to Mar,Mar to Jun,1730,35,18.0,60,90,189.5884702
611,2.25695581,Dhaka,Kharif 2,26.5,75.0,Cucumber,Sep,Nov to Mar,Mar to Jun,1379,35,18.0,60,90,184.6443815
413,2.389830508,Dinajpur,Kharif 2,26.5,75.0,Cucumber,Sep,Nov to Mar,Mar to Jun,987,35,18.0,60,90,144.2724156
282,1.90070922,Faridpur,Kharif 2,26.5,75.0,Cucumber,Sep,Nov to Mar,Mar to Jun,536,35,18.0,60,90,161.4655613
111,1.495495495,Feni,Kharif 2,26.5,75.0,Cucumber,Sep,Nov to Mar,Mar to Jun,166,35,18.0,60,90,175.9257676
234,2.358974359,Gaibandha,Kharif 2,26.5,75.0,Cucumber,Sep,Nov to Mar,Mar to Jun,552,35,18.0,60,90,141.8289353
284,1.693661972,Gazipur,Kharif 2,26.5,75.0,Cucumber,Sep,Nov to Mar,Mar to Jun,481,35,18.0,60,90,260.162816
190,2.057894737,Gopalganj,Kharif 2,26.5,75.0,Cucumber,Sep,Nov to Mar,Mar to Jun,391,35,18.0,60,90,187.0954207
158,2.113924051,Habiganj,Kharif 2,26.5,75.0,Cucumber,Sep,Nov to Mar,Mar to Jun,334,35,18.0,60,90,155.9454506
698,10.52292264,Jamalpur,Kharif 2,26.5,75.0,Cucumber,Sep,Nov to Mar,Mar to Jun,7345,35,18.0,60,90,58.04841912
756,4.085978836,Jashore,Kharif 2,26.5,75.0,Cucumber,Sep,Nov to Mar,Mar to Jun,3089,35,18.0,60,90,92.07385863
247,2.032388664,Jhallokati,Kharif 2,26.5,75.0,Cucumber,Sep,Nov to Mar,Mar to Jun,502,35,18.0,60,90,120.2005754
547,3.314442413,Jhenaidah,Kharif 2,26.5,75.0,Cucumber,Sep,Nov to Mar,Mar to Jun,1813,35,18.0,60,90,46.93846052
131,4.221374046,Joypurhat,Kharif 2,26.5,75.0,Cucumber,Sep,Nov to Mar,Mar to Jun,553,35,18.0,60,90,108.8216476
479,2.995824635,Khagrachari,Kharif 2,26.5,75.0,Cucumber,Sep,Nov to Mar,Mar to Jun,1435,35,18.0,60,90,227.1958672
273,1.505494505,Khulna,Kharif 2,26.5,75.0,Cucumber,Sep,Nov to Mar,Mar to Jun,411,35,18.0,60,90,134.0343906
175,6.92,Kishoreganj,Kharif 2,26.5,75.0,Cucumber,Sep,Nov to Mar,Mar to Jun,1211,35,18.0,60,90,202.34021
323,4.13003096,Kurigram,Kharif 2,26.5,75.0,Cucumber,Sep,Nov to Mar,Mar to Jun,1334,35,18.0,60,90,142.4771525
378,6.275132275,Kushtia,Kharif 2,26.5,75.0,Cucumber,Sep,Nov to Mar,Mar to Jun,2372,35,18.0,60,90,92.80928042
473,1.619450317,Lakshmipur,Kharif 2,26.5,75.0,Cucumber,Sep,Nov to Mar,Mar to Jun,766,35,18.0,60,90,272.8519997
252,2.472222222,Lalmonirhat,Kharif 2,26.5,75.0,Cucumber,Sep,Nov to Mar,Mar to Jun,623,35,18.0,60,90,237.0995541
144,5.0625,Madaripur,Kharif 2,26.5,75.0,Cucumber,Sep,Nov to Mar,Mar to Jun,729,35,18.0,60,90,170.6508971
74,2.648648649,Magura,Kharif 2,26.5,75.0,Cucumber,Sep,Nov to Mar,Mar to Jun,196,35,18.0,60,90,231.7050682
507,5.605522682,Manikganj,Kharif 2,26.5,75.0,Cucumber,Sep,Nov to Mar,Mar to Jun,2842,35,18.0,60,90,197.6346686
892,10.93721973,Meherpur,Kharif 2,26.5,75.0,Cucumber,Sep,Nov to Mar,Mar to Jun,9756,35,18.0,60,90,71.24778519
186,3.596774194,Moulvibazar,Kharif 2,26.5,75.0,Cucumber,Sep,Nov to Mar,Mar to Jun,669,35,18.0,60,90,262.5713984
180,5.544444444,Munshiganj,Kharif 2,26.5,75.0,Cucumber,Sep,Nov to Mar,Mar to Jun,998,35,18.0,60,90,102.2216112
1147,6.238012206,Mymensingh,Kharif 2,26.5,75.0,Cucumber,Sep,Nov to Mar,Mar to Jun,7155,35,18.0,60,90,345.903503
286,3.405594406,Naogaon,Kharif 2,26.5,75.0,Cucumber,Sep,Nov to Mar,Mar to Jun,974,35,18.0,60,90,0.0
214,3.887850467,Narail,Kharif 2,26.5,75.0,Cucumber,Sep,Nov to Mar,Mar to Jun,832,35,18.0,60,90,183.4489885
221,2.036199095,Narayanganj,Kharif 2,26.5,75.0,Cucumber,Sep,Nov to Mar,Mar to Jun,450,35,18.0,60,90,133.9949877
375,4.181333333,Narsingdi,Kharif 2,26.5,75.0,Cucumber,Sep,Nov to Mar,Mar to Jun,1568,35,18.0,60,90,132.0775579
284,2.492957746,Natore,Kharif 2,26.5,75.0,Cucumber,Sep,Nov to Mar,Mar to Jun,708,35,18.0,60,90,108.1501205
343,6.533527697,Netrokona,Kharif 2,26.5,75.0,Cucumber,Sep,Nov to Mar,Mar to Jun,2241,35,18.0,60,90,254.0071135
402,3.082089552,Nilphamari,Kharif 2,26.5,75.0,Cucumber,Sep,Nov to Mar,Mar to Jun,1239,35,18.0,60,90,151.5381291
294,2.431972789,Noakhali,Kharif 2,26.5,75.0,Cucumber,Sep,Nov to Mar,Mar to Jun,715,35,18.0,60,90,145.1704067
337,2.347181009,Pabna,Kharif 2,26.5,75.0,Cucumber,Sep,Nov to Mar,Mar to Jun,791,35,18.0,60,90,50.96015898
280,2.857142857,Panchagar,Kharif 2,26.5,75.0,Cucumber,Sep,Nov to Mar,Mar to Jun,800,35,18.0,60,90,107.4201144
146,1.952054795,Patuakhali,Kharif 2,26.5,75.0,Cucumber,Sep,Nov to Mar,Mar to Jun,285,35,18.0,60,90,114.1311784
235,1.774468085,Pirojpur,Kharif 2,26.5,75.0,Cucumber,Sep,Nov to Mar,Mar to Jun,417,35,18.0,60,90,154.8811722
179,4.491620112,Rajbari,Kharif 2,26.5,75.0,Cucumber,Sep,Nov to Mar,Mar to Jun,804,35,18.0,60,90,240.3213184
606,3.356435644,Rajshahi,Kharif 2,26.5,75.0,Cucumber,Sep,Nov to Mar,Mar to Jun,2034,35,18.0,60,90,258.0112582
602,2.061461794,Rangamati,Kharif 2,26.5,75.0,Cucumber,Sep,Nov to Mar,Mar to Jun,1241,35,18.0,60,90,164.7026044
554,2.514440433,Rangpur,Kharif 2,26.5,75.0,Cucumber,Sep,Nov to Mar,Mar to Jun,1393,35,18.0,60,90,59.00434886
246,2.756097561,Satkhira,Kharif 2,26.5,75.0,Cucumber,Sep,Nov to Mar,Mar to Jun,678,35,18.0,60,90,179.5637124
119,6.151260504,Shariatpur,Kharif 2,26.5,75.0,Cucumber,Sep,Nov to Mar,Mar to Jun,732,35,18.0,60,90,174.8343783
757,6.747688243,Sherpur,Kharif 2,26.5,75.0,Cucumber,Sep,Nov to Mar,Mar to Jun,5108,35,18.0,60,90,144.9469418
173,2.595375723,Sirajganj,Kharif 2,26.5,75.0,Cucumber,Sep,Nov to Mar,Mar to Jun,449,35,18.0,60,90,122.130358
178,3.662921348,Sunamganj,Kharif 2,26.5,75.0,Cucumber,Sep,Nov to Mar,Mar to Jun,652,35,18.0,60,90,99.16605302
310,3.8,Sylhet,Kharif 2,26.5,75.0,Cucumber,Sep,Nov to Mar,Mar to Jun,1178,35,18.0,60,90,228.7369997
798,2.617794486,Tangail,Kharif 2,26.5,75.0,Cucumber,Sep,Nov to Mar,Mar to Jun,2089,35,18.0,60,90,128.5812016
342,2.289473684,Thakurgaon,Kharif 2,26.5,75.0,Cucumber,Sep,Nov to Mar,Mar to Jun,783,35,18.0,60,90,209.6442346
0,,Bagerhat,Kharif 1,21.5,82.5,Dalim,Apr,No need to do,Throughout The year,0,38,5.0,70,95,171.7345055
21,0.047619048,Bandarban,Kharif 1,21.5,82.5,Dalim,Apr,No need to do,Throughout The year,1,38,5.0,70,95,212.3344619
0,,Barguna,Kharif 1,21.5,82.5,Dalim,Apr,No need to do,Throughout The year,0,38,5.0,70,95,39.42786126
24,2.583333333,Barishal,Kharif 1,21.5,82.5,Dalim,Apr,No need to do,Throughout The year,62,38,5.0,70,95,145.8633878
3,0.333333333,Bhola,Kharif 1,21.5,82.5,Dalim,Apr,No need to do,Throughout The year,1,38,5.0,70,95,196.4403571
2,4.0,Bogura,Kharif 1,21.5,82.5,Dalim,Apr,No need to do,Throughout The year,8,38,5.0,70,95,167.9477713
33,0.878787879,Brahmanbaria,Kharif 1,21.5,82.5,Dalim,Apr,No need to do,Throughout The year,29,38,5.0,70,95,177.5401462
6,1.666666667,Chandpur,Kharif 1,21.5,82.5,Dalim,Apr,No need to do,Throughout The year,10,38,5.0,70,95,158.8417674
23,2.130434783,Chapai Nawabganj,Kharif 1,21.5,82.5,Dalim,Apr,No need to do,Throughout The year,49,38,5.0,70,95,127.0465929
3,2.0,Chattogram,Kharif 1,21.5,82.5,Dalim,Apr,No need to do,Throughout The year,6,38,5.0,70,95,260.6387231
5,1.0,Chuadanga,Kharif 1,21.5,82.5,Dalim,Apr,No need to do,Throughout The year,5,38,5.0,70,95,130.5958428
6,1.333333333,CoxsBazar,Kharif 1,21.5,82.5,Dalim,Apr,No need to do,Throughout The year,8,38,5.0,70,95,160.4764551
44,0.75,Cumilla,Kharif 1,21.5,82.5,Dalim,Apr,No need to do,Throughout The year,33,38,5.0,70,95,168.9962846
5,3.8,Dhaka,Kharif 1,21.5,82.5,Dalim,Apr,No need to do,Throughout The year,19,38,5.0,70,95,141.1971287
26,2.5,Dinajpur,Kharif 1,21.5,82.5,Dalim,Apr,No need to do,Throughout The year,65,38,5.0,70,95,133.2735316
18,3.0,Faridpur,Kharif 1,21.5,82.5,Dalim,Apr,No need to do,Throughout The year,54,38,5.0,70,95,77.37952826
1,1.0,Feni,Kharif 1,21.5,82.5,Dalim,Apr,No need to do,Throughout The year,1,38,5.0,70,95,121.3525983
12,1.583333333,Gaibandha,Kharif 1,21.5,82.5,Dalim,Apr,No need to do,Throughout The year,19,38,5.0,70,95,48.13848968
24,0.708333333,Gazipur,Kharif 1,21.5,82.5,Dalim,Apr,No need to do,Throughout The year,17,38,5.0,70,95,198.8870104
4,7.25,Gopalganj,Kharif 1,21.5,82.5,Dalim,Apr,No need to do,Throughout The year,29,38,5.0,70,95,198.8309412
0,,Habiganj,Kharif 1,21.5,82.5,Dalim,Apr,No need to do,Throughout The year,0,38,5.0,70,95,187.6573152
6,1.5,Jamalpur,Kharif 1,21.5,82.5,Dalim,Apr,No need to do,Throughout The year,9,38,5.0,70,95,91.00352535
13,8.461538462,Jashore,Kharif 1,21.5,82.5,Dalim,Apr,No need to do,Throughout The year,110,38,5.0,70,95,146.5503926
13,0.769230769,Jhallokati,Kharif 1,21.5,82.5,Dalim,Apr,No need to do,Throughout The year,10,38,5.0,70,95,282.9111643
12,3.833333333,Jhenaidah,Kharif 1,21.5,82.5,Dalim,Apr,No need to do,Throughout The year,46,38,5.0,70,95,0.808050957
5,2.8,Joypurhat,Kharif 1,21.5,82.5,Dalim,Apr,No need to do,Throughout The year,14,38,5.0,70,95,186.4115742
4,0.5,Khagrachari,Kharif 1,21.5,82.5,Dalim,Apr,No need to do,Throughout The year,2,38,5.0,70,95,149.3439098
7,4.714285714,Khulna,Kharif 1,21.5,82.5,Dalim,Apr,No need to do,Throughout The year,33,38,5.0,70,95,161.8940619
11,1.363636364,Kishoreganj,Kharif 1,21.5,82.5,Dalim,Apr,No need to do,Throughout The year,15,38,5.0,70,95,63.05611743
6,5.166666667,Kurigram,Kharif 1,21.5,82.5,Dalim,Apr,No need to do,Throughout The year,31,38,5.0,70,95,163.1815086
12,2.583333333,Kushtia,Kharif 1,21.5,82.5,Dalim,Apr,No need to do,Throughout The year,31,38,5.0,70,95,122.659481
8,1.125,Lakshmipur,Kharif 1,21.5,82.5,Dalim,Apr,No need to do,Throughout The year,9,38,5.0,70,95,121.4530276
8,2.25,Lalmonirhat,Kharif 1,21.5,82.5,Dalim,Apr,No need to do,Throughout The year,18,38,5.0,70,95,176.5901139
7,7.0,Madaripur,Kharif 1,21.5,82.5,Dalim,Apr,No need to do,Throughout The year,49,38,5.0,70,95,244.5494365
46,1.413043478,Magura,Kharif 1,21.5,82.5,Dalim,Apr,No need to do,Throughout The year,65,38,5.0,70,95,39.71197868
2,2.0,Manikganj,Kharif 1,21.5,82.5,Dalim,Apr,No need to do,Throughout The year,4,38,5.0,70,95,184.1992474
14,0.642857143,Meherpur,Kharif 1,21.5,82.5,Dalim,Apr,No need to do,Throughout The year,9,38,5.0,70,95,179.1149794
5,0.8,Moulvibazar,Kharif 1,21.5,82.5,Dalim,Apr,No need to do,Throughout The year,4,38,5.0,70,95,78.40048304
1,4.0,Munshiganj,Kharif 1,21.5,82.5,Dalim,Apr,No need to do,Throughout The year,4,38,5.0,70,95,126.542064
18,0.611111111,Mymensingh,Kharif 1,21.5,82.5,Dalim,Apr,No need to do,Throughout The year,11,38,5.0,70,95,189.0403523
5,4.2,Naogaon,Kharif 1,21.5,82.5,Dalim,Apr,No need to do,Throughout The year,21,38,5.0,70,95,124.1796989
21,0.380952381,Narail,Kharif 1,21.5,82.5,Dalim,Apr,No need to do,Throughout The year,8,38,5.0,70,95,241.040625
4,7.25,Narayanganj,Kharif 1,21.5,82.5,Dalim,Apr,No need to do,Throughout The year,29,38,5.0,70,95,246.3434544
12,2.416666667,Narsingdi,Kharif 1,21.5,82.5,Dalim,Apr,No need to do,Throughout The year,29,38,5.0,70,95,122.5848179
8,6.375,Natore,Kharif 1,21.5,82.5,Dalim,Apr,No need to do,Throughout The year,51,38,5.0,70,95,166.9427281
15,1.733333333,Netrokona,Kharif 1,21.5,82.5,Dalim,Apr,No need to do,Throughout The year,26,38,5.0,70,95,87.67099326
6,3.0,Nilphamari,Kharif 1,21.5,82.5,Dalim,Apr,No need to do,Throughout The year,18,38,5.0,70,95,85.80244348
2,0.5,Noakhali,Kharif 1,21.5,82.5,Dalim,Apr,No need to do,Throughout The year,1,38,5.0,70,95,214.7140956
4,2.0,Pabna,Kharif 1,21.5,82.5,Dalim,Apr,No need to do,Throughout The year,8,38,5.0,70,95,68.98202268
21,0.761904762,Panchagar,Kharif 1,21.5,82.5,Dalim,Apr,No need to do,Throughout The year,16,38,5.0,70,95,274.4825176
11,0.636363636,Patuakhali,Kharif 1,21.5,82.5,Dalim,Apr,No need to do,Throughout The year,7,38,5.0,70,95,221.4450071
1,2.0,Pirojpur,Kharif 1,21.5,82.5,Dalim,Apr,No need to do,Throughout The year,2,38,5.0,70,95,201.5805008
2,5.0,Rajbari,Kharif 1,21.5,82.5,Dalim,Apr,No need to do,Throughout The year,10,38,5.0,70,95,89.59041804
16,5.625,Rajshahi,Kharif 1,21.5,82.5,Dalim,Apr,No need to do,Throughout The year,90,38,5.0,70,95,96.28258499
2,0.5,Rangamati,Kharif 1,21.5,82.5,Dalim,Apr,No need to do,Throughout The year,1,38,5.0,70,95,111.1094159
7,3.142857143,Rangpur,Kharif 1,21.5,82.5,Dalim,Apr,No need to do,Throughout The year,22,38,5.0,70,95,139.6845113
0,,Satkhira,Kharif 1,21.5,82.5,Dalim,Apr,No need to do,Throughout The year,0,38,5.0,70,95,46.71537908
3,8.333333333,Shariatpur,Kharif 1,21.5,82.5,Dalim,Apr,No need to do,Throughout The year,25,38,5.0,70,95,83.27319872
3,1.333333333,Sherpur,Kharif 1,21.5,82.5,Dalim,Apr,No need to do,Throughout The year,4,38,5.0,70,95,149.9580901
5,2.8,Sirajganj,Kharif 1,21.5,82.5,Dalim,Apr,No need to do,Throughout The year,14,38,5.0,70,95,207.1169538
4,0.5,Sunamganj,Kharif 1,21.5,82.5,Dalim,Apr,No need to do,Throughout The year,2,38,5.0,70,95,172.2778068
0,,Sylhet,Kharif 1,21.5,82.5,Dalim,Apr,No need to do,Throughout The year,0,38,5.0,70,95,90.35801544
24,3.416666667,Tangail,Kharif 1,21.5,82.5,Dalim,Apr,No need to do,Throughout The year,82,38,5.0,70,95,174.8999208
12,3.0,Thakurgaon,Kharif 1,21.5,82.5,Dalim,Apr,No need to do,Throughout The year,36,38,5.0,70,95,182.432984
480,2.322916667,Bagerhat,Rabi,25.0,80.0,Danta,Mar,Apr to Aug,Sep,1115,32,18.0,75,85,289.7516888
98,1.306122449,Bandarban,Rabi,25.0,80.0,Danta,Mar,Apr to Aug,Sep,128,32,18.0,75,85,82.77286756
95,1.684210526,Barguna,Rabi,25.0,80.0,Danta,Mar,Apr to Aug,Sep,160,32,18.0,75,85,224.5312663
355,1.636619718,Barishal,Rabi,25.0,80.0,Danta,Mar,Apr to Aug,Sep,581,32,18.0,75,85,199.7854045
244,1.631147541,Bhola,Rabi,25.0,80.0,Danta,Mar,Apr to Aug,Sep,398,32,18.0,75,85,76.78709333
325,3.870769231,Bogura,Rabi,25.0,80.0,Danta,Mar,Apr to Aug,Sep,1258,32,18.0,75,85,28.08209369
700,4.314285714,Brahmanbaria,Rabi,25.0,80.0,Danta,Mar,Apr to Aug,Sep,3020,32,18.0,75,85,257.2732409
248,2.350806452,Chandpur,Rabi,25.0,80.0,Danta,Mar,Apr to Aug,Sep,583,32,18.0,75,85,69.72300394
386,2.841968912,Chapai Nawabganj,Rabi,25.0,80.0,Danta,Mar,Apr to Aug,Sep,1097,32,18.0,75,85,184.1175706
370,2.794594595,Chattogram,Rabi,25.0,80.0,Danta,Mar,Apr to Aug,Sep,1034,32,18.0,75,85,64.74779006
475,2.275789474,Chuadanga,Rabi,25.0,80.0,Danta,Mar,Apr to Aug,Sep,1081,32,18.0,75,85,271.8746633
79,6.101265823,CoxsBazar,Rabi,25.0,80.0,Danta,Mar,Apr to Aug,Sep,482,32,18.0,75,85,83.47351898
641,2.845553822,Cumilla,Rabi,25.0,80.0,Danta,Mar,Apr to Aug,Sep,1824,32,18.0,75,85,243.6443742
694,2.159942363,Dhaka,Rabi,25.0,80.0,Danta,Mar,Apr to Aug,Sep,1499,32,18.0,75,85,157.9190588
440,2.134090909,Dinajpur,Rabi,25.0,80.0,Danta,Mar,Apr to Aug,Sep,939,32,18.0,75,85,221.2524621
545,2.297247706,Faridpur,Rabi,25.0,80.0,Danta,Mar,Apr to Aug,Sep,1252,32,18.0,75,85,80.04165679
141,1.65248227,Feni,Rabi,25.0,80.0,Danta,Mar,Apr to Aug,Sep,233,32,18.0,75,85,125.5331596
248,2.814516129,Gaibandha,Rabi,25.0,80.0,Danta,Mar,Apr to Aug,Sep,698,32,18.0,75,85,88.32451238
359,1.73816156,Gazipur,Rabi,25.0,80.0,Danta,Mar,Apr to Aug,Sep,624,32,18.0,75,85,183.0579223
681,3.468428781,Gopalganj,Rabi,25.0,80.0,Danta,Mar,Apr to Aug,Sep,2362,32,18.0,75,85,166.567595
216,2.680555556,Habiganj,Rabi,25.0,80.0,Danta,Mar,Apr to Aug,Sep,579,32,18.0,75,85,193.9302047
758,2.774406332,Jamalpur,Rabi,25.0,80.0,Danta,Mar,Apr to Aug,Sep,2103,32,18.0,75,85,127.6832719
1240,4.277419355,Jashore,Rabi,25.0,80.0,Danta,Mar,Apr to Aug,Sep,5304,32,18.0,75,85,117.2194088
338,1.715976331,Jhallokati,Rabi,25.0,80.0,Danta,Mar,Apr to Aug,Sep,580,32,18.0,75,85,202.0941794
722,4.422437673,Jhenaidah,Rabi,25.0,80.0,Danta,Mar,Apr to Aug,Sep,3193,32,18.0,75,85,217.0905094
214,2.696261682,Joypurhat,Rabi,25.0,80.0,Danta,Mar,Apr to Aug,Sep,577,32,18.0,75,85,118.8103188
362,2.116022099,Khagrachari,Rabi,25.0,80.0,Danta,Mar,Apr to Aug,Sep,766,32,18.0,75,85,104.5825093
373,2.932975871,Khulna,Rabi,25.0,80.0,Danta,Mar,Apr to Aug,Sep,1094,32,18.0,75,85,211.9554653
470,3.9,Kishoreganj,Rabi,25.0,80.0,Danta,Mar,Apr to Aug,Sep,1833,32,18.0,75,85,223.6912886
223,2.233183857,Kurigram,Rabi,25.0,80.0,Danta,Mar,Apr to Aug,Sep,498,32,18.0,75,85,158.6820197
572,4.956293706,Kushtia,Rabi,25.0,80.0,Danta,Mar,Apr to Aug,Sep,2835,32,18.0,75,85,69.73904608
185,1.32972973,Lakshmipur,Rabi,25.0,80.0,Danta,Mar,Apr to Aug,Sep,246,32,18.0,75,85,201.3872543
175,2.342857143,Lalmonirhat,Rabi,25.0,80.0,Danta,Mar,Apr to Aug,Sep,410,32,18.0,75,85,48.79468225
309,6.478964401,Madaripur,Rabi,25.0,80.0,Danta,Mar,Apr to Aug,Sep,2002,32,18.0,75,85,290.5667364
250,3.832,Magura,Rabi,25.0,80.0,Danta,Mar,Apr to Aug,Sep,958,32,18.0,75,85,210.3057253
322,2.565217391,Manikganj,Rabi,25.0,80.0,Danta,Mar,Apr to Aug,Sep,826,32,18.0,75,85,170.7458307
141,4.808510638,Meherpur,Rabi,25.0,80.0,Danta,Mar,Apr to Aug,Sep,678,32,18.0,75,85,224.1771584
256,2.05859375,Moulvibazar,Rabi,25.0,80.0,Danta,Mar,Apr to Aug,Sep,527,32,18.0,75,85,260.3607105
420,1.257142857,Munshiganj,Rabi,25.0,80.0,Danta,Mar,Apr to Aug,Sep,528,32,18.0,75,85,148.4058515
1467,3.197682345,Mymensingh,Rabi,25.0,80.0,Danta,Mar,Apr to Aug,Sep,4691,32,18.0,75,85,103.2079126
344,4.316860465,Naogaon,Rabi,25.0,80.0,Danta,Mar,Apr to Aug,Sep,1485,32,18.0,75,85,55.75686438
323,4.284829721,Narail,Rabi,25.0,80.0,Danta,Mar,Apr to Aug,Sep,1384,32,18.0,75,85,230.0335655
646,1.944272446,Narayanganj,Rabi,25.0,80.0,Danta,Mar,Apr to Aug,Sep,1256,32,18.0,75,85,146.1320748
379,2.656992084,Narsingdi,Rabi,25.0,80.0,Danta,Mar,Apr to Aug,Sep,1007,32,18.0,75,85,196.6915745
274,4.562043796,Natore,Rabi,25.0,80.0,Danta,Mar,Apr to Aug,Sep,1250,32,18.0,75,85,67.07926402
396,5.143939394,Netrokona,Rabi,25.0,80.0,Danta,Mar,Apr to Aug,Sep,2037,32,18.0,75,85,226.6848783
187,3.13368984,Nilphamari,Rabi,25.0,80.0,Danta,Mar,Apr to Aug,Sep,586,32,18.0,75,85,148.20449
289,1.584775087,Noakhali,Rabi,25.0,80.0,Danta,Mar,Apr to Aug,Sep,458,32,18.0,75,85,0.0
471,3.78343949,Pabna,Rabi,25.0,80.0,Danta,Mar,Apr to Aug,Sep,1782,32,18.0,75,85,235.926379
409,2.41809291,Panchagar,Rabi,25.0,80.0,Danta,Mar,Apr to Aug,Sep,989,32,18.0,75,85,141.5505601
157,1.394904459,Patuakhali,Rabi,25.0,80.0,Danta,Mar,Apr to Aug,Sep,219,32,18.0,75,85,46.18653035
227,1.370044053,Pirojpur,Rabi,25.0,80.0,Danta,Mar,Apr to Aug,Sep,311,32,18.0,75,85,149.1941015
639,4.638497653,Rajbari,Rabi,25.0,80.0,Danta,Mar,Apr to Aug,Sep,2964,32,18.0,75,85,137.1607196
728,5.302197802,Rajshahi,Rabi,25.0,80.0,Danta,Mar,Apr to Aug,Sep,3860,32,18.0,75,85,119.6886394
390,1.648717949,Rangamati,Rabi,25.0,80.0,Danta,Mar,Apr to Aug,Sep,643,32,18.0,75,85,124.9200808
261,1.708812261,Rangpur,Rabi,25.0,80.0,Danta,Mar,Apr to Aug,Sep,446,32,18.0,75,85,106.6907987
551,2.749546279,Satkhira,Rabi,25.0,80.0,Danta,Mar,Apr to Aug,Sep,1515,32,18.0,75,85,180.2584563
210,3.814285714,Shariatpur,Rabi,25.0,80.0,Danta,Mar,Apr to Aug,Sep,801,32,18.0,75,85,166.0814599
875,4.837714286,Sherpur,Rabi,25.0,80.0,Danta,Mar,Apr to Aug,Sep,4233,32,18.0,75,85,30.32787341
290,5.355172414,Sirajganj,Rabi,25.0,80.0,Danta,Mar,Apr to Aug,Sep,1553,32,18.0,75,85,28.93248441
246,4.211382114,Sunamganj,Rabi,25.0,80.0,Danta,Mar,Apr to Aug,Sep,1036,32,18.0,75,85,95.92688674
185,1.983783784,Sylhet,Rabi,25.0,80.0,Danta,Mar,Apr to Aug,Sep,367,32,18.0,75,85,118.730805
1906,2.61752361,Tangail,Rabi,25.0,80.0,Danta,Mar,Apr to Aug,Sep,4989,32,18.0,75,85,113.052017
381,1.818897638,Thakurgaon,Rabi,25.0,80.0,Danta,Mar,Apr to Aug,Sep,693,32,18.0,75,85,112.5631997
164,0.841463415,Bagerhat,Rabi,25.0,80.0,Danta Shak,Mar,Apr to Aug,Sep,138,32,18.0,75,85,211.325868
103,1.145631068,Bandarban,Rabi,25.0,80.0,Danta Shak,Mar,Apr to Aug,Sep,118,32,18.0,75,85,163.5439056
101,2.217821782,Barguna,Rabi,25.0,80.0,Danta Shak,Mar,Apr to Aug,Sep,224,32,18.0,75,85,209.2712972
244,2.057377049,Barishal,Rabi,25.0,80.0,Danta Shak,Mar,Apr to Aug,Sep,502,32,18.0,75,85,83.62887879
90,0.933333333,Bhola,Rabi,25.0,80.0,Danta Shak,Mar,Apr to Aug,Sep,84,32,18.0,75,85,140.1864473
141,2.255319149,Bogura,Rabi,25.0,80.0,Danta Shak,Mar,Apr to Aug,Sep,318,32,18.0,75,85,81.38933112
264,2.382575758,Brahmanbaria,Rabi,25.0,80.0,Danta Shak,Mar,Apr to Aug,Sep,629,32,18.0,75,85,84.3732076
117,1.205128205,Chandpur,Rabi,25.0,80.0,Danta Shak,Mar,Apr to Aug,Sep,141,32,18.0,75,85,105.6611445
235,1.676595745,Chapai Nawabganj,Rabi,25.0,80.0,Danta Shak,Mar,Apr to Aug,Sep,394,32,18.0,75,85,144.5185522
80,2.0,Chattogram,Rabi,25.0,80.0,Danta Shak,Mar,Apr to Aug,Sep,160,32,18.0,75,85,173.0430324
80,2.5125,Chuadanga,Rabi,25.0,80.0,Danta Shak,Mar,Apr to Aug,Sep,201,32,18.0,75,85,77.19083319
15,1.333333333,CoxsBazar,Rabi,25.0,80.0,Danta Shak,Mar,Apr to Aug,Sep,20,32,18.0,75,85,25.82558997
372,2.099462366,Cumilla,Rabi,25.0,80.0,Danta Shak,Mar,Apr to Aug,Sep,781,32,18.0,75,85,145.2752361
385,2.012987013,Dhaka,Rabi,25.0,80.0,Danta Shak,Mar,Apr to Aug,Sep,775,32,18.0,75,85,275.9634246
289,1.705882353,Dinajpur,Rabi,25.0,80.0,Danta Shak,Mar,Apr to Aug,Sep,493,32,18.0,75,85,173.3829517
542,2.333948339,Faridpur,Rabi,25.0,80.0,Danta Shak,Mar,Apr to Aug,Sep,1265,32,18.0,75,85,122.0310957
50,1.18,Feni,Rabi,25.0,80.0,Danta Shak,Mar,Apr to Aug,Sep,59,32,18.0,75,85,211.0436227
169,1.485207101,Gaibandha,Rabi,25.0,80.0,Danta Shak,Mar,Apr to Aug,Sep,251,32,18.0,75,85,77.87378848
157,1.50955414,Gazipur,Rabi,25.0,80.0,Danta Shak,Mar,Apr to Aug,Sep,237,32,18.0,75,85,58.66130445
357,1.826330532,Gopalganj,Rabi,25.0,80.0,Danta Shak,Mar,Apr to Aug,Sep,652,32,18.0,75,85,102.2534557
177,2.807909605,Habiganj,Rabi,25.0,80.0,Danta Shak,Mar,Apr to Aug,Sep,497,32,18.0,75,85,195.7467335
408,2.892156863,Jamalpur,Rabi,25.0,80.0,Danta Shak,Mar,Apr to Aug,Sep,1180,32,18.0,75,85,191.6334516
871,1.756601607,Jashore,Rabi,25.0,80.0,Danta Shak,Mar,Apr to Aug,Sep,1530,32,18.0,75,85,196.3829561
37,1.081081081,Jhallokati,Rabi,25.0,80.0,Danta Shak,Mar,Apr to Aug,Sep,40,32,18.0,75,85,277.5559112
401,3.478802993,Jhenaidah,Rabi,25.0,80.0,Danta Shak,Mar,Apr to Aug,Sep,1395,32,18.0,75,85,134.4037466
56,2.535714286,Joypurhat,Rabi,25.0,80.0,Danta Shak,Mar,Apr to Aug,Sep,142,32,18.0,75,85,152.9828538
232,1.74137931,Khagrachari,Rabi,25.0,80.0,Danta Shak,Mar,Apr to Aug,Sep,404,32,18.0,75,85,132.548648
598,1.287625418,Khulna,Rabi,25.0,80.0,Danta Shak,Mar,Apr to Aug,Sep,770,32,18.0,75,85,218.7417816
251,2.358565737,Kishoreganj,Rabi,25.0,80.0,Danta Shak,Mar,Apr to Aug,Sep,592,32,18.0,75,85,144.1806998
261,1.597701149,Kurigram,Rabi,25.0,80.0,Danta Shak,Mar,Apr to Aug,Sep,417,32,18.0,75,85,99.62611331
525,3.763809524,Kushtia,Rabi,25.0,80.0,Danta Shak,Mar,Apr to Aug,Sep,1976,32,18.0,75,85,108.3068465
140,2.578571429,Lakshmipur,Rabi,25.0,80.0,Danta Shak,Mar,Apr to Aug,Sep,361,32,18.0,75,85,153.5637909
95,1.642105263,Lalmonirhat,Rabi,25.0,80.0,Danta Shak,Mar,Apr to Aug,Sep,156,32,18.0,75,85,163.2619442
12,1.166666667,Madaripur,Rabi,25.0,80.0,Danta Shak,Mar,Apr to Aug,Sep,14,32,18.0,75,85,192.8952595
94,1.680851064,Magura,Rabi,25.0,80.0,Danta Shak,Mar,Apr to Aug,Sep,158,32,18.0,75,85,250.5990571
93,2.548387097,Manikganj,Rabi,25.0,80.0,Danta Shak,Mar,Apr to Aug,Sep,237,32,18.0,75,85,198.419481
77,4.545454545,Meherpur,Rabi,25.0,80.0,Danta Shak,Mar,Apr to Aug,Sep,350,32,18.0,75,85,47.89698732
256,2.05859375,Moulvibazar,Rabi,25.0,80.0,Danta Shak,Mar,Apr to Aug,Sep,527,32,18.0,75,85,116.0008778
132,2.28030303,Munshiganj,Rabi,25.0,80.0,Danta Shak,Mar,Apr to Aug,Sep,301,32,18.0,75,85,136.9743756
666,2.896396396,Mymensingh,Rabi,25.0,80.0,Danta Shak,Mar,Apr to Aug,Sep,1929,32,18.0,75,85,100.5669315
130,2.546153846,Naogaon,Rabi,25.0,80.0,Danta Shak,Mar,Apr to Aug,Sep,331,32,18.0,75,85,186.2916485
123,2.0,Narail,Rabi,25.0,80.0,Danta Shak,Mar,Apr to Aug,Sep,246,32,18.0,75,85,131.7242816
56,1.410714286,Narayanganj,Rabi,25.0,80.0,Danta Shak,Mar,Apr to Aug,Sep,79,32,18.0,75,85,232.2078237
141,1.645390071,Narsingdi,Rabi,25.0,80.0,Danta Shak,Mar,Apr to Aug,Sep,232,32,18.0,75,85,169.3095324
227,1.876651982,Natore,Rabi,25.0,80.0,Danta Shak,Mar,Apr to Aug,Sep,426,32,18.0,75,85,203.8892867
170,1.476470588,Netrokona,Rabi,25.0,80.0,Danta Shak,Mar,Apr to Aug,Sep,251,32,18.0,75,85,80.84347673
110,2.754545455,Nilphamari,Rabi,25.0,80.0,Danta Shak,Mar,Apr to Aug,Sep,303,32,18.0,75,85,123.5505141
116,1.620689655,Noakhali,Rabi,25.0,80.0,Danta Shak,Mar,Apr to Aug,Sep,188,32,18.0,75,85,82.03127668
388,1.729381443,Pabna,Rabi,25.0,80.0,Danta Shak,Mar,Apr to Aug,Sep,671,32,18.0,75,85,105.1149417
219,2.178082192,Panchagar,Rabi,25.0,80.0,Danta Shak,Mar,Apr to Aug,Sep,477,32,18.0,75,85,124.6363497
51,1.215686275,Patuakhali,Rabi,25.0,80.0,Danta Shak,Mar,Apr to Aug,Sep,62,32,18.0,75,85,150.5283028
124,1.508064516,Pirojpur,Rabi,25.0,80.0,Danta Shak,Mar,Apr to Aug,Sep,187,32,18.0,75,85,103.2634085
519,3.33911368,Rajbari,Rabi,25.0,80.0,Danta Shak,Mar,Apr to Aug,Sep,1733,32,18.0,75,85,113.9226247
125,2.84,Rajshahi,Rabi,25.0,80.0,Danta Shak,Mar,Apr to Aug,Sep,355,32,18.0,75,85,262.4044243
125,2.056,Rangamati,Rabi,25.0,80.0,Danta Shak,Mar,Apr to Aug,Sep,257,32,18.0,75,85,0.0
313,1.584664537,Rangpur,Rabi,25.0,80.0,Danta Shak,Mar,Apr to Aug,Sep,496,32,18.0,75,85,149.51213
233,1.905579399,Satkhira,Rabi,25.0,80.0,Danta Shak,Mar,Apr to Aug,Sep,444,32,18.0,75,85,52.99962752
317,2.299684543,Shariatpur,Rabi,25.0,80.0,Danta Shak,Mar,Apr to Aug,Sep,729,32,18.0,75,85,131.832831
45,2.044444444,Sherpur,Rabi,25.0,80.0,Danta Shak,Mar,Apr to Aug,Sep,92,32,18.0,75,85,132.6684428
173,1.797687861,Sirajganj,Rabi,25.0,80.0,Danta Shak,Mar,Apr to Aug,Sep,311,32,18.0,75,85,77.48218864
98,3.06122449,Sunamganj,Rabi,25.0,80.0,Danta Shak,Mar,Apr to Aug,Sep,300,32,18.0,75,85,220.4604045
224,1.736607143,Sylhet,Rabi,25.0,80.0,Danta Shak,Mar,Apr to Aug,Sep,389,32,18.0,75,85,279.9842788
477,2.320754717,Tangail,Rabi,25.0,80.0,Danta Shak,Mar,Apr to Aug,Sep,1107,32,18.0,75,85,255.6750382
187,1.475935829,Thakurgaon,Rabi,25.0,80.0,Danta Shak,Mar,Apr to Aug,Sep,276,32,18.0,75,85,96.2453234
2070,1.075362319,Bagerhat,Kharif 1,20.5,72.5,Date Palm,Apr,No need to do,Feb to Mar,2226,35,6.0,60,85,163.2980244
0,,Bandarban,Kharif 1,20.5,72.5,Date Palm,Apr,No need to do,Feb to Mar,0,35,6.0,60,85,231.0686539
2215,0.376523702,Barguna,Kharif 1,20.5,72.5,Date Palm,Apr,No need to do,Feb to Mar,834,35,6.0,60,85,189.954925
823,2.430133657,Barishal,Kharif 1,20.5,72.5,Date Palm,Apr,No need to do,Feb to Mar,2000,35,6.0,60,85,218.5322395
1020,1.060784314,Bhola,Kharif 1,20.5,72.5,Date Palm,Apr,No need to do,Feb to Mar,1082,35,6.0,60,85,150.733893
1550,3.38,Bogura,Kharif 1,20.5,72.5,Date Palm,Apr,No need to do,Feb to Mar,5239,35,6.0,60,85,133.9678509
42,2.5,Brahmanbaria,Kharif 1,20.5,72.5,Date Palm,Apr,No need to do,Feb to Mar,105,35,6.0,60,85,122.974092
1266,3.132701422,Chandpur,Kharif 1,20.5,72.5,Date Palm,Apr,No need to do,Feb to Mar,3966,35,6.0,60,85,100.4693715
52,10.05769231,Chapai Nawabganj,Kharif 1,20.5,72.5,Date Palm,Apr,No need to do,Feb to Mar,523,35,6.0,60,85,86.08084457
831,3.530685921,Chattogram,Kharif 1,20.5,72.5,Date Palm,Apr,No need to do,Feb to Mar,2934,35,6.0,60,85,139.4776625
1350,3.862962963,Chuadanga,Kharif 1,20.5,72.5,Date Palm,Apr,No need to do,Feb to Mar,5215,35,6.0,60,85,218.4378296
80,4.225,CoxsBazar,Kharif 1,20.5,72.5,Date Palm,Apr,No need to do,Feb to Mar,338,35,6.0,60,85,181.9584261
934,0.547109208,Cumilla,Kharif 1,20.5,72.5,Date Palm,Apr,No need to do,Feb to Mar,511,35,6.0,60,85,271.3221
100,2.36,Dhaka,Kharif 1,20.5,72.5,Date Palm,Apr,No need to do,Feb to Mar,236,35,6.0,60,85,224.7196058
300,1.676666667,Dinajpur,Kharif 1,20.5,72.5,Date Palm,Apr,No need to do,Feb to Mar,503,35,6.0,60,85,202.5778349
2250,1.876888889,Faridpur,Kharif 1,20.5,72.5,Date Palm,Apr,No need to do,Feb to Mar,4223,35,6.0,60,85,278.053456
600,3.236666667,Feni,Kharif 1,20.5,72.5,Date Palm,Apr,No need to do,Feb to Mar,1942,35,6.0,60,85,90.05127138
351,0.62962963,Gaibandha,Kharif 1,20.5,72.5,Date Palm,Apr,No need to do,Feb to Mar,221,35,6.0,60,85,112.6166524
525,2.502857143,Gazipur,Kharif 1,20.5,72.5,Date Palm,Apr,No need to do,Feb to Mar,1314,35,6.0,60,85,210.2291674
2319,1.278568348,Gopalganj,Kharif 1,20.5,72.5,Date Palm,Apr,No need to do,Feb to Mar,2965,35,6.0,60,85,151.896309
0,,Habiganj,Kharif 1,20.5,72.5,Date Palm,Apr,No need to do,Feb to Mar,0,35,6.0,60,85,147.9209901
60,1.683333333,Jamalpur,Kharif 1,20.5,72.5,Date Palm,Apr,No need to do,Feb to Mar,101,35,6.0,60,85,143.1586175
5025,1.91880597,Jashore,Kharif 1,20.5,72.5,Date Palm,Apr,No need to do,Feb to Mar,9642,35,6.0,60,85,211.8216638
800,1.055,Jhallokati,Kharif 1,20.5,72.5,Date Palm,Apr,No need to do,Feb to Mar,844,35,6.0,60,85,240.9748839
4430,2.12979684,Jhenaidah,Kharif 1,20.5,72.5,Date Palm,Apr,No need to do,Feb to Mar,9435,35,6.0,60,85,117.1056134
340,3.182352941,Joypurhat,Kharif 1,20.5,72.5,Date Palm,Apr,No need to do,Feb to Mar,1082,35,6.0,60,85,90.18496676
110,3.436363636,Khagrachari,Kharif 1,20.5,72.5,Date Palm,Apr,No need to do,Feb to Mar,378,35,6.0,60,85,146.8667154
2450,1.186530612,Khulna,Kharif 1,20.5,72.5,Date Palm,Apr,No need to do,Feb to Mar,2907,35,6.0,60,85,167.916321
94,0.5,Kishoreganj,Kharif 1,20.5,72.5,Date Palm,Apr,No need to do,Feb to Mar,47,35,6.0,60,85,110.4623248
100,2.37,Kurigram,Kharif 1,20.5,72.5,Date Palm,Apr,No need to do,Feb to Mar,237,35,6.0,60,85,279.8990316
940,3.836170213,Kushtia,Kharif 1,20.5,72.5,Date Palm,Apr,No need to do,Feb to Mar,3606,35,6.0,60,85,170.379778
1350,2.622222222,Lakshmipur,Kharif 1,20.5,72.5,Date Palm,Apr,No need to do,Feb to Mar,3540,35,6.0,60,85,252.3051756
40,3.525,Lalmonirhat,Kharif 1,20.5,72.5,Date Palm,Apr,No need to do,Feb to Mar,141,35,6.0,60,85,196.3247322
2670,2.178651685,Madaripur,Kharif 1,20.5,72.5,Date Palm,Apr,No need to do,Feb to Mar,5817,35,6.0,60,85,68.39957832
1000,1.652,Magura,Kharif 1,20.5,72.5,Date Palm,Apr,No need to do,Feb to Mar,1652,35,6.0,60,85,77.03263593
1100,2.475454545,Manikganj,Kharif 1,20.5,72.5,Date Palm,Apr,No need to do,Feb to Mar,2723,35,6.0,60,85,184.9364018
160,1.6125,Meherpur,Kharif 1,20.5,72.5,Date Palm,Apr,No need to do,Feb to Mar,258,35,6.0,60,85,216.8298991
0,,Moulvibazar,Kharif 1,20.5,72.5,Date Palm,Apr,No need to do,Feb to Mar,0,35,6.0,60,85,133.0386696
270,1.314814815,Munshiganj,Kharif 1,20.5,72.5,Date Palm,Apr,No need to do,Feb to Mar,355,35,6.0,60,85,238.6324969
2016,1.437003968,Mymensingh,Kharif 1,20.5,72.5,Date Palm,Apr,No need to do,Feb to Mar,2897,35,6.0,60,85,179.7824344
1584,2.331439394,Naogaon,Kharif 1,20.5,72.5,Date Palm,Apr,No need to do,Feb to Mar,3693,35,6.0,60,85,185.11345
1000,1.076,Narail,Kharif 1,20.5,72.5,Date Palm,Apr,No need to do,Feb to Mar,1076,35,6.0,60,85,81.60080002
90,3.022222222,Narayanganj,Kharif 1,20.5,72.5,Date Palm,Apr,No need to do,Feb to Mar,272,35,6.0,60,85,164.4873672
150,1.74,Narsingdi,Kharif 1,20.5,72.5,Date Palm,Apr,No need to do,Feb to Mar,261,35,6.0,60,85,38.58599217
406,58.55665025,Natore,Kharif 1,20.5,72.5,Date Palm,Apr,No need to do,Feb to Mar,23774,35,6.0,60,85,208.9606924
10,1.1,Netrokona,Kharif 1,20.5,72.5,Date Palm,Apr,No need to do,Feb to Mar,11,35,6.0,60,85,176.6065027
50,2.12,Nilphamari,Kharif 1,20.5,72.5,Date Palm,Apr,No need to do,Feb to Mar,106,35,6.0,60,85,287.3515733
625,2.4176,Noakhali,Kharif 1,20.5,72.5,Date Palm,Apr,No need to do,Feb to Mar,1511,35,6.0,60,85,262.9299553
1500,2.006,Pabna,Kharif 1,20.5,72.5,Date Palm,Apr,No need to do,Feb to Mar,3009,35,6.0,60,85,147.9925045
20,1.05,Panchagar,Kharif 1,20.5,72.5,Date Palm,Apr,No need to do,Feb to Mar,21,35,6.0,60,85,146.3759313
751,3.525965379,Patuakhali,Kharif 1,20.5,72.5,Date Palm,Apr,No need to do,Feb to Mar,2648,35,6.0,60,85,101.6430397
2169,1.087597971,Pirojpur,Kharif 1,20.5,72.5,Date Palm,Apr,No need to do,Feb to Mar,2359,35,6.0,60,85,255.347424
9772,0.310478919,Rajbari,Kharif 1,20.5,72.5,Date Palm,Apr,No need to do,Feb to Mar,3034,35,6.0,60,85,94.9402695
2831,5.708583539,Rajshahi,Kharif 1,20.5,72.5,Date Palm,Apr,No need to do,Feb to Mar,16161,35,6.0,60,85,202.3024272
232,1.284482759,Rangamati,Kharif 1,20.5,72.5,Date Palm,Apr,No need to do,Feb to Mar,298,35,6.0,60,85,226.6004959
100,3.76,Rangpur,Kharif 1,20.5,72.5,Date Palm,Apr,No need to do,Feb to Mar,376,35,6.0,60,85,248.6802654
3250,1.236923077,Satkhira,Kharif 1,20.5,72.5,Date Palm,Apr,No need to do,Feb to Mar,4020,35,6.0,60,85,177.9059573
1092,2.317765568,Shariatpur,Kharif 1,20.5,72.5,Date Palm,Apr,No need to do,Feb to Mar,2531,35,6.0,60,85,126.1714045
40,4.525,Sherpur,Kharif 1,20.5,72.5,Date Palm,Apr,No need to do,Feb to Mar,181,35,6.0,60,85,169.3282026
44,11.25,Sirajganj,Kharif 1,20.5,72.5,Date Palm,Apr,No need to do,Feb to Mar,495,35,6.0,60,85,70.977315
0,,Sunamganj,Kharif 1,20.5,72.5,Date Palm,Apr,No need to do,Feb to Mar,0,35,6.0,60,85,108.7845097
1,12.0,Sylhet,Kharif 1,20.5,72.5,Date Palm,Apr,No need to do,Feb to Mar,12,35,6.0,60,85,216.8708516
750,2.38,Tangail,Kharif 1,20.5,72.5,Date Palm,Apr,No need to do,Feb to Mar,1785,35,6.0,60,85,79.26321407
300,0.293333333,Thakurgaon,Kharif 1,20.5,72.5,Date Palm,Apr,No need to do,Feb to Mar,88,35,6.0,60,85,220.7576634
149,1.355704698,Bagerhat,Kharif 2,25.0,67.5,Garlic,Oct,Nov to Jan,Feb,202,30,20.0,65,70,137.1671759
72,1.902777778,Bandarban,Kharif 2,25.0,67.5,Garlic,Oct,Nov to Jan,Feb,137,30,20.0,65,70,146.0926763
32,1.03125,Barguna,Kharif 2,25.0,67.5,Garlic,Oct,Nov to Jan,Feb,33,30,20.0,65,70,81.20361833
328,1.384146341,Barishal,Kharif 2,25.0,67.5,Garlic,Oct,Nov to Jan,Feb,454,30,20.0,65,70,120.6550497
1359,1.818984547,Bhola,Kharif 2,25.0,67.5,Garlic,Oct,Nov to Jan,Feb,2472,30,20.0,65,70,172.5342815
856,1.73364486,Bogura,Kharif 2,25.0,67.5,Garlic,Oct,Nov to Jan,Feb,1484,30,20.0,65,70,192.6352081
809,1.556242274,Brahmanbaria,Kharif 2,25.0,67.5,Garlic,Oct,Nov to Jan,Feb,1259,30,20.0,65,70,119.0903958
1069,1.768007484,Chandpur,Kharif 2,25.0,67.5,Garlic,Oct,Nov to Jan,Feb,1890,30,20.0,65,70,81.56233731
6068,1.802735662,Chapai Nawabganj,Kharif 2,25.0,67.5,Garlic,Oct,Nov to Jan,Feb,10939,30,20.0,65,70,26.2974698
94,1.042553191,Chattogram,Kharif 2,25.0,67.5,Garlic,Oct,Nov to Jan,Feb,98,30,20.0,65,70,180.7426419
796,2.971105528,Chuadanga,Kharif 2,25.0,67.5,Garlic,Oct,Nov to Jan,Feb,2365,30,20.0,65,70,121.9066216
12,0.75,CoxsBazar,Kharif 2,25.0,67.5,Garlic,Oct,Nov to Jan,Feb,9,30,20.0,65,70,111.7502909
698,1.893982808,Cumilla,Kharif 2,25.0,67.5,Garlic,Oct,Nov to Jan,Feb,1322,30,20.0,65,70,138.6452702
1673,2.571428571,Dhaka,Kharif 2,25.0,67.5,Garlic,Oct,Nov to Jan,Feb,4302,30,20.0,65,70,137.4721833
11051,3.114378789,Dinajpur,Kharif 2,25.0,67.5,Garlic,Oct,Nov to Jan,Feb,34417,30,20.0,65,70,125.5957988
5801,1.564040683,Faridpur,Kharif 2,25.0,67.5,Garlic,Oct,Nov to Jan,Feb,9073,30,20.0,65,70,151.8265637
28,2.25,Feni,Kharif 2,25.0,67.5,Garlic,Oct,Nov to Jan,Feb,63,30,20.0,65,70,269.4804719
729,1.249657064,Gaibandha,Kharif 2,25.0,67.5,Garlic,Oct,Nov to Jan,Feb,911,30,20.0,65,70,132.9490905
358,0.773743017,Gazipur,Kharif 2,25.0,67.5,Garlic,Oct,Nov to Jan,Feb,277,30,20.0,65,70,96.17399037
403,2.744416873,Gopalganj,Kharif 2,25.0,67.5,Garlic,Oct,Nov to Jan,Feb,1106,30,20.0,65,70,255.1041978
93,2.053763441,Habiganj,Kharif 2,25.0,67.5,Garlic,Oct,Nov to Jan,Feb,191,30,20.0,65,70,109.1564577
1207,1.965202983,Jamalpur,Kharif 2,25.0,67.5,Garlic,Oct,Nov to Jan,Feb,2372,30,20.0,65,70,147.9015458
1320,2.806060606,Jashore,Kharif 2,25.0,67.5,Garlic,Oct,Nov to Jan,Feb,3704,30,20.0,65,70,233.2918017
27,0.814814815,Jhallokati,Kharif 2,25.0,67.5,Garlic,Oct,Nov to Jan,Feb,22,30,20.0,65,70,186.8393943
3936,2.854166667,Jhenaidah,Kharif 2,25.0,67.5,Garlic,Oct,Nov to Jan,Feb,11234,30,20.0,65,70,114.8628057
304,2.552631579,Joypurhat,Kharif 2,25.0,67.5,Garlic,Oct,Nov to Jan,Feb,776,30,20.0,65,70,0.0
48,0.9375,Khagrachari,Kharif 2,25.0,67.5,Garlic,Oct,Nov to Jan,Feb,45,30,20.0,65,70,189.6373254
133,1.714285714,Khulna,Kharif 2,25.0,67.5,Garlic,Oct,Nov to Jan,Feb,228,30,20.0,65,70,214.4524835
1062,2.531073446,Kishoreganj,Kharif 2,25.0,67.5,Garlic,Oct,Nov to Jan,Feb,2688,30,20.0,65,70,115.390012
588,1.411564626,Kurigram,Kharif 2,25.0,67.5,Garlic,Oct,Nov to Jan,Feb,830,30,20.0,65,70,150.7463762
3518,2.637293917,Kushtia,Kharif 2,25.0,67.5,Garlic,Oct,Nov to Jan,Feb,9278,30,20.0,65,70,149.9527358
213,0.957746479,Lakshmipur,Kharif 2,25.0,67.5,Garlic,Oct,Nov to Jan,Feb,204,30,20.0,65,70,188.5356567
623,1.898876404,Lalmonirhat,Kharif 2,25.0,67.5,Garlic,Oct,Nov to Jan,Feb,1183,30,20.0,65,70,174.2101996
7523,2.997341486,Madaripur,Kharif 2,25.0,67.5,Garlic,Oct,Nov to Jan,Feb,22549,30,20.0,65,70,80.22665408
2649,3.234428086,Magura,Kharif 2,25.0,67.5,Garlic,Oct,Nov to Jan,Feb,8568,30,20.0,65,70,159.1978213
1543,1.458846403,Manikganj,Kharif 2,25.0,67.5,Garlic,Oct,Nov to Jan,Feb,2251,30,20.0,65,70,112.3726617
1553,3.748229234,Meherpur,Kharif 2,25.0,67.5,Garlic,Oct,Nov to Jan,Feb,5821,30,20.0,65,70,215.8837661
55,1.781818182,Moulvibazar,Kharif 2,25.0,67.5,Garlic,Oct,Nov to Jan,Feb,98,30,20.0,65,70,154.2213181
277,1.498194946,Munshiganj,Kharif 2,25.0,67.5,Garlic,Oct,Nov to Jan,Feb,415,30,20.0,65,70,158.4968596
1020,2.123529412,Mymensingh,Kharif 2,25.0,67.5,Garlic,Oct,Nov to Jan,Feb,2166,30,20.0,65,70,172.5644887
2762,2.691527878,Naogaon,Kharif 2,25.0,67.5,Garlic,Oct,Nov to Jan,Feb,7434,30,20.0,65,70,137.0558711
353,2.518413598,Narail,Kharif 2,25.0,67.5,Garlic,Oct,Nov to Jan,Feb,889,30,20.0,65,70,45.44921582
170,1.005882353,Narayanganj,Kharif 2,25.0,67.5,Garlic,Oct,Nov to Jan,Feb,171,30,20.0,65,70,59.15109922
163,1.128834356,Narsingdi,Kharif 2,25.0,67.5,Garlic,Oct,Nov to Jan,Feb,184,30,20.0,65,70,129.2059401
48842,3.022705868,Natore,Kharif 2,25.0,67.5,Garlic,Oct,Nov to Jan,Feb,147635,30,20.0,65,70,78.83209283
735,2.402721088,Netrokona,Kharif 2,25.0,67.5,Garlic,Oct,Nov to Jan,Feb,1766,30,20.0,65,70,198.9634091
1231,2.776604387,Nilphamari,Kharif 2,25.0,67.5,Garlic,Oct,Nov to Jan,Feb,3418,30,20.0,65,70,86.13772583
272,2.161764706,Noakhali,Kharif 2,25.0,67.5,Garlic,Oct,Nov to Jan,Feb,588,30,20.0,65,70,203.3010631
24559,2.829268293,Pabna,Kharif 2,25.0,67.5,Garlic,Oct,Nov to Jan,Feb,69484,30,20.0,65,70,147.5006856
1667,2.778644271,Panchagar,Kharif 2,25.0,67.5,Garlic,Oct,Nov to Jan,Feb,4632,30,20.0,65,70,259.5558875
305,0.819672131,Patuakhali,Kharif 2,25.0,67.5,Garlic,Oct,Nov to Jan,Feb,250,30,20.0,65,70,220.490503
66,1.242424242,Pirojpur,Kharif 2,25.0,67.5,Garlic,Oct,Nov to Jan,Feb,82,30,20.0,65,70,155.8176253
14460,2.543706777,Rajbari,Kharif 2,25.0,67.5,Garlic,Oct,Nov to Jan,Feb,36782,30,20.0,65,70,150.2483462
12373,4.176351734,Rajshahi,Kharif 2,25.0,67.5,Garlic,Oct,Nov to Jan,Feb,51674,30,20.0,65,70,100.71149
49,1.673469388,Rangamati,Kharif 2,25.0,67.5,Garlic,Oct,Nov to Jan,Feb,82,30,20.0,65,70,211.846728
2077,1.962927299,Rangpur,Kharif 2,25.0,67.5,Garlic,Oct,Nov to Jan,Feb,4077,30,20.0,65,70,277.4251824
647,2.591962906,Satkhira,Kharif 2,25.0,67.5,Garlic,Oct,Nov to Jan,Feb,1677,30,20.0,65,70,34.17179287
2835,2.77989418,Shariatpur,Kharif 2,25.0,67.5,Garlic,Oct,Nov to Jan,Feb,7881,30,20.0,65,70,183.8285269
449,1.844097996,Sherpur,Kharif 2,25.0,67.5,Garlic,Oct,Nov to Jan,Feb,828,30,20.0,65,70,80.91586887
2060,2.194174757,Sirajganj,Kharif 2,25.0,67.5,Garlic,Oct,Nov to Jan,Feb,4520,30,20.0,65,70,77.81469665
197,2.720812183,Sunamganj,Kharif 2,25.0,67.5,Garlic,Oct,Nov to Jan,Feb,536,30,20.0,65,70,192.5093245
108,1.444444444,Sylhet,Kharif 2,25.0,67.5,Garlic,Oct,Nov to Jan,Feb,156,30,20.0,65,70,163.7707295
2835,2.77989418,Tangail,Kharif 2,25.0,67.5,Garlic,Oct,Nov to Jan,Feb,7881,30,20.0,65,70,77.30890179
739,2.090663058,Thakurgaon,Kharif 2,25.0,67.5,Garlic,Oct,Nov to Jan,Feb,1545,30,20.0,65,70,146.9530234
18,1.555555556,Bagerhat,Rabi,20.0,67.5,Ginger,Oct,Nov to Mar,Mar to Apr,28,25,15.0,60,75,104.1528456
1553,2.542820348,Bandarban,Rabi,20.0,67.5,Ginger,Oct,Nov to Mar,Mar to Apr,3949,25,15.0,60,75,88.48546609
0,,Barguna,Rabi,20.0,67.5,Ginger,Oct,Nov to Mar,Mar to Apr,0,25,15.0,60,75,75.05766373
0,,Barishal,Rabi,20.0,67.5,Ginger,Oct,Nov to Mar,Mar to Apr,0,25,15.0,60,75,116.820588
0,,Bhola,Rabi,20.0,67.5,Ginger,Oct,Nov to Mar,Mar to Apr,0,25,15.0,60,75,123.5173779
361,4.216066482,Bogura,Rabi,20.0,67.5,Ginger,Oct,Nov to Mar,Mar to Apr,1522,25,15.0,60,75,149.0677294
76,2.092105263,Brahmanbaria,Rabi,20.0,67.5,Ginger,Oct,Nov to Mar,Mar to Apr,159,25,15.0,60,75,144.2667328
2,3.0,Chandpur,Rabi,20.0,67.5,Ginger,Oct,Nov to Mar,Mar to Apr,6,25,15.0,60,75,147.841948
0,,Chapai Nawabganj,Rabi,20.0,67.5,Ginger,Oct,Nov to Mar,Mar to Apr,0,25,15.0,60,75,205.1561713
1750,4.733142857,Chattogram,Rabi,20.0,67.5,Ginger,Oct,Nov to Mar,Mar to Apr,8283,25,15.0,60,75,28.8962984
30,2.633333333,Chuadanga,Rabi,20.0,67.5,Ginger,Oct,Nov to Mar,Mar to Apr,79,25,15.0,60,75,149.5410105
160,2.4125,CoxsBazar,Rabi,20.0,67.5,Ginger,Oct,Nov to Mar,Mar to Apr,386,25,15.0,60,75,201.7095074
112,1.8125,Cumilla,Rabi,20.0,67.5,Ginger,Oct,Nov to Mar,Mar to Apr,203,25,15.0,60,75,2.893272143
16,5.375,Dhaka,Rabi,20.0,67.5,Ginger,Oct,Nov to Mar,Mar to Apr,86,25,15.0,60,75,197.4886289
315,3.117460317,Dinajpur,Rabi,20.0,67.5,Ginger,Oct,Nov to Mar,Mar to Apr,982,25,15.0,60,75,258.9084563
26,1.5,Faridpur,Rabi,20.0,67.5,Ginger,Oct,Nov to Mar,Mar to Apr,39,25,15.0,60,75,88.65613579
14,1.214285714,Feni,Rabi,20.0,67.5,Ginger,Oct,Nov to Mar,Mar to Apr,17,25,15.0,60,75,198.9808615
394,1.92893401,Gaibandha,Rabi,20.0,67.5,Ginger,Oct,Nov to Mar,Mar to Apr,760,25,15.0,60,75,72.56162555
587,2.173764906,Gazipur,Rabi,20.0,67.5,Ginger,Oct,Nov to Mar,Mar to Apr,1276,25,15.0,60,75,92.05627969
31,1.387096774,Gopalganj,Rabi,20.0,67.5,Ginger,Oct,Nov to Mar,Mar to Apr,43,25,15.0,60,75,243.8166019
120,2.841666667,Habiganj,Rabi,20.0,67.5,Ginger,Oct,Nov to Mar,Mar to Apr,341,25,15.0,60,75,197.4615101
493,3.894523327,Jamalpur,Rabi,20.0,67.5,Ginger,Oct,Nov to Mar,Mar to Apr,1920,25,15.0,60,75,221.8112824
58,2.810344828,Jashore,Rabi,20.0,67.5,Ginger,Oct,Nov to Mar,Mar to Apr,163,25,15.0,60,75,207.5312729
0,,Jhallokati,Rabi,20.0,67.5,Ginger,Oct,Nov to Mar,Mar to Apr,0,25,15.0,60,75,52.88817217
91,2.791208791,Jhenaidah,Rabi,20.0,67.5,Ginger,Oct,Nov to Mar,Mar to Apr,254,25,15.0,60,75,161.7901525
111,3.297297297,Joypurhat,Rabi,20.0,67.5,Ginger,Oct,Nov to Mar,Mar to Apr,366,25,15.0,60,75,117.3382742
4346,2.783939254,Khagrachari,Rabi,20.0,67.5,Ginger,Oct,Nov to Mar,Mar to Apr,12099,25,15.0,60,75,7.973304069
55,1.727272727,Khulna,Rabi,20.0,67.5,Ginger,Oct,Nov to Mar,Mar to Apr,95,25,15.0,60,75,147.0784813
199,2.537688442,Kishoreganj,Rabi,20.0,67.5,Ginger,Oct,Nov to Mar,Mar to Apr,505,25,15.0,60,75,304.6161805
454,2.850220264,Kurigram,Rabi,20.0,67.5,Ginger,Oct,Nov to Mar,Mar to Apr,1294,25,15.0,60,75,72.1346511
76,3.907894737,Kushtia,Rabi,20.0,67.5,Ginger,Oct,Nov to Mar,Mar to Apr,297,25,15.0,60,75,144.8266362
5,1.0,Lakshmipur,Rabi,20.0,67.5,Ginger,Oct,Nov to Mar,Mar to Apr,5,25,15.0,60,75,145.1265024
528,4.857954545,Lalmonirhat,Rabi,20.0,67.5,Ginger,Oct,Nov to Mar,Mar to Apr,2565,25,15.0,60,75,67.59084823
0,,Madaripur,Rabi,20.0,67.5,Ginger,Oct,Nov to Mar,Mar to Apr,0,25,15.0,60,75,141.5266704
25,2.72,Magura,Rabi,20.0,67.5,Ginger,Oct,Nov to Mar,Mar to Apr,68,25,15.0,60,75,149.3628164
171,1.50877193,Manikganj,Rabi,20.0,67.5,Ginger,Oct,Nov to Mar,Mar to Apr,258,25,15.0,60,75,171.9924038
15,2.0,Meherpur,Rabi,20.0,67.5,Ginger,Oct,Nov to Mar,Mar to Apr,30,25,15.0,60,75,274.776091
233,3.201716738,Moulvibazar,Rabi,20.0,67.5,Ginger,Oct,Nov to Mar,Mar to Apr,746,25,15.0,60,75,151.0781831
0,,Munshiganj,Rabi,20.0,67.5,Ginger,Oct,Nov to Mar,Mar to Apr,0,25,15.0,60,75,118.5254601
918,2.540305011,Mymensingh,Rabi,20.0,67.5,Ginger,Oct,Nov to Mar,Mar to Apr,2332,25,15.0,60,75,133.2811583
188,3.468085106,Naogaon,Rabi,20.0,67.5,Ginger,Oct,Nov to Mar,Mar to Apr,652,25,15.0,60,75,165.2228728
66,2.393939394,Narail,Rabi,20.0,67.5,Ginger,Oct,Nov to Mar,Mar to Apr,158,25,15.0,60,75,167.5916634
18,1.055555556,Narayanganj,Rabi,20.0,67.5,Ginger,Oct,Nov to Mar,Mar to Apr,19,25,15.0,60,75,11.48718041
205,1.32195122,Narsingdi,Rabi,20.0,67.5,Ginger,Oct,Nov to Mar,Mar to Apr,271,25,15.0,60,75,118.8559731
63,1.666666667,Natore,Rabi,20.0,67.5,Ginger,Oct,Nov to Mar,Mar to Apr,105,25,15.0,60,75,186.1769504
130,2.338461538,Netrokona,Rabi,20.0,67.5,Ginger,Oct,Nov to Mar,Mar to Apr,304,25,15.0,60,75,109.1668997
2820,3.50035461,Nilphamari,Rabi,20.0,67.5,Ginger,Oct,Nov to Mar,Mar to Apr,9871,25,15.0,60,75,172.1842837
0,,Noakhali,Rabi,20.0,67.5,Ginger,Oct,Nov to Mar,Mar to Apr,0,25,15.0,60,75,147.4476257
23,1.826086957,Pabna,Rabi,20.0,67.5,Ginger,Oct,Nov to Mar,Mar to Apr,42,25,15.0,60,75,293.9925797
1001,3.21978022,Panchagar,Rabi,20.0,67.5,Ginger,Oct,Nov to Mar,Mar to Apr,3223,25,15.0,60,75,104.9342492
0,,Patuakhali,Rabi,20.0,67.5,Ginger,Oct,Nov to Mar,Mar to Apr,0,25,15.0,60,75,183.2685286
0,,Pirojpur,Rabi,20.0,67.5,Ginger,Oct,Nov to Mar,Mar to Apr,0,25,15.0,60,75,187.1123496
5,1.6,Rajbari,Rabi,20.0,67.5,Ginger,Oct,Nov to Mar,Mar to Apr,8,25,15.0,60,75,95.59849536
2,3.5,Rajshahi,Rabi,20.0,67.5,Ginger,Oct,Nov to Mar,Mar to Apr,7,25,15.0,60,75,214.0938359
3686,4.177428106,Rangamati,Rabi,20.0,67.5,Ginger,Oct,Nov to Mar,Mar to Apr,15398,25,15.0,60,75,235.7437559
1006,3.174950298,Rangpur,Rabi,20.0,67.5,Ginger,Oct,Nov to Mar,Mar to Apr,3194,25,15.0,60,75,76.46423574
77,4.688311688,Satkhira,Rabi,20.0,67.5,Ginger,Oct,Nov to Mar,Mar to Apr,361,25,15.0,60,75,236.1134284
0,,Shariatpur,Rabi,20.0,67.5,Ginger,Oct,Nov to Mar,Mar to Apr,0,25,15.0,60,75,139.2742352
223,3.278026906,Sherpur,Rabi,20.0,67.5,Ginger,Oct,Nov to Mar,Mar to Apr,731,25,15.0,60,75,169.3578242
153,2.150326797,Sirajganj,Rabi,20.0,67.5,Ginger,Oct,Nov to Mar,Mar to Apr,329,25,15.0,60,75,169.5043356
47,5.659574468,Sunamganj,Rabi,20.0,67.5,Ginger,Oct,Nov to Mar,Mar to Apr,266,25,15.0,60,75,246.5629928
79,1.278481013,Sylhet,Rabi,20.0,67.5,Ginger,Oct,Nov to Mar,Mar to Apr,101,25,15.0,60,75,208.5126187
2123,2.474799812,Tangail,Rabi,20.0,67.5,Ginger,Oct,Nov to Mar,Mar to Apr,5254,25,15.0,60,75,303.7624115
128,1.9921875,Thakurgaon,Rabi,20.0,67.5,Ginger,Oct,Nov to Mar,Mar to Apr,255,25,15.0,60,75,160.9993442
636,3.940251572,Bagerhat,Kharif 2,26.5,80.0,Gourd,Jul,Aug to Jan,Jan to Mar,2506,35,18.0,75,85,158.960121
796,3.619346734,Bandarban,Kharif 2,26.5,80.0,Gourd,Jul,Aug to Jan,Jan to Mar,2881,35,18.0,75,85,156.4727687
147,3.19047619,Barguna,Kharif 2,26.5,80.0,Gourd,Jul,Aug to Jan,Jan to Mar,469,35,18.0,75,85,86.94585251
790,4.658227848,Barishal,Kharif 2,26.5,80.0,Gourd,Jul,Aug to Jan,Jan to Mar,3680,35,18.0,75,85,211.7208014
659,2.71168437,Bhola,Kharif 2,26.5,80.0,Gourd,Jul,Aug to Jan,Jan to Mar,1787,35,18.0,75,85,154.5504413
744,5.275537634,Bogura,Kharif 2,26.5,80.0,Gourd,Jul,Aug to Jan,Jan to Mar,3925,35,18.0,75,85,131.1636725
827,4.38694075,Brahmanbaria,Kharif 2,26.5,80.0,Gourd,Jul,Aug to Jan,Jan to Mar,3628,35,18.0,75,85,137.2776146
985,5.900507614,Chandpur,Kharif 2,26.5,80.0,Gourd,Jul,Aug to Jan,Jan to Mar,5812,35,18.0,75,85,107.1354129
307,3.429967427,Chapai Nawabganj,Kharif 2,26.5,80.0,Gourd,Jul,Aug to Jan,Jan to Mar,1053,35,18.0,75,85,83.61678282
1264,5.180379747,Chattogram,Kharif 2,26.5,80.0,Gourd,Jul,Aug to Jan,Jan to Mar,6548,35,18.0,75,85,121.4407389
847,4.867768595,Chuadanga,Kharif 2,26.5,80.0,Gourd,Jul,Aug to Jan,Jan to Mar,4123,35,18.0,75,85,114.7733696
297,6.050505051,CoxsBazar,Kharif 2,26.5,80.0,Gourd,Jul,Aug to Jan,Jan to Mar,1797,35,18.0,75,85,45.82043704
1635,6.297859327,Cumilla,Kharif 2,26.5,80.0,Gourd,Jul,Aug to Jan,Jan to Mar,10297,35,18.0,75,85,42.05977818
1953,6.874551971,Dhaka,Kharif 2,26.5,80.0,Gourd,Jul,Aug to Jan,Jan to Mar,13426,35,18.0,75,85,122.9493967
655,6.497709924,Dinajpur,Kharif 2,26.5,80.0,Gourd,Jul,Aug to Jan,Jan to Mar,4256,35,18.0,75,85,84.47928016
939,4.113951012,Faridpur,Kharif 2,26.5,80.0,Gourd,Jul,Aug to Jan,Jan to Mar,3863,35,18.0,75,85,58.38271247
379,7.071240106,Feni,Kharif 2,26.5,80.0,Gourd,Jul,Aug to Jan,Jan to Mar,2680,35,18.0,75,85,215.6039565
411,2.761557178,Gaibandha,Kharif 2,26.5,80.0,Gourd,Jul,Aug to Jan,Jan to Mar,1135,35,18.0,75,85,339.3020613
2585,2.945067698,Gazipur,Kharif 2,26.5,80.0,Gourd,Jul,Aug to Jan,Jan to Mar,7613,35,18.0,75,85,81.38761115
701,6.530670471,Gopalganj,Kharif 2,26.5,80.0,Gourd,Jul,Aug to Jan,Jan to Mar,4578,35,18.0,75,85,153.1746162
805,9.934161491,Habiganj,Kharif 2,26.5,80.0,Gourd,Jul,Aug to Jan,Jan to Mar,7997,35,18.0,75,85,76.90383656
2166,4.070175439,Jamalpur,Kharif 2,26.5,80.0,Gourd,Jul,Aug to Jan,Jan to Mar,8816,35,18.0,75,85,192.2828093
1013,5.449160908,Jashore,Kharif 2,26.5,80.0,Gourd,Jul,Aug to Jan,Jan to Mar,5520,35,18.0,75,85,198.3002006
901,6.992230855,Jhallokati,Kharif 2,26.5,80.0,Gourd,Jul,Aug to Jan,Jan to Mar,6300,35,18.0,75,85,173.5109707
923,4.997833153,Jhenaidah,Kharif 2,26.5,80.0,Gourd,Jul,Aug to Jan,Jan to Mar,4613,35,18.0,75,85,106.9931832
216,5.087962963,Joypurhat,Kharif 2,26.5,80.0,Gourd,Jul,Aug to Jan,Jan to Mar,1099,35,18.0,75,85,174.5724448
796,3.619346734,Khagrachari,Kharif 2,26.5,80.0,Gourd,Jul,Aug to Jan,Jan to Mar,2881,35,18.0,75,85,187.8939383
497,2.6861167,Khulna,Kharif 2,26.5,80.0,Gourd,Jul,Aug to Jan,Jan to Mar,1335,35,18.0,75,85,17.44692215
681,7.585903084,Kishoreganj,Kharif 2,26.5,80.0,Gourd,Jul,Aug to Jan,Jan to Mar,5166,35,18.0,75,85,65.11049848
482,4.468879668,Kurigram,Kharif 2,26.5,80.0,Gourd,Jul,Aug to Jan,Jan to Mar,2154,35,18.0,75,85,270.6965902
477,4.830188679,Kushtia,Kharif 2,26.5,80.0,Gourd,Jul,Aug to Jan,Jan to Mar,2304,35,18.0,75,85,263.8442613
682,4.159824047,Lakshmipur,Kharif 2,26.5,80.0,Gourd,Jul,Aug to Jan,Jan to Mar,2837,35,18.0,75,85,259.0539694
309,8.482200647,Lalmonirhat,Kharif 2,26.5,80.0,Gourd,Jul,Aug to Jan,Jan to Mar,2621,35,18.0,75,85,203.8814151
726,4.867768595,Madaripur,Kharif 2,26.5,80.0,Gourd,Jul,Aug to Jan,Jan to Mar,3534,35,18.0,75,85,329.0211175
235,5.114893617,Magura,Kharif 2,26.5,80.0,Gourd,Jul,Aug to Jan,Jan to Mar,1202,35,18.0,75,85,159.0813069
784,3.955357143,Manikganj,Kharif 2,26.5,80.0,Gourd,Jul,Aug to Jan,Jan to Mar,3101,35,18.0,75,85,67.05609297
302,9.278145695,Meherpur,Kharif 2,26.5,80.0,Gourd,Jul,Aug to Jan,Jan to Mar,2802,35,18.0,75,85,121.0540138
580,6.960344828,Moulvibazar,Kharif 2,26.5,80.0,Gourd,Jul,Aug to Jan,Jan to Mar,4037,35,18.0,75,85,137.2685033
561,5.386809269,Munshiganj,Kharif 2,26.5,80.0,Gourd,Jul,Aug to Jan,Jan to Mar,3022,35,18.0,75,85,205.3464974
1825,5.979726027,Mymensingh,Kharif 2,26.5,80.0,Gourd,Jul,Aug to Jan,Jan to Mar,10913,35,18.0,75,85,80.38684424
413,4.128329298,Naogaon,Kharif 2,26.5,80.0,Gourd,Jul,Aug to Jan,Jan to Mar,1705,35,18.0,75,85,135.1269866
439,4.952164009,Narail,Kharif 2,26.5,80.0,Gourd,Jul,Aug to Jan,Jan to Mar,2174,35,18.0,75,85,116.7042614
1361,4.157972079,Narayanganj,Kharif 2,26.5,80.0,Gourd,Jul,Aug to Jan,Jan to Mar,5659,35,18.0,75,85,64.42362537
989,7.700707786,Narsingdi,Kharif 2,26.5,80.0,Gourd,Jul,Aug to Jan,Jan to Mar,7616,35,18.0,75,85,257.0760845
395,3.562025316,Natore,Kharif 2,26.5,80.0,Gourd,Jul,Aug to Jan,Jan to Mar,1407,35,18.0,75,85,181.8060658
598,3.913043478,Netrokona,Kharif 2,26.5,80.0,Gourd,Jul,Aug to Jan,Jan to Mar,2340,35,18.0,75,85,166.258677
328,6.777439024,Nilphamari,Kharif 2,26.5,80.0,Gourd,Jul,Aug to Jan,Jan to Mar,2223,35,18.0,75,85,201.2951395
968,3.723140496,Noakhali,Kharif 2,26.5,80.0,Gourd,Jul,Aug to Jan,Jan to Mar,3604,35,18.0,75,85,174.5570642
588,2.409863946,Pabna,Kharif 2,26.5,80.0,Gourd,Jul,Aug to Jan,Jan to Mar,1417,35,18.0,75,85,222.6406175
554,6.657039711,Panchagar,Kharif 2,26.5,80.0,Gourd,Jul,Aug to Jan,Jan to Mar,3688,35,18.0,75,85,236.5595182
297,2.185185185,Patuakhali,Kharif 2,26.5,80.0,Gourd,Jul,Aug to Jan,Jan to Mar,649,35,18.0,75,85,144.0613384
671,3.123695976,Pirojpur,Kharif 2,26.5,80.0,Gourd,Jul,Aug to Jan,Jan to Mar,2096,35,18.0,75,85,124.9906977
833,5.43817527,Rajbari,Kharif 2,26.5,80.0,Gourd,Jul,Aug to Jan,Jan to Mar,4530,35,18.0,75,85,114.6026185
1160,6.374137931,Rajshahi,Kharif 2,26.5,80.0,Gourd,Jul,Aug to Jan,Jan to Mar,7394,35,18.0,75,85,115.4009369
594,3.808080808,Rangamati,Kharif 2,26.5,80.0,Gourd,Jul,Aug to Jan,Jan to Mar,2262,35,18.0,75,85,264.2856815
565,4.099115044,Rangpur,Kharif 2,26.5,80.0,Gourd,Jul,Aug to Jan,Jan to Mar,2316,35,18.0,75,85,188.2491071
552,6.190217391,Satkhira,Kharif 2,26.5,80.0,Gourd,Jul,Aug to Jan,Jan to Mar,3417,35,18.0,75,85,193.7659012
458,5.989082969,Shariatpur,Kharif 2,26.5,80.0,Gourd,Jul,Aug to Jan,Jan to Mar,2743,35,18.0,75,85,98.67084676
465,5.929032258,Sherpur,Kharif 2,26.5,80.0,Gourd,Jul,Aug to Jan,Jan to Mar,2757,35,18.0,75,85,142.5412884
616,5.793831169,Sirajganj,Kharif 2,26.5,80.0,Gourd,Jul,Aug to Jan,Jan to Mar,3569,35,18.0,75,85,68.54292453
1215,3.281481481,Sunamganj,Kharif 2,26.5,80.0,Gourd,Jul,Aug to Jan,Jan to Mar,3987,35,18.0,75,85,109.0581396
1070,4.401869159,Sylhet,Kharif 2,26.5,80.0,Gourd,Jul,Aug to Jan,Jan to Mar,4710,35,18.0,75,85,61.95161399
2252,4.553730018,Tangail,Kharif 2,26.5,80.0,Gourd,Jul,Aug to Jan,Jan to Mar,10255,35,18.0,75,85,138.6448563
256,3.609375,Thakurgaon,Kharif 2,26.5,80.0,Gourd,Jul,Aug to Jan,Jan to Mar,924,35,18.0,75,85,68.52323251
7,0.285714286,Bagerhat,Kharif 2,27.5,35.0,Gram,Aug,Sep to Oct,Nov,2,35,20.0,25,45,199.2623749
7,0.428571429,Bandarban,Kharif 2,27.5,35.0,Gram,Aug,Sep to Oct,Nov,3,35,20.0,25,45,166.7845385
42,0.357142857,Barguna,Kharif 2,27.5,35.0,Gram,Aug,Sep to Oct,Nov,15,35,20.0,25,45,183.51826
959,0.399374348,Barishal,Kharif 2,27.5,35.0,Gram,Aug,Sep to Oct,Nov,383,35,20.0,25,45,197.6769661
74,0.689189189,Bhola,Kharif 2,27.5,35.0,Gram,Aug,Sep to Oct,Nov,51,35,20.0,25,45,160.2145566
8,0.375,Bogura,Kharif 2,27.5,35.0,Gram,Aug,Sep to Oct,Nov,3,35,20.0,25,45,104.1591906
0,,Brahmanbaria,Kharif 2,27.5,35.0,Gram,Aug,Sep to Oct,Nov,0,35,20.0,25,45,121.8786321
0,,Chandpur,Kharif 2,27.5,35.0,Gram,Aug,Sep to Oct,Nov,0,35,20.0,25,45,207.7287941
1798,0.382091213,Chapai Nawabganj,Kharif 2,27.5,35.0,Gram,Aug,Sep to Oct,Nov,687,35,20.0,25,45,121.5265985
26,0.307692308,Chattogram,Kharif 2,27.5,35.0,Gram,Aug,Sep to Oct,Nov,8,35,20.0,25,45,122.8084705
144,0.368055556,Chuadanga,Kharif 2,27.5,35.0,Gram,Aug,Sep to Oct,Nov,53,35,20.0,25,45,85.64642265
0,,CoxsBazar,Kharif 2,27.5,35.0,Gram,Aug,Sep to Oct,Nov,0,35,20.0,25,45,226.8065973
0,,Cumilla,Kharif 2,27.5,35.0,Gram,Aug,Sep to Oct,Nov,0,35,20.0,25,45,182.5511261
7,0.285714286,Dhaka,Kharif 2,27.5,35.0,Gram,Aug,Sep to Oct,Nov,2,35,20.0,25,45,177.5361183
9,0.333333333,Dinajpur,Kharif 2,27.5,35.0,Gram,Aug,Sep to Oct,Nov,3,35,20.0,25,45,108.6427162
210,0.404761905,Faridpur,Kharif 2,27.5,35.0,Gram,Aug,Sep to Oct,Nov,85,35,20.0,25,45,207.2753555
38,0.447368421,Feni,Kharif 2,27.5,35.0,Gram,Aug,Sep to Oct,Nov,17,35,20.0,25,45,158.9956893
31,0.580645161,Gaibandha,Kharif 2,27.5,35.0,Gram,Aug,Sep to Oct,Nov,18,35,20.0,25,45,30.98805669
38,0.5,Gazipur,Kharif 2,27.5,35.0,Gram,Aug,Sep to Oct,Nov,19,35,20.0,25,45,160.5076111
103,0.194174757,Gopalganj,Kharif 2,27.5,35.0,Gram,Aug,Sep to Oct,Nov,20,35,20.0,25,45,195.3781566
0,,Habiganj,Kharif 2,27.5,35.0,Gram,Aug,Sep to Oct,Nov,0,35,20.0,25,45,189.3699685
90,0.377777778,Jamalpur,Kharif 2,27.5,35.0,Gram,Aug,Sep to Oct,Nov,34,35,20.0,25,45,146.7799429
234,0.444444444,Jashore,Kharif 2,27.5,35.0,Gram,Aug,Sep to Oct,Nov,104,35,20.0,25,45,64.83334132
255,0.37254902,Jhallokati,Kharif 2,27.5,35.0,Gram,Aug,Sep to Oct,Nov,95,35,20.0,25,45,161.562689
89,0.505617978,Jhenaidah,Kharif 2,27.5,35.0,Gram,Aug,Sep to Oct,Nov,45,35,20.0,25,45,84.98666003
0,,Joypurhat,Kharif 2,27.5,35.0,Gram,Aug,Sep to Oct,Nov,0,35,20.0,25,45,303.5344031
0,,Khagrachari,Kharif 2,27.5,35.0,Gram,Aug,Sep to Oct,Nov,0,35,20.0,25,45,140.1585371
3,0.333333333,Khulna,Kharif 2,27.5,35.0,Gram,Aug,Sep to Oct,Nov,1,35,20.0,25,45,107.986071
5,0.2,Kishoreganj,Kharif 2,27.5,35.0,Gram,Aug,Sep to Oct,Nov,1,35,20.0,25,45,216.0033289
242,0.438016529,Kurigram,Kharif 2,27.5,35.0,Gram,Aug,Sep to Oct,Nov,106,35,20.0,25,45,222.5999222
164,0.481707317,Kushtia,Kharif 2,27.5,35.0,Gram,Aug,Sep to Oct,Nov,79,35,20.0,25,45,104.0567477
11,0.545454546,Lakshmipur,Kharif 2,27.5,35.0,Gram,Aug,Sep to Oct,Nov,6,35,20.0,25,45,119.6175719
11,0.818181818,Lalmonirhat,Kharif 2,27.5,35.0,Gram,Aug,Sep to Oct,Nov,9,35,20.0,25,45,235.6249389
965,0.416580311,Madaripur,Kharif 2,27.5,35.0,Gram,Aug,Sep to Oct,Nov,402,35,20.0,25,45,95.65822908
257,0.291828794,Magura,Kharif 2,27.5,35.0,Gram,Aug,Sep to Oct,Nov,75,35,20.0,25,45,204.8010187
4,0.25,Manikganj,Kharif 2,27.5,35.0,Gram,Aug,Sep to Oct,Nov,1,35,20.0,25,45,122.5658518
16,0.375,Meherpur,Kharif 2,27.5,35.0,Gram,Aug,Sep to Oct,Nov,6,35,20.0,25,45,189.1054762
1,1.0,Moulvibazar,Kharif 2,27.5,35.0,Gram,Aug,Sep to Oct,Nov,1,35,20.0,25,45,198.9800671
0,,Munshiganj,Kharif 2,27.5,35.0,Gram,Aug,Sep to Oct,Nov,0,35,20.0,25,45,140.8906117
45,0.511111111,Mymensingh,Kharif 2,27.5,35.0,Gram,Aug,Sep to Oct,Nov,23,35,20.0,25,45,132.0153386
190,0.373684211,Naogaon,Kharif 2,27.5,35.0,Gram,Aug,Sep to Oct,Nov,71,35,20.0,25,45,29.23109837
43,0.441860465,Narail,Kharif 2,27.5,35.0,Gram,Aug,Sep to Oct,Nov,19,35,20.0,25,45,179.3316435
0,,Narayanganj,Kharif 2,27.5,35.0,Gram,Aug,Sep to Oct,Nov,0,35,20.0,25,45,51.98756196
3,1.666666667,Narsingdi,Kharif 2,27.5,35.0,Gram,Aug,Sep to Oct,Nov,5,35,20.0,25,45,213.5489177
66,0.409090909,Natore,Kharif 2,27.5,35.0,Gram,Aug,Sep to Oct,Nov,27,35,20.0,25,45,103.7777303
0,,Netrokona,Kharif 2,27.5,35.0,Gram,Aug,Sep to Oct,Nov,0,35,20.0,25,45,0.0
0,,Nilphamari,Kharif 2,27.5,35.0,Gram,Aug,Sep to Oct,Nov,0,35,20.0,25,45,217.7293999
7,0.142857143,Noakhali,Kharif 2,27.5,35.0,Gram,Aug,Sep to Oct,Nov,1,35,20.0,25,45,208.6324404
161,0.645962733,Pabna,Kharif 2,27.5,35.0,Gram,Aug,Sep to Oct,Nov,104,35,20.0,25,45,119.2429163
40,0.325,Panchagar,Kharif 2,27.5,35.0,Gram,Aug,Sep to Oct,Nov,13,35,20.0,25,45,192.749439
1242,0.434782609,Patuakhali,Kharif 2,27.5,35.0,Gram,Aug,Sep to Oct,Nov,540,35,20.0,25,45,176.957099
0,,Pirojpur,Kharif 2,27.5,35.0,Gram,Aug,Sep to Oct,Nov,0,35,20.0,25,45,146.8210662
61,0.508196721,Rajbari,Kharif 2,27.5,35.0,Gram,Aug,Sep to Oct,Nov,31,35,20.0,25,45,109.5685235
3101,0.489841987,Rajshahi,Kharif 2,27.5,35.0,Gram,Aug,Sep to Oct,Nov,1519,35,20.0,25,45,115.9437607
0,,Rangamati,Kharif 2,27.5,35.0,Gram,Aug,Sep to Oct,Nov,0,35,20.0,25,45,201.2474097
24,0.458333333,Rangpur,Kharif 2,27.5,35.0,Gram,Aug,Sep to Oct,Nov,11,35,20.0,25,45,129.8206414
0,,Satkhira,Kharif 2,27.5,35.0,Gram,Aug,Sep to Oct,Nov,0,35,20.0,25,45,173.8498467
273,0.703296703,Shariatpur,Kharif 2,27.5,35.0,Gram,Aug,Sep to Oct,Nov,192,35,20.0,25,45,242.8657119
58,0.689655172,Sherpur,Kharif 2,27.5,35.0,Gram,Aug,Sep to Oct,Nov,40,35,20.0,25,45,154.0083407
52,0.519230769,Sirajganj,Kharif 2,27.5,35.0,Gram,Aug,Sep to Oct,Nov,27,35,20.0,25,45,209.4788546
0,,Sunamganj,Kharif 2,27.5,35.0,Gram,Aug,Sep to Oct,Nov,0,35,20.0,25,45,93.0015061
7,0.285714286,Sylhet,Kharif 2,27.5,35.0,Gram,Aug,Sep to Oct,Nov,2,35,20.0,25,45,82.31168475
3,0.333333333,Tangail,Kharif 2,27.5,35.0,Gram,Aug,Sep to Oct,Nov,1,35,20.0,25,45,85.41193592
82,0.43902439,Thakurgaon,Kharif 2,27.5,35.0,Gram,Aug,Sep to Oct,Nov,36,35,20.0,25,45,205.2059575
1007,28.86097319,Bagerhat,Kharif 1,25.0,70.0,Green Coconut,May,Jun to Aug,Aug to Sep,29063,30,20.0,60,80,76.13899515
134,6.111940299,Bandarban,Kharif 1,25.0,70.0,Green Coconut,May,Jun to Aug,Aug to Sep,819,30,20.0,60,80,167.3911531
8120,1.116871921,Barguna,Kharif 1,25.0,70.0,Green Coconut,May,Jun to Aug,Aug to Sep,9069,30,20.0,60,80,106.0410124
6623,2.039710101,Barishal,Kharif 1,25.0,70.0,Green Coconut,May,Jun to Aug,Aug to Sep,13509,30,20.0,60,80,155.4953294
1346,10.50742942,Bhola,Kharif 1,25.0,70.0,Green Coconut,May,Jun to Aug,Aug to Sep,14143,30,20.0,60,80,249.0929968
328,24.33231707,Bogura,Kharif 1,25.0,70.0,Green Coconut,May,Jun to Aug,Aug to Sep,7981,30,20.0,60,80,174.2073036
400,16.7225,Brahmanbaria,Kharif 1,25.0,70.0,Green Coconut,May,Jun to Aug,Aug to Sep,6689,30,20.0,60,80,214.229629
394,9.984771574,Chandpur,Kharif 1,25.0,70.0,Green Coconut,May,Jun to Aug,Aug to Sep,3934,30,20.0,60,80,188.0089519
106,7.594339623,Chapai Nawabganj,Kharif 1,25.0,70.0,Green Coconut,May,Jun to Aug,Aug to Sep,805,30,20.0,60,80,205.7706436
5826,1.490902849,Chattogram,Kharif 1,25.0,70.0,Green Coconut,May,Jun to Aug,Aug to Sep,8686,30,20.0,60,80,181.8955759
179,21.46368715,Chuadanga,Kharif 1,25.0,70.0,Green Coconut,May,Jun to Aug,Aug to Sep,3842,30,20.0,60,80,183.5714145
426,15.43661972,CoxsBazar,Kharif 1,25.0,70.0,Green Coconut,May,Jun to Aug,Aug to Sep,6576,30,20.0,60,80,114.1198786
1228,4.802117264,Cumilla,Kharif 1,25.0,70.0,Green Coconut,May,Jun to Aug,Aug to Sep,5897,30,20.0,60,80,167.031697
145,22.42068966,Dhaka,Kharif 1,25.0,70.0,Green Coconut,May,Jun to Aug,Aug to Sep,3251,30,20.0,60,80,144.7576678
260,8.053846154,Dinajpur,Kharif 1,25.0,70.0,Green Coconut,May,Jun to Aug,Aug to Sep,2094,30,20.0,60,80,210.5575792
544,9.648897059,Faridpur,Kharif 1,25.0,70.0,Green Coconut,May,Jun to Aug,Aug to Sep,5249,30,20.0,60,80,213.107799
915,2.170491803,Feni,Kharif 1,25.0,70.0,Green Coconut,May,Jun to Aug,Aug to Sep,1986,30,20.0,60,80,183.8742169
584,3.782534247,Gaibandha,Kharif 1,25.0,70.0,Green Coconut,May,Jun to Aug,Aug to Sep,2209,30,20.0,60,80,49.31238821
393,3.893129771,Gazipur,Kharif 1,25.0,70.0,Green Coconut,May,Jun to Aug,Aug to Sep,1530,30,20.0,60,80,207.2729756
333,10.44744745,Gopalganj,Kharif 1,25.0,70.0,Green Coconut,May,Jun to Aug,Aug to Sep,3479,30,20.0,60,80,187.0713811
731,7.452804378,Habiganj,Kharif 1,25.0,70.0,Green Coconut,May,Jun to Aug,Aug to Sep,5448,30,20.0,60,80,199.8207412
512,9.53515625,Jamalpur,Kharif 1,25.0,70.0,Green Coconut,May,Jun to Aug,Aug to Sep,4882,30,20.0,60,80,181.9667474
1164,11.21993127,Jashore,Kharif 1,25.0,70.0,Green Coconut,May,Jun to Aug,Aug to Sep,13060,30,20.0,60,80,152.9451146
2444,3.273322422,Jhallokati,Kharif 1,25.0,70.0,Green Coconut,May,Jun to Aug,Aug to Sep,8000,30,20.0,60,80,13.55627138
378,32.25132275,Jhenaidah,Kharif 1,25.0,70.0,Green Coconut,May,Jun to Aug,Aug to Sep,12191,30,20.0,60,80,129.3005776
134,1.380597015,Joypurhat,Kharif 1,25.0,70.0,Green Coconut,May,Jun to Aug,Aug to Sep,185,30,20.0,60,80,126.9907853
656,2.364329268,Khagrachari,Kharif 1,25.0,70.0,Green Coconut,May,Jun to Aug,Aug to Sep,1551,30,20.0,60,80,102.8096201
1518,7.009881423,Khulna,Kharif 1,25.0,70.0,Green Coconut,May,Jun to Aug,Aug to Sep,10641,30,20.0,60,80,133.0217375
313,24.11182109,Kishoreganj,Kharif 1,25.0,70.0,Green Coconut,May,Jun to Aug,Aug to Sep,7547,30,20.0,60,80,202.2996625
90,5.944444444,Kurigram,Kharif 1,25.0,70.0,Green Coconut,May,Jun to Aug,Aug to Sep,535,30,20.0,60,80,103.3168379
1286,13.03810264,Kushtia,Kharif 1,25.0,70.0,Green Coconut,May,Jun to Aug,Aug to Sep,16767,30,20.0,60,80,101.4266693
107,98.99065421,Lakshmipur,Kharif 1,25.0,70.0,Green Coconut,May,Jun to Aug,Aug to Sep,10592,30,20.0,60,80,180.0470995
82,7.951219512,Lalmonirhat,Kharif 1,25.0,70.0,Green Coconut,May,Jun to Aug,Aug to Sep,652,30,20.0,60,80,220.0798809
940,12.53510638,Madaripur,Kharif 1,25.0,70.0,Green Coconut,May,Jun to Aug,Aug to Sep,11783,30,20.0,60,80,92.50280703
695,7.732374101,Magura,Kharif 1,25.0,70.0,Green Coconut,May,Jun to Aug,Aug to Sep,5374,30,20.0,60,80,105.3335612
1533,9.075016308,Manikganj,Kharif 1,25.0,70.0,Green Coconut,May,Jun to Aug,Aug to Sep,13912,30,20.0,60,80,0.0
129,10.60465116,Meherpur,Kharif 1,25.0,70.0,Green Coconut,May,Jun to Aug,Aug to Sep,1368,30,20.0,60,80,109.0345182
269,16.28624535,Moulvibazar,Kharif 1,25.0,70.0,Green Coconut,May,Jun to Aug,Aug to Sep,4381,30,20.0,60,80,124.9008839
67,14.23880597,Munshiganj,Kharif 1,25.0,70.0,Green Coconut,May,Jun to Aug,Aug to Sep,954,30,20.0,60,80,253.1627659
1667,6.588482304,Mymensingh,Kharif 1,25.0,70.0,Green Coconut,May,Jun to Aug,Aug to Sep,10983,30,20.0,60,80,97.97046177
285,8.614035088,Naogaon,Kharif 1,25.0,70.0,Green Coconut,May,Jun to Aug,Aug to Sep,2455,30,20.0,60,80,188.4182327
943,9.19088017,Narail,Kharif 1,25.0,70.0,Green Coconut,May,Jun to Aug,Aug to Sep,8667,30,20.0,60,80,125.3316289
43,48.60465116,Narayanganj,Kharif 1,25.0,70.0,Green Coconut,May,Jun to Aug,Aug to Sep,2090,30,20.0,60,80,183.6579539
84,17.92857143,Narsingdi,Kharif 1,25.0,70.0,Green Coconut,May,Jun to Aug,Aug to Sep,1506,30,20.0,60,80,152.2550386
667,14.54572714,Natore,Kharif 1,25.0,70.0,Green Coconut,May,Jun to Aug,Aug to Sep,9702,30,20.0,60,80,150.7424976
521,9.451055662,Netrokona,Kharif 1,25.0,70.0,Green Coconut,May,Jun to Aug,Aug to Sep,4924,30,20.0,60,80,220.6766623
103,15.31067961,Nilphamari,Kharif 1,25.0,70.0,Green Coconut,May,Jun to Aug,Aug to Sep,1577,30,20.0,60,80,203.6295477
1694,14.84946871,Noakhali,Kharif 1,25.0,70.0,Green Coconut,May,Jun to Aug,Aug to Sep,25155,30,20.0,60,80,142.9006841
725,16.29517241,Pabna,Kharif 1,25.0,70.0,Green Coconut,May,Jun to Aug,Aug to Sep,11814,30,20.0,60,80,169.2747507
126,16.53968254,Panchagar,Kharif 1,25.0,70.0,Green Coconut,May,Jun to Aug,Aug to Sep,2084,30,20.0,60,80,97.55946837
1779,7.897133221,Patuakhali,Kharif 1,25.0,70.0,Green Coconut,May,Jun to Aug,Aug to Sep,14049,30,20.0,60,80,257.6281164
3250,4.780923077,Pirojpur,Kharif 1,25.0,70.0,Green Coconut,May,Jun to Aug,Aug to Sep,15538,30,20.0,60,80,202.2852851
350,27.58857143,Rajbari,Kharif 1,25.0,70.0,Green Coconut,May,Jun to Aug,Aug to Sep,9656,30,20.0,60,80,38.45766365
860,13.59534884,Rajshahi,Kharif 1,25.0,70.0,Green Coconut,May,Jun to Aug,Aug to Sep,11692,30,20.0,60,80,174.3564028
1858,1.701829925,Rangamati,Kharif 1,25.0,70.0,Green Coconut,May,Jun to Aug,Aug to Sep,3162,30,20.0,60,80,167.9996015
153,15.83660131,Rangpur,Kharif 1,25.0,70.0,Green Coconut,May,Jun to Aug,Aug to Sep,2423,30,20.0,60,80,167.9630535
1741,9.78518093,Satkhira,Kharif 1,25.0,70.0,Green Coconut,May,Jun to Aug,Aug to Sep,17036,30,20.0,60,80,203.3858676
313,38.1629393,Shariatpur,Kharif 1,25.0,70.0,Green Coconut,May,Jun to Aug,Aug to Sep,11945,30,20.0,60,80,234.7319178
199,10.10552764,Sherpur,Kharif 1,25.0,70.0,Green Coconut,May,Jun to Aug,Aug to Sep,2011,30,20.0,60,80,139.1810392
172,21.3255814,Sirajganj,Kharif 1,25.0,70.0,Green Coconut,May,Jun to Aug,Aug to Sep,3668,30,20.0,60,80,135.5515464
182,16.51648352,Sunamganj,Kharif 1,25.0,70.0,Green Coconut,May,Jun to Aug,Aug to Sep,3006,30,20.0,60,80,189.4539317
2191,0.645823825,Sylhet,Kharif 1,25.0,70.0,Green Coconut,May,Jun to Aug,Aug to Sep,1415,30,20.0,60,80,249.1848021
272,17.72794118,Tangail,Kharif 1,25.0,70.0,Green Coconut,May,Jun to Aug,Aug to Sep,4822,30,20.0,60,80,177.7881988
59,11.76271186,Thakurgaon,Kharif 1,25.0,70.0,Green Coconut,May,Jun to Aug,Aug to Sep,694,30,20.0,60,80,116.5204494
90,36.31111111,Bagerhat,Kharif 2,30.0,75.0,Green Palmyra,Apr,No need to do,May,3268,35,25.0,60,90,245.7225405
131,0.290076336,Bandarban,Kharif 2,30.0,75.0,Green Palmyra,Apr,No need to do,May,38,35,25.0,60,90,8.066585377
2120,2.035849057,Barguna,Kharif 2,30.0,75.0,Green Palmyra,Apr,No need to do,May,4316,35,25.0,60,90,125.5757706
1200,1.25,Barishal,Kharif 2,30.0,75.0,Green Palmyra,Apr,No need to do,May,1500,35,25.0,60,90,207.2184882
31,7.612903226,Bhola,Kharif 2,30.0,75.0,Green Palmyra,Apr,No need to do,May,236,35,25.0,60,90,78.51590423
223,15.02242152,Bogura,Kharif 2,30.0,75.0,Green Palmyra,Apr,No need to do,May,3350,35,25.0,60,90,91.72964763
66,4.545454545,Brahmanbaria,Kharif 2,30.0,75.0,Green Palmyra,Apr,No need to do,May,300,35,25.0,60,90,238.702304
218,15.65137615,Chandpur,Kharif 2,30.0,75.0,Green Palmyra,Apr,No need to do,May,3412,35,25.0,60,90,19.82377882
73,2.506849315,Chapai Nawabganj,Kharif 2,30.0,75.0,Green Palmyra,Apr,No need to do,May,183,35,25.0,60,90,56.41014174
116,14.59482759,Chattogram,Kharif 2,30.0,75.0,Green Palmyra,Apr,No need to do,May,1693,35,25.0,60,90,153.8085961
41,6.365853659,Chuadanga,Kharif 2,30.0,75.0,Green Palmyra,Apr,No need to do,May,261,35,25.0,60,90,187.0702367
4,28.25,CoxsBazar,Kharif 2,30.0,75.0,Green Palmyra,Apr,No need to do,May,113,35,25.0,60,90,147.1030432
1002,1.830339321,Cumilla,Kharif 2,30.0,75.0,Green Palmyra,Apr,No need to do,May,1834,35,25.0,60,90,235.4069339
20,9.7,Dhaka,Kharif 2,30.0,75.0,Green Palmyra,Apr,No need to do,May,194,35,25.0,60,90,165.3604539
69,5.333333333,Dinajpur,Kharif 2,30.0,75.0,Green Palmyra,Apr,No need to do,May,368,35,25.0,60,90,135.7227896
117,27.79487179,Faridpur,Kharif 2,30.0,75.0,Green Palmyra,Apr,No need to do,May,3252,35,25.0,60,90,0.0
130,2.530769231,Feni,Kharif 2,30.0,75.0,Green Palmyra,Apr,No need to do,May,329,35,25.0,60,90,116.6164005
17,3.176470588,Gaibandha,Kharif 2,30.0,75.0,Green Palmyra,Apr,No need to do,May,54,35,25.0,60,90,190.6415184
210,5.480952381,Gazipur,Kharif 2,30.0,75.0,Green Palmyra,Apr,No need to do,May,1151,35,25.0,60,90,78.77258035
308,22.18831169,Gopalganj,Kharif 2,30.0,75.0,Green Palmyra,Apr,No need to do,May,6834,35,25.0,60,90,92.56326998
149,1.395973154,Habiganj,Kharif 2,30.0,75.0,Green Palmyra,Apr,No need to do,May,208,35,25.0,60,90,204.9528762
45,11.0,Jamalpur,Kharif 2,30.0,75.0,Green Palmyra,Apr,No need to do,May,495,35,25.0,60,90,197.3746475
205,5.424390244,Jashore,Kharif 2,30.0,75.0,Green Palmyra,Apr,No need to do,May,1112,35,25.0,60,90,93.71152526
503,1.888667992,Jhallokati,Kharif 2,30.0,75.0,Green Palmyra,Apr,No need to do,May,950,35,25.0,60,90,198.1544824
145,6.427586207,Jhenaidah,Kharif 2,30.0,75.0,Green Palmyra,Apr,No need to do,May,932,35,25.0,60,90,238.0871567
51,8.392156863,Joypurhat,Kharif 2,30.0,75.0,Green Palmyra,Apr,No need to do,May,428,35,25.0,60,90,126.7093141
15,2.266666667,Khagrachari,Kharif 2,30.0,75.0,Green Palmyra,Apr,No need to do,May,34,35,25.0,60,90,114.45051
98,15.23469388,Khulna,Kharif 2,30.0,75.0,Green Palmyra,Apr,No need to do,May,1493,35,25.0,60,90,137.6248952
34,13.11764706,Kishoreganj,Kharif 2,30.0,75.0,Green Palmyra,Apr,No need to do,May,446,35,25.0,60,90,197.910968
1,4.0,Kurigram,Kharif 2,30.0,75.0,Green Palmyra,Apr,No need to do,May,4,35,25.0,60,90,142.3201823
104,10.26923077,Kushtia,Kharif 2,30.0,75.0,Green Palmyra,Apr,No need to do,May,1068,35,25.0,60,90,205.6189532
43,24.0,Lakshmipur,Kharif 2,30.0,75.0,Green Palmyra,Apr,No need to do,May,1032,35,25.0,60,90,277.1460999
11,3.454545455,Lalmonirhat,Kharif 2,30.0,75.0,Green Palmyra,Apr,No need to do,May,38,35,25.0,60,90,143.7452284
174,54.56896552,Madaripur,Kharif 2,30.0,75.0,Green Palmyra,Apr,No need to do,May,9495,35,25.0,60,90,82.31250712
120,8.458333333,Magura,Kharif 2,30.0,75.0,Green Palmyra,Apr,No need to do,May,1015,35,25.0,60,90,185.3545954
43,8.023255814,Manikganj,Kharif 2,30.0,75.0,Green Palmyra,Apr,No need to do,May,345,35,25.0,60,90,173.4987145
39,3.128205128,Meherpur,Kharif 2,30.0,75.0,Green Palmyra,Apr,No need to do,May,122,35,25.0,60,90,223.8070145
1,20.0,Moulvibazar,Kharif 2,30.0,75.0,Green Palmyra,Apr,No need to do,May,20,35,25.0,60,90,46.43974977
17,17.52941176,Munshiganj,Kharif 2,30.0,75.0,Green Palmyra,Apr,No need to do,May,298,35,25.0,60,90,22.29059209
536,4.222014925,Mymensingh,Kharif 2,30.0,75.0,Green Palmyra,Apr,No need to do,May,2263,35,25.0,60,90,231.8227127
595,3.18487395,Naogaon,Kharif 2,30.0,75.0,Green Palmyra,Apr,No need to do,May,1895,35,25.0,60,90,140.3811095
165,3.709090909,Narail,Kharif 2,30.0,75.0,Green Palmyra,Apr,No need to do,May,612,35,25.0,60,90,129.6204701
10,11.1,Narayanganj,Kharif 2,30.0,75.0,Green Palmyra,Apr,No need to do,May,111,35,25.0,60,90,91.60014487
53,16.71698113,Narsingdi,Kharif 2,30.0,75.0,Green Palmyra,Apr,No need to do,May,886,35,25.0,60,90,198.6739025
125,18.872,Natore,Kharif 2,30.0,75.0,Green Palmyra,Apr,No need to do,May,2359,35,25.0,60,90,155.298544
8,11.25,Netrokona,Kharif 2,30.0,75.0,Green Palmyra,Apr,No need to do,May,90,35,25.0,60,90,161.6560439
4,4.0,Nilphamari,Kharif 2,30.0,75.0,Green Palmyra,Apr,No need to do,May,16,35,25.0,60,90,229.3431301
422,4.398104265,Noakhali,Kharif 2,30.0,75.0,Green Palmyra,Apr,No need to do,May,1856,35,25.0,60,90,120.6556029
102,12.64705882,Pabna,Kharif 2,30.0,75.0,Green Palmyra,Apr,No need to do,May,1290,35,25.0,60,90,121.3872157
4,0.0,Panchagar,Kharif 2,30.0,75.0,Green Palmyra,Apr,No need to do,May,0,35,25.0,60,90,52.8516202
468,6.615384615,Patuakhali,Kharif 2,30.0,75.0,Green Palmyra,Apr,No need to do,May,3096,35,25.0,60,90,111.8617183
646,3.529411765,Pirojpur,Kharif 2,30.0,75.0,Green Palmyra,Apr,No need to do,May,2280,35,25.0,60,90,85.45676566
67,27.14925373,Rajbari,Kharif 2,30.0,75.0,Green Palmyra,Apr,No need to do,May,1819,35,25.0,60,90,103.9854189
151,7.039735099,Rajshahi,Kharif 2,30.0,75.0,Green Palmyra,Apr,No need to do,May,1063,35,25.0,60,90,132.7542258
16,2.625,Rangamati,Kharif 2,30.0,75.0,Green Palmyra,Apr,No need to do,May,42,35,25.0,60,90,142.4246177
21,19.23809524,Rangpur,Kharif 2,30.0,75.0,Green Palmyra,Apr,No need to do,May,404,35,25.0,60,90,146.8084028
397,5.64231738,Satkhira,Kharif 2,30.0,75.0,Green Palmyra,Apr,No need to do,May,2240,35,25.0,60,90,144.5014573
118,6.338983051,Shariatpur,Kharif 2,30.0,75.0,Green Palmyra,Apr,No need to do,May,748,35,25.0,60,90,143.2319515
54,5.222222222,Sherpur,Kharif 2,30.0,75.0,Green Palmyra,Apr,No need to do,May,282,35,25.0,60,90,184.4977007
64,17.953125,Sirajganj,Kharif 2,30.0,75.0,Green Palmyra,Apr,No need to do,May,1149,35,25.0,60,90,177.7575145
85,7.129411765,Sunamganj,Kharif 2,30.0,75.0,Green Palmyra,Apr,No need to do,May,606,35,25.0,60,90,248.2424194
0,,Sylhet,Kharif 2,30.0,75.0,Green Palmyra,Apr,No need to do,May,4,35,25.0,60,90,91.89200796
87,19.5862069,Tangail,Kharif 2,30.0,75.0,Green Palmyra,Apr,No need to do,May,1704,35,25.0,60,90,93.39543478
3,2.0,Thakurgaon,Kharif 2,30.0,75.0,Green Palmyra,Apr,No need to do,May,6,35,25.0,60,90,159.5011164
83,17.27710843,Bagerhat,Kharif 1,25.0,70.0,Green Papaya,Jun,Jun to Aug,Aug to Sep,1434,30,20.0,60,80,82.41020705
276,5.916666667,Bandarban,Kharif 1,25.0,70.0,Green Papaya,Jun,Jun to Aug,Aug to Sep,1633,30,20.0,60,80,146.8797068
3169,0.809403597,Barguna,Kharif 1,25.0,70.0,Green Papaya,Jun,Jun to Aug,Aug to Sep,2565,30,20.0,60,80,196.3132957
1373,3.510560816,Barishal,Kharif 1,25.0,70.0,Green Papaya,Jun,Jun to Aug,Aug to Sep,4820,30,20.0,60,80,179.9703874
207,6.202898551,Bhola,Kharif 1,25.0,70.0,Green Papaya,Jun,Jun to Aug,Aug to Sep,1284,30,20.0,60,80,249.5707042
436,16.28669725,Bogura,Kharif 1,25.0,70.0,Green Papaya,Jun,Jun to Aug,Aug to Sep,7101,30,20.0,60,80,134.0405857
176,7.079545455,Brahmanbaria,Kharif 1,25.0,70.0,Green Papaya,Jun,Jun to Aug,Aug to Sep,1246,30,20.0,60,80,118.7191715
102,25.56862745,Chandpur,Kharif 1,25.0,70.0,Green Papaya,Jun,Jun to Aug,Aug to Sep,2608,30,20.0,60,80,124.834401
244,12.95081967,Chapai Nawabganj,Kharif 1,25.0,70.0,Green Papaya,Jun,Jun to Aug,Aug to Sep,3160,30,20.0,60,80,117.1987368
321,12.08099688,Chattogram,Kharif 1,25.0,70.0,Green Papaya,Jun,Jun to Aug,Aug to Sep,3878,30,20.0,60,80,78.24085127
142,25.4084507,Chuadanga,Kharif 1,25.0,70.0,Green Papaya,Jun,Jun to Aug,Aug to Sep,3608,30,20.0,60,80,242.0852856
300,7.816666667,CoxsBazar,Kharif 1,25.0,70.0,Green Papaya,Jun,Jun to Aug,Aug to Sep,2345,30,20.0,60,80,144.9758712
457,5.238512035,Cumilla,Kharif 1,25.0,70.0,Green Papaya,Jun,Jun to Aug,Aug to Sep,2394,30,20.0,60,80,127.5861507
118,21.1779661,Dhaka,Kharif 1,25.0,70.0,Green Papaya,Jun,Jun to Aug,Aug to Sep,2499,30,20.0,60,80,80.376961
437,8.782608696,Dinajpur,Kharif 1,25.0,70.0,Green Papaya,Jun,Jun to Aug,Aug to Sep,3838,30,20.0,60,80,171.6060483
473,26.82663848,Faridpur,Kharif 1,25.0,70.0,Green Papaya,Jun,Jun to Aug,Aug to Sep,12689,30,20.0,60,80,189.3806018
495,1.113131313,Feni,Kharif 1,25.0,70.0,Green Papaya,Jun,Jun to Aug,Aug to Sep,551,30,20.0,60,80,56.89126507
177,10.33333333,Gaibandha,Kharif 1,25.0,70.0,Green Papaya,Jun,Jun to Aug,Aug to Sep,1829,30,20.0,60,80,107.7345282
2715,1.303867403,Gazipur,Kharif 1,25.0,70.0,Green Papaya,Jun,Jun to Aug,Aug to Sep,3540,30,20.0,60,80,178.1266198
464,4.588362069,Gopalganj,Kharif 1,25.0,70.0,Green Papaya,Jun,Jun to Aug,Aug to Sep,2129,30,20.0,60,80,123.8765912
8,90.0,Habiganj,Kharif 1,25.0,70.0,Green Papaya,Jun,Jun to Aug,Aug to Sep,720,30,20.0,60,80,142.0927644
304,17.44736842,Jamalpur,Kharif 1,25.0,70.0,Green Papaya,Jun,Jun to Aug,Aug to Sep,5304,30,20.0,60,80,90.68701314
841,20.23662307,Jashore,Kharif 1,25.0,70.0,Green Papaya,Jun,Jun to Aug,Aug to Sep,17019,30,20.0,60,80,192.457101
436,2.866972477,Jhallokati,Kharif 1,25.0,70.0,Green Papaya,Jun,Jun to Aug,Aug to Sep,1250,30,20.0,60,80,168.8162823
489,12.98364008,Jhenaidah,Kharif 1,25.0,70.0,Green Papaya,Jun,Jun to Aug,Aug to Sep,6349,30,20.0,60,80,87.59555182
62,28.43548387,Joypurhat,Kharif 1,25.0,70.0,Green Papaya,Jun,Jun to Aug,Aug to Sep,1763,30,20.0,60,80,133.1637425
300,8.11,Khagrachari,Kharif 1,25.0,70.0,Green Papaya,Jun,Jun to Aug,Aug to Sep,2433,30,20.0,60,80,78.45357161
171,15.05263158,Khulna,Kharif 1,25.0,70.0,Green Papaya,Jun,Jun to Aug,Aug to Sep,2574,30,20.0,60,80,207.8792812
108,37.91666667,Kishoreganj,Kharif 1,25.0,70.0,Green Papaya,Jun,Jun to Aug,Aug to Sep,4095,30,20.0,60,80,122.5564334
184,11.88586957,Kurigram,Kharif 1,25.0,70.0,Green Papaya,Jun,Jun to Aug,Aug to Sep,2187,30,20.0,60,80,299.942942
300,16.88666667,Kushtia,Kharif 1,25.0,70.0,Green Papaya,Jun,Jun to Aug,Aug to Sep,5066,30,20.0,60,80,113.6109599
95,41.62105263,Lakshmipur,Kharif 1,25.0,70.0,Green Papaya,Jun,Jun to Aug,Aug to Sep,3954,30,20.0,60,80,51.4074069
168,9.214285714,Lalmonirhat,Kharif 1,25.0,70.0,Green Papaya,Jun,Jun to Aug,Aug to Sep,1548,30,20.0,60,80,238.9651285
252,8.777777778,Madaripur,Kharif 1,25.0,70.0,Green Papaya,Jun,Jun to Aug,Aug to Sep,2212,30,20.0,60,80,114.6896361
752,8.829787234,Magura,Kharif 1,25.0,70.0,Green Papaya,Jun,Jun to Aug,Aug to Sep,6640,30,20.0,60,80,107.0955916
181,14.35911602,Manikganj,Kharif 1,25.0,70.0,Green Papaya,Jun,Jun to Aug,Aug to Sep,2599,30,20.0,60,80,124.3778442
85,21.23529412,Meherpur,Kharif 1,25.0,70.0,Green Papaya,Jun,Jun to Aug,Aug to Sep,1805,30,20.0,60,80,81.84705402
263,5.338403042,Moulvibazar,Kharif 1,25.0,70.0,Green Papaya,Jun,Jun to Aug,Aug to Sep,1404,30,20.0,60,80,226.4445407
97,6.18556701,Munshiganj,Kharif 1,25.0,70.0,Green Papaya,Jun,Jun to Aug,Aug to Sep,600,30,20.0,60,80,140.5402854
1234,18.47082658,Mymensingh,Kharif 1,25.0,70.0,Green Papaya,Jun,Jun to Aug,Aug to Sep,22793,30,20.0,60,80,106.6213688
142,13.43661972,Naogaon,Kharif 1,25.0,70.0,Green Papaya,Jun,Jun to Aug,Aug to Sep,1908,30,20.0,60,80,28.13792959
365,10.36438356,Narail,Kharif 1,25.0,70.0,Green Papaya,Jun,Jun to Aug,Aug to Sep,3783,30,20.0,60,80,198.6034493
48,21.375,Narayanganj,Kharif 1,25.0,70.0,Green Papaya,Jun,Jun to Aug,Aug to Sep,1026,30,20.0,60,80,156.3916786
293,18.97952218,Narsingdi,Kharif 1,25.0,70.0,Green Papaya,Jun,Jun to Aug,Aug to Sep,5561,30,20.0,60,80,48.05958466
313,19.14057508,Natore,Kharif 1,25.0,70.0,Green Papaya,Jun,Jun to Aug,Aug to Sep,5991,30,20.0,60,80,170.0154735
191,18.41361257,Netrokona,Kharif 1,25.0,70.0,Green Papaya,Jun,Jun to Aug,Aug to Sep,3517,30,20.0,60,80,158.9952525
69,29.24637681,Nilphamari,Kharif 1,25.0,70.0,Green Papaya,Jun,Jun to Aug,Aug to Sep,2018,30,20.0,60,80,190.5180737
190,7.821052632,Noakhali,Kharif 1,25.0,70.0,Green Papaya,Jun,Jun to Aug,Aug to Sep,1486,30,20.0,60,80,155.6161001
495,14.93737374,Pabna,Kharif 1,25.0,70.0,Green Papaya,Jun,Jun to Aug,Aug to Sep,7394,30,20.0,60,80,195.6029688
74,23.43243243,Panchagar,Kharif 1,25.0,70.0,Green Papaya,Jun,Jun to Aug,Aug to Sep,1734,30,20.0,60,80,135.0607315
753,4.887118194,Patuakhali,Kharif 1,25.0,70.0,Green Papaya,Jun,Jun to Aug,Aug to Sep,3680,30,20.0,60,80,186.0126867
438,3.46347032,Pirojpur,Kharif 1,25.0,70.0,Green Papaya,Jun,Jun to Aug,Aug to Sep,1517,30,20.0,60,80,159.6315748
513,11.94346979,Rajbari,Kharif 1,25.0,70.0,Green Papaya,Jun,Jun to Aug,Aug to Sep,6127,30,20.0,60,80,56.00584484
1476,40.41531165,Rajshahi,Kharif 1,25.0,70.0,Green Papaya,Jun,Jun to Aug,Aug to Sep,59653,30,20.0,60,80,211.7411551
498,15.42570281,Rangamati,Kharif 1,25.0,70.0,Green Papaya,Jun,Jun to Aug,Aug to Sep,7682,30,20.0,60,80,198.0139149
234,14.70512821,Rangpur,Kharif 1,25.0,70.0,Green Papaya,Jun,Jun to Aug,Aug to Sep,3441,30,20.0,60,80,95.97956103
341,8.95601173,Satkhira,Kharif 1,25.0,70.0,Green Papaya,Jun,Jun to Aug,Aug to Sep,3054,30,20.0,60,80,111.3056098
98,11.42857143,Shariatpur,Kharif 1,25.0,70.0,Green Papaya,Jun,Jun to Aug,Aug to Sep,1120,30,20.0,60,80,110.9349279
217,13.17511521,Sherpur,Kharif 1,25.0,70.0,Green Papaya,Jun,Jun to Aug,Aug to Sep,2859,30,20.0,60,80,261.3350391
297,13.30976431,Sirajganj,Kharif 1,25.0,70.0,Green Papaya,Jun,Jun to Aug,Aug to Sep,3953,30,20.0,60,80,119.1982334
74,1.027027027,Sunamganj,Kharif 1,25.0,70.0,Green Papaya,Jun,Jun to Aug,Aug to Sep,76,30,20.0,60,80,94.67117633
278,3.654676259,Sylhet,Kharif 1,25.0,70.0,Green Papaya,Jun,Jun to Aug,Aug to Sep,1016,30,20.0,60,80,166.1370909
394,12.64974619,Tangail,Kharif 1,25.0,70.0,Green Papaya,Jun,Jun to Aug,Aug to Sep,4984,30,20.0,60,80,173.0131294
91,14.20879121,Thakurgaon,Kharif 1,25.0,70.0,Green Papaya,Jun,Jun to Aug,Aug to Sep,1293,30,20.0,60,80,251.3974748
46,0.608695652,Bagerhat,Rabi,27.5,85.0,Groundnut,Oct,Nov to Mar,Mar to Apr,28,35,20.0,80,90,204.8134956
213,0.694835681,Bandarban,Rabi,27.5,85.0,Groundnut,Oct,Nov to Mar,Mar to Apr,148,35,20.0,80,90,0.0
189,1.296296296,Barguna,Rabi,27.5,85.0,Groundnut,Oct,Nov to Mar,Mar to Apr,245,35,20.0,80,90,74.09994665
77,0.883116883,Barishal,Rabi,27.5,85.0,Groundnut,Oct,Nov to Mar,Mar to Apr,68,35,20.0,80,90,208.7128969
4716,0.787319763,Bhola,Rabi,27.5,85.0,Groundnut,Oct,Nov to Mar,Mar to Apr,3713,35,20.0,80,90,303.3161375
553,0.535262206,Bogura,Rabi,27.5,85.0,Groundnut,Oct,Nov to Mar,Mar to Apr,296,35,20.0,80,90,142.5899304
392,0.599489796,Brahmanbaria,Rabi,27.5,85.0,Groundnut,Oct,Nov to Mar,Mar to Apr,235,35,20.0,80,90,145.5162481
265,0.59245283,Chandpur,Rabi,27.5,85.0,Groundnut,Oct,Nov to Mar,Mar to Apr,157,35,20.0,80,90,117.8405609
0,,Chapai Nawabganj,Rabi,27.5,85.0,Groundnut,Oct,Nov to Mar,Mar to Apr,0,35,20.0,80,90,189.1168471
1905,0.908136483,Chattogram,Rabi,27.5,85.0,Groundnut,Oct,Nov to Mar,Mar to Apr,1730,35,20.0,80,90,146.4533842
52,0.596153846,Chuadanga,Rabi,27.5,85.0,Groundnut,Oct,Nov to Mar,Mar to Apr,31,35,20.0,80,90,132.3252844
626,1.255591054,CoxsBazar,Rabi,27.5,85.0,Groundnut,Oct,Nov to Mar,Mar to Apr,786,35,20.0,80,90,238.2774407
323,0.959752322,Cumilla,Rabi,27.5,85.0,Groundnut,Oct,Nov to Mar,Mar to Apr,310,35,20.0,80,90,144.1012327
261,0.670498084,Dhaka,Rabi,27.5,85.0,Groundnut,Oct,Nov to Mar,Mar to Apr,175,35,20.0,80,90,242.7146138
62,0.822580645,Dinajpur,Rabi,27.5,85.0,Groundnut,Oct,Nov to Mar,Mar to Apr,51,35,20.0,80,90,162.3931877
5330,1.139774859,Faridpur,Rabi,27.5,85.0,Groundnut,Oct,Nov to Mar,Mar to Apr,6075,35,20.0,80,90,198.5531255
1943,0.715388574,Feni,Rabi,27.5,85.0,Groundnut,Oct,Nov to Mar,Mar to Apr,1390,35,20.0,80,90,165.7239213
1313,0.902513328,Gaibandha,Rabi,27.5,85.0,Groundnut,Oct,Nov to Mar,Mar to Apr,1185,35,20.0,80,90,41.08384258
32,0.375,Gazipur,Rabi,27.5,85.0,Groundnut,Oct,Nov to Mar,Mar to Apr,12,35,20.0,80,90,186.0514351
1477,0.889641165,Gopalganj,Rabi,27.5,85.0,Groundnut,Oct,Nov to Mar,Mar to Apr,1314,35,20.0,80,90,187.0892127
15,0.466666667,Habiganj,Rabi,27.5,85.0,Groundnut,Oct,Nov to Mar,Mar to Apr,7,35,20.0,80,90,209.6804643
304,0.671052632,Jamalpur,Rabi,27.5,85.0,Groundnut,Oct,Nov to Mar,Mar to Apr,204,35,20.0,80,90,177.7386758
17,0.529411765,Jashore,Rabi,27.5,85.0,Groundnut,Oct,Nov to Mar,Mar to Apr,9,35,20.0,80,90,145.7502102
25,0.44,Jhallokati,Rabi,27.5,85.0,Groundnut,Oct,Nov to Mar,Mar to Apr,11,35,20.0,80,90,99.58546239
711,1.196905767,Jhenaidah,Rabi,27.5,85.0,Groundnut,Oct,Nov to Mar,Mar to Apr,851,35,20.0,80,90,37.73601607
0,,Joypurhat,Rabi,27.5,85.0,Groundnut,Oct,Nov to Mar,Mar to Apr,0,35,20.0,80,90,187.1217044
129,1.054263566,Khagrachari,Rabi,27.5,85.0,Groundnut,Oct,Nov to Mar,Mar to Apr,136,35,20.0,80,90,224.6555256
0,,Khulna,Rabi,27.5,85.0,Groundnut,Oct,Nov to Mar,Mar to Apr,0,35,20.0,80,90,224.3000046
1914,0.809299896,Kishoreganj,Rabi,27.5,85.0,Groundnut,Oct,Nov to Mar,Mar to Apr,1549,35,20.0,80,90,252.1174453
2274,0.672823219,Kurigram,Rabi,27.5,85.0,Groundnut,Oct,Nov to Mar,Mar to Apr,1530,35,20.0,80,90,77.92757712
495,0.626262626,Kushtia,Rabi,27.5,85.0,Groundnut,Oct,Nov to Mar,Mar to Apr,310,35,20.0,80,90,163.5300289
211,1.184834123,Lakshmipur,Rabi,27.5,85.0,Groundnut,Oct,Nov to Mar,Mar to Apr,250,35,20.0,80,90,68.6485838
409,0.909535452,Lalmonirhat,Rabi,27.5,85.0,Groundnut,Oct,Nov to Mar,Mar to Apr,372,35,20.0,80,90,39.72052623
295,0.728813559,Madaripur,Rabi,27.5,85.0,Groundnut,Oct,Nov to Mar,Mar to Apr,215,35,20.0,80,90,168.5720168
65,2.061538462,Magura,Rabi,27.5,85.0,Groundnut,Oct,Nov to Mar,Mar to Apr,134,35,20.0,80,90,188.1787983
2121,0.69495521,Manikganj,Rabi,27.5,85.0,Groundnut,Oct,Nov to Mar,Mar to Apr,1474,35,20.0,80,90,96.79729027
21,0.857142857,Meherpur,Rabi,27.5,85.0,Groundnut,Oct,Nov to Mar,Mar to Apr,18,35,20.0,80,90,84.58523357
20,0.45,Moulvibazar,Rabi,27.5,85.0,Groundnut,Oct,Nov to Mar,Mar to Apr,9,35,20.0,80,90,154.8437088
145,0.751724138,Munshiganj,Rabi,27.5,85.0,Groundnut,Oct,Nov to Mar,Mar to Apr,109,35,20.0,80,90,125.8269559
649,0.562403698,Mymensingh,Rabi,27.5,85.0,Groundnut,Oct,Nov to Mar,Mar to Apr,365,35,20.0,80,90,119.4282491
213,0.699530516,Naogaon,Rabi,27.5,85.0,Groundnut,Oct,Nov to Mar,Mar to Apr,149,35,20.0,80,90,99.42213256
976,0.929303279,Narail,Rabi,27.5,85.0,Groundnut,Oct,Nov to Mar,Mar to Apr,907,35,20.0,80,90,251.217238
525,0.52952381,Narayanganj,Rabi,27.5,85.0,Groundnut,Oct,Nov to Mar,Mar to Apr,278,35,20.0,80,90,170.245131
566,0.53180212,Narsingdi,Rabi,27.5,85.0,Groundnut,Oct,Nov to Mar,Mar to Apr,301,35,20.0,80,90,83.14626384
1091,0.45004583,Natore,Rabi,27.5,85.0,Groundnut,Oct,Nov to Mar,Mar to Apr,491,35,20.0,80,90,126.529819
313,0.808306709,Netrokona,Rabi,27.5,85.0,Groundnut,Oct,Nov to Mar,Mar to Apr,253,35,20.0,80,90,192.2380818
224,0.566964286,Nilphamari,Rabi,27.5,85.0,Groundnut,Oct,Nov to Mar,Mar to Apr,127,35,20.0,80,90,143.2745585
11215,0.678288007,Noakhali,Rabi,27.5,85.0,Groundnut,Oct,Nov to Mar,Mar to Apr,7607,35,20.0,80,90,172.8253065
637,0.748822606,Pabna,Rabi,27.5,85.0,Groundnut,Oct,Nov to Mar,Mar to Apr,477,35,20.0,80,90,219.0750755
19561,0.758499054,Panchagar,Rabi,27.5,85.0,Groundnut,Oct,Nov to Mar,Mar to Apr,14837,35,20.0,80,90,262.6063086
1204,0.414451827,Patuakhali,Rabi,27.5,85.0,Groundnut,Oct,Nov to Mar,Mar to Apr,499,35,20.0,80,90,153.5423588
13,0.692307692,Pirojpur,Rabi,27.5,85.0,Groundnut,Oct,Nov to Mar,Mar to Apr,9,35,20.0,80,90,319.3194517
290,1.634482759,Rajbari,Rabi,27.5,85.0,Groundnut,Oct,Nov to Mar,Mar to Apr,474,35,20.0,80,90,111.0253679
703,0.867709815,Rajshahi,Rabi,27.5,85.0,Groundnut,Oct,Nov to Mar,Mar to Apr,610,35,20.0,80,90,155.3603131
54,0.574074074,Rangamati,Rabi,27.5,85.0,Groundnut,Oct,Nov to Mar,Mar to Apr,31,35,20.0,80,90,19.22658901
119,0.739495798,Rangpur,Rabi,27.5,85.0,Groundnut,Oct,Nov to Mar,Mar to Apr,88,35,20.0,80,90,238.6275877
0,,Satkhira,Rabi,27.5,85.0,Groundnut,Oct,Nov to Mar,Mar to Apr,0,35,20.0,80,90,96.92448436
646,1.044891641,Shariatpur,Rabi,27.5,85.0,Groundnut,Oct,Nov to Mar,Mar to Apr,675,35,20.0,80,90,132.2548929
103,0.970873786,Sherpur,Rabi,27.5,85.0,Groundnut,Oct,Nov to Mar,Mar to Apr,100,35,20.0,80,90,168.5598295
3169,0.763963395,Sirajganj,Rabi,27.5,85.0,Groundnut,Oct,Nov to Mar,Mar to Apr,2421,35,20.0,80,90,143.2175401
2769,0.727338389,Sunamganj,Rabi,27.5,85.0,Groundnut,Oct,Nov to Mar,Mar to Apr,2014,35,20.0,80,90,0.0
12,0.75,Sylhet,Rabi,27.5,85.0,Groundnut,Oct,Nov to Mar,Mar to Apr,9,35,20.0,80,90,150.4691123
2924,0.552325581,Tangail,Rabi,27.5,85.0,Groundnut,Oct,Nov to Mar,Mar to Apr,1615,35,20.0,80,90,109.2338082
81,0.617283951,Thakurgaon,Rabi,27.5,85.0,Groundnut,Oct,Nov to Mar,Mar to Apr,50,35,20.0,80,90,182.3723431
176,8.454545455,Bagerhat,Kharif 1,29.0,67.5,Guava,Apr,No need to do,Throughout The year,1488,35,23.0,50,85,164.3394134
843,0.422301305,Bandarban,Kharif 1,29.0,67.5,Guava,Apr,No need to do,Throughout The year,356,35,23.0,50,85,63.26137338
1462,0.53625171,Barguna,Kharif 1,29.0,67.5,Guava,Apr,No need to do,Throughout The year,784,35,23.0,50,85,62.40819011
3601,2.709802833,Barishal,Kharif 1,29.0,67.5,Guava,Apr,No need to do,Throughout The year,9758,35,23.0,50,85,124.8405785
155,7.587096774,Bhola,Kharif 1,29.0,67.5,Guava,Apr,No need to do,Throughout The year,1176,35,23.0,50,85,212.9099926
364,12.37087912,Bogura,Kharif 1,29.0,67.5,Guava,Apr,No need to do,Throughout The year,4503,35,23.0,50,85,170.8690724
653,1.998468606,Brahmanbaria,Kharif 1,29.0,67.5,Guava,Apr,No need to do,Throughout The year,1305,35,23.0,50,85,198.1360916
176,14.40909091,Chandpur,Kharif 1,29.0,67.5,Guava,Apr,No need to do,Throughout The year,2536,35,23.0,50,85,59.20072382
818,4.880195599,Chapai Nawabganj,Kharif 1,29.0,67.5,Guava,Apr,No need to do,Throughout The year,3992,35,23.0,50,85,237.4335369
5327,7.900131406,Chattogram,Kharif 1,29.0,67.5,Guava,Apr,No need to do,Throughout The year,42084,35,23.0,50,85,79.58384783
203,9.581280788,Chuadanga,Kharif 1,29.0,67.5,Guava,Apr,No need to do,Throughout The year,1945,35,23.0,50,85,242.3714341
4941,0.352357822,CoxsBazar,Kharif 1,29.0,67.5,Guava,Apr,No need to do,Throughout The year,1741,35,23.0,50,85,107.1289688
1518,3.889986825,Cumilla,Kharif 1,29.0,67.5,Guava,Apr,No need to do,Throughout The year,5905,35,23.0,50,85,180.1512986
272,14.70955882,Dhaka,Kharif 1,29.0,67.5,Guava,Apr,No need to do,Throughout The year,4001,35,23.0,50,85,175.4577976
468,5.126068376,Dinajpur,Kharif 1,29.0,67.5,Guava,Apr,No need to do,Throughout The year,2399,35,23.0,50,85,201.1378731
241,5.647302905,Faridpur,Kharif 1,29.0,67.5,Guava,Apr,No need to do,Throughout The year,1361,35,23.0,50,85,52.19337664
189,3.613756614,Feni,Kharif 1,29.0,67.5,Guava,Apr,No need to do,Throughout The year,683,35,23.0,50,85,147.4939058
288,4.489583333,Gaibandha,Kharif 1,29.0,67.5,Guava,Apr,No need to do,Throughout The year,1293,35,23.0,50,85,214.5082326
6943,0.849200634,Gazipur,Kharif 1,29.0,67.5,Guava,Apr,No need to do,Throughout The year,5896,35,23.0,50,85,192.2924287
277,6.303249097,Gopalganj,Kharif 1,29.0,67.5,Guava,Apr,No need to do,Throughout The year,1746,35,23.0,50,85,10.15323476
513,6.799220273,Habiganj,Kharif 1,29.0,67.5,Guava,Apr,No need to do,Throughout The year,3488,35,23.0,50,85,34.06473679
646,5.724458204,Jamalpur,Kharif 1,29.0,67.5,Guava,Apr,No need to do,Throughout The year,3698,35,23.0,50,85,139.4494301
1025,7.287804878,Jashore,Kharif 1,29.0,67.5,Guava,Apr,No need to do,Throughout The year,7470,35,23.0,50,85,147.5235351
3006,1.825016633,Jhallokati,Kharif 1,29.0,67.5,Guava,Apr,No need to do,Throughout The year,5486,35,23.0,50,85,248.627997
388,12.70103093,Jhenaidah,Kharif 1,29.0,67.5,Guava,Apr,No need to do,Throughout The year,4928,35,23.0,50,85,120.8700257
105,7.647619048,Joypurhat,Kharif 1,29.0,67.5,Guava,Apr,No need to do,Throughout The year,803,35,23.0,50,85,111.2785099
607,2.434925865,Khagrachari,Kharif 1,29.0,67.5,Guava,Apr,No need to do,Throughout The year,1478,35,23.0,50,85,175.571507
357,7.557422969,Khulna,Kharif 1,29.0,67.5,Guava,Apr,No need to do,Throughout The year,2698,35,23.0,50,85,155.2568305
157,7.853503185,Kishoreganj,Kharif 1,29.0,67.5,Guava,Apr,No need to do,Throughout The year,1233,35,23.0,50,85,254.0502045
178,5.191011236,Kurigram,Kharif 1,29.0,67.5,Guava,Apr,No need to do,Throughout The year,924,35,23.0,50,85,188.418197
427,16.9882904,Kushtia,Kharif 1,29.0,67.5,Guava,Apr,No need to do,Throughout The year,7254,35,23.0,50,85,150.9310505
66,15.21212121,Lakshmipur,Kharif 1,29.0,67.5,Guava,Apr,No need to do,Throughout The year,1004,35,23.0,50,85,167.5406515
345,4.223188406,Lalmonirhat,Kharif 1,29.0,67.5,Guava,Apr,No need to do,Throughout The year,1457,35,23.0,50,85,129.4068386
110,4.7,Madaripur,Kharif 1,29.0,67.5,Guava,Apr,No need to do,Throughout The year,517,35,23.0,50,85,39.66284306
280,8.857142857,Magura,Kharif 1,29.0,67.5,Guava,Apr,No need to do,Throughout The year,2480,35,23.0,50,85,140.8410233
193,7.316062176,Manikganj,Kharif 1,29.0,67.5,Guava,Apr,No need to do,Throughout The year,1412,35,23.0,50,85,196.2962507
261,4.551724138,Meherpur,Kharif 1,29.0,67.5,Guava,Apr,No need to do,Throughout The year,1188,35,23.0,50,85,134.4540279
322,8.341614907,Moulvibazar,Kharif 1,29.0,67.5,Guava,Apr,No need to do,Throughout The year,2686,35,23.0,50,85,292.2487306
87,6.655172414,Munshiganj,Kharif 1,29.0,67.5,Guava,Apr,No need to do,Throughout The year,579,35,23.0,50,85,262.3936209
1428,2.899159664,Mymensingh,Kharif 1,29.0,67.5,Guava,Apr,No need to do,Throughout The year,4140,35,23.0,50,85,231.4708622
403,4.258064516,Naogaon,Kharif 1,29.0,67.5,Guava,Apr,No need to do,Throughout The year,1716,35,23.0,50,85,175.0301445
386,5.121761658,Narail,Kharif 1,29.0,67.5,Guava,Apr,No need to do,Throughout The year,1977,35,23.0,50,85,179.3825775
46,19.69565217,Narayanganj,Kharif 1,29.0,67.5,Guava,Apr,No need to do,Throughout The year,906,35,23.0,50,85,138.113464
280,15.28214286,Narsingdi,Kharif 1,29.0,67.5,Guava,Apr,No need to do,Throughout The year,4279,35,23.0,50,85,207.1168585
520,10.37884615,Natore,Kharif 1,29.0,67.5,Guava,Apr,No need to do,Throughout The year,5397,35,23.0,50,85,76.40128539
348,5.74137931,Netrokona,Kharif 1,29.0,67.5,Guava,Apr,No need to do,Throughout The year,1998,35,23.0,50,85,55.31940277
137,11.3649635,Nilphamari,Kharif 1,29.0,67.5,Guava,Apr,No need to do,Throughout The year,1557,35,23.0,50,85,262.0706671
361,4.933518006,Noakhali,Kharif 1,29.0,67.5,Guava,Apr,No need to do,Throughout The year,1781,35,23.0,50,85,67.36733222
532,12.81390977,Pabna,Kharif 1,29.0,67.5,Guava,Apr,No need to do,Throughout The year,6817,35,23.0,50,85,223.6761795
228,6.495614035,Panchagar,Kharif 1,29.0,67.5,Guava,Apr,No need to do,Throughout The year,1481,35,23.0,50,85,115.8061674
640,2.00625,Patuakhali,Kharif 1,29.0,67.5,Guava,Apr,No need to do,Throughout The year,1284,35,23.0,50,85,187.3536221
2694,11.39161099,Pirojpur,Kharif 1,29.0,67.5,Guava,Apr,No need to do,Throughout The year,30689,35,23.0,50,85,131.1937648
300,5.85,Rajbari,Kharif 1,29.0,67.5,Guava,Apr,No need to do,Throughout The year,1755,35,23.0,50,85,98.50908784
1510,5.878807947,Rajshahi,Kharif 1,29.0,67.5,Guava,Apr,No need to do,Throughout The year,8877,35,23.0,50,85,89.29480378
1051,6.141769743,Rangamati,Kharif 1,29.0,67.5,Guava,Apr,No need to do,Throughout The year,6455,35,23.0,50,85,211.7053723
193,8.880829016,Rangpur,Kharif 1,29.0,67.5,Guava,Apr,No need to do,Throughout The year,1714,35,23.0,50,85,98.72238296
676,3.627218935,Satkhira,Kharif 1,29.0,67.5,Guava,Apr,No need to do,Throughout The year,2452,35,23.0,50,85,207.4444157
280,4.403571429,Shariatpur,Kharif 1,29.0,67.5,Guava,Apr,No need to do,Throughout The year,1233,35,23.0,50,85,172.2219243
304,3.878289474,Sherpur,Kharif 1,29.0,67.5,Guava,Apr,No need to do,Throughout The year,1179,35,23.0,50,85,90.49606236
136,23.36764706,Sirajganj,Kharif 1,29.0,67.5,Guava,Apr,No need to do,Throughout The year,3178,35,23.0,50,85,253.2572321
1318,0.42185129,Sunamganj,Kharif 1,29.0,67.5,Guava,Apr,No need to do,Throughout The year,556,35,23.0,50,85,120.1945297
462,3.385281385,Sylhet,Kharif 1,29.0,67.5,Guava,Apr,No need to do,Throughout The year,1564,35,23.0,50,85,271.5848582
6251,0.660854263,Tangail,Kharif 1,29.0,67.5,Guava,Apr,No need to do,Throughout The year,4131,35,23.0,50,85,102.4147573
146,7.575342466,Thakurgaon,Kharif 1,29.0,67.5,Guava,Apr,No need to do,Throughout The year,1106,35,23.0,50,85,175.5150705
95,26.71578947,Bagerhat,Kharif 1,34.5,82.5,Jack Fruit,Apr,No need to do,Apr to Jun,2538,47,22.0,70,95,172.3430701
300,12.53,Bandarban,Kharif 1,34.5,82.5,Jack Fruit,Apr,No need to do,Apr to Jun,3759,47,22.0,70,95,151.0684183
600,3.945,Barguna,Kharif 1,34.5,82.5,Jack Fruit,Apr,No need to do,Apr to Jun,2367,47,22.0,70,95,148.8514535
500,17.202,Barishal,Kharif 1,34.5,82.5,Jack Fruit,Apr,No need to do,Apr to Jun,8601,47,22.0,70,95,47.72186246
600,23.33333333,Bhola,Kharif 1,34.5,82.5,Jack Fruit,Apr,No need to do,Apr to Jun,14000,47,22.0,70,95,61.09754984
690,34.65942029,Bogura,Kharif 1,34.5,82.5,Jack Fruit,Apr,No need to do,Apr to Jun,23915,47,22.0,70,95,227.8650342
150,139.38,Brahmanbaria,Kharif 1,34.5,82.5,Jack Fruit,Apr,No need to do,Apr to Jun,20907,47,22.0,70,95,156.6970701
480,22.54583333,Chandpur,Kharif 1,34.5,82.5,Jack Fruit,Apr,No need to do,Apr to Jun,10822,47,22.0,70,95,140.8682993
170,17.48823529,Chapai Nawabganj,Kharif 1,34.5,82.5,Jack Fruit,Apr,No need to do,Apr to Jun,2973,47,22.0,70,95,180.476442
998,34.12825651,Chattogram,Kharif 1,34.5,82.5,Jack Fruit,Apr,No need to do,Apr to Jun,34060,47,22.0,70,95,185.4977075
70,79.42857143,Chuadanga,Kharif 1,34.5,82.5,Jack Fruit,Apr,No need to do,Apr to Jun,5560,47,22.0,70,95,257.0192738
240,30.82083333,CoxsBazar,Kharif 1,34.5,82.5,Jack Fruit,Apr,No need to do,Apr to Jun,7397,47,22.0,70,95,79.75248262
800,24.8875,Cumilla,Kharif 1,34.5,82.5,Jack Fruit,Apr,No need to do,Apr to Jun,19910,47,22.0,70,95,267.8304867
213,16.67605634,Dhaka,Kharif 1,34.5,82.5,Jack Fruit,Apr,No need to do,Apr to Jun,3552,47,22.0,70,95,268.6767092
1590,22.23836478,Dinajpur,Kharif 1,34.5,82.5,Jack Fruit,Apr,No need to do,Apr to Jun,35359,47,22.0,70,95,190.5489114
663,19.60030166,Faridpur,Kharif 1,34.5,82.5,Jack Fruit,Apr,No need to do,Apr to Jun,12995,47,22.0,70,95,132.5845513
100,23.61,Feni,Kharif 1,34.5,82.5,Jack Fruit,Apr,No need to do,Apr to Jun,2361,47,22.0,70,95,130.7653915
643,18.36858476,Gaibandha,Kharif 1,34.5,82.5,Jack Fruit,Apr,No need to do,Apr to Jun,11811,47,22.0,70,95,125.7387601
6573,14.57416705,Gazipur,Kharif 1,34.5,82.5,Jack Fruit,Apr,No need to do,Apr to Jun,95796,47,22.0,70,95,122.3436491
184,12.36956522,Gopalganj,Kharif 1,34.5,82.5,Jack Fruit,Apr,No need to do,Apr to Jun,2276,47,22.0,70,95,124.8035447
650,30.9,Habiganj,Kharif 1,34.5,82.5,Jack Fruit,Apr,No need to do,Apr to Jun,20085,47,22.0,70,95,99.60779852
100,286.81,Jamalpur,Kharif 1,34.5,82.5,Jack Fruit,Apr,No need to do,Apr to Jun,28681,47,22.0,70,95,98.67047052
100,113.11,Jashore,Kharif 1,34.5,82.5,Jack Fruit,Apr,No need to do,Apr to Jun,11311,47,22.0,70,95,172.618126
700,3.57,Jhallokati,Kharif 1,34.5,82.5,Jack Fruit,Apr,No need to do,Apr to Jun,2499,47,22.0,70,95,188.5409342
600,21.55666667,Jhenaidah,Kharif 1,34.5,82.5,Jack Fruit,Apr,No need to do,Apr to Jun,12934,47,22.0,70,95,45.73143211
95,29.47368421,Joypurhat,Kharif 1,34.5,82.5,Jack Fruit,Apr,No need to do,Apr to Jun,2800,47,22.0,70,95,101.855771
5426,7.908956874,Khagrachari,Kharif 1,34.5,82.5,Jack Fruit,Apr,No need to do,Apr to Jun,42914,47,22.0,70,95,228.3568057
202,20.69306931,Khulna,Kharif 1,34.5,82.5,Jack Fruit,Apr,No need to do,Apr to Jun,4180,47,22.0,70,95,110.5832461
200,128.59,Kishoreganj,Kharif 1,34.5,82.5,Jack Fruit,Apr,No need to do,Apr to Jun,25718,47,22.0,70,95,150.762952
737,13.27137042,Kurigram,Kharif 1,34.5,82.5,Jack Fruit,Apr,No need to do,Apr to Jun,9781,47,22.0,70,95,270.1331681
300,275.8533333,Kushtia,Kharif 1,34.5,82.5,Jack Fruit,Apr,No need to do,Apr to Jun,82756,47,22.0,70,95,222.3483152
154,9.636363636,Lakshmipur,Kharif 1,34.5,82.5,Jack Fruit,Apr,No need to do,Apr to Jun,1484,47,22.0,70,95,184.0325516
380,18.87631579,Lalmonirhat,Kharif 1,34.5,82.5,Jack Fruit,Apr,No need to do,Apr to Jun,7173,47,22.0,70,95,229.9086472
190,10.70526316,Madaripur,Kharif 1,34.5,82.5,Jack Fruit,Apr,No need to do,Apr to Jun,2034,47,22.0,70,95,262.1879208
300,5.62,Magura,Kharif 1,34.5,82.5,Jack Fruit,Apr,No need to do,Apr to Jun,1686,47,22.0,70,95,251.4582019
850,6.881176471,Manikganj,Kharif 1,34.5,82.5,Jack Fruit,Apr,No need to do,Apr to Jun,5849,47,22.0,70,95,207.6223692
116,83.75862069,Meherpur,Kharif 1,34.5,82.5,Jack Fruit,Apr,No need to do,Apr to Jun,9716,47,22.0,70,95,60.4347835
1366,6.139824305,Moulvibazar,Kharif 1,34.5,82.5,Jack Fruit,Apr,No need to do,Apr to Jun,8387,47,22.0,70,95,132.3794565
58,13.46551724,Munshiganj,Kharif 1,34.5,82.5,Jack Fruit,Apr,No need to do,Apr to Jun,781,47,22.0,70,95,131.0261976
600,42.32333333,Mymensingh,Kharif 1,34.5,82.5,Jack Fruit,Apr,No need to do,Apr to Jun,25394,47,22.0,70,95,91.66531117
170,36.67647059,Naogaon,Kharif 1,34.5,82.5,Jack Fruit,Apr,No need to do,Apr to Jun,6235,47,22.0,70,95,11.63608222
815,9.607361963,Narail,Kharif 1,34.5,82.5,Jack Fruit,Apr,No need to do,Apr to Jun,7830,47,22.0,70,95,73.28873938
30,67.0,Narayanganj,Kharif 1,34.5,82.5,Jack Fruit,Apr,No need to do,Apr to Jun,2010,47,22.0,70,95,201.4812247
1175,23.13531915,Narsingdi,Kharif 1,34.5,82.5,Jack Fruit,Apr,No need to do,Apr to Jun,27184,47,22.0,70,95,218.7018713
680,34.19411765,Natore,Kharif 1,34.5,82.5,Jack Fruit,Apr,No need to do,Apr to Jun,23252,47,22.0,70,95,130.8929664
60,951.2166667,Netrokona,Kharif 1,34.5,82.5,Jack Fruit,Apr,No need to do,Apr to Jun,57073,47,22.0,70,95,139.3949968
170,189.4058824,Nilphamari,Kharif 1,34.5,82.5,Jack Fruit,Apr,No need to do,Apr to Jun,32199,47,22.0,70,95,124.4632589
147,10.23809524,Noakhali,Kharif 1,34.5,82.5,Jack Fruit,Apr,No need to do,Apr to Jun,1505,47,22.0,70,95,260.536333
1333,21.87471868,Pabna,Kharif 1,34.5,82.5,Jack Fruit,Apr,No need to do,Apr to Jun,29159,47,22.0,70,95,115.8410515
250,104.576,Panchagar,Kharif 1,34.5,82.5,Jack Fruit,Apr,No need to do,Apr to Jun,26144,47,22.0,70,95,151.5116267
750,20.612,Patuakhali,Kharif 1,34.5,82.5,Jack Fruit,Apr,No need to do,Apr to Jun,15459,47,22.0,70,95,170.4923306
800,8.4875,Pirojpur,Kharif 1,34.5,82.5,Jack Fruit,Apr,No need to do,Apr to Jun,6790,47,22.0,70,95,137.6242606
574,45.07839721,Rajbari,Kharif 1,34.5,82.5,Jack Fruit,Apr,No need to do,Apr to Jun,25875,47,22.0,70,95,234.6667314
400,25.9675,Rajshahi,Kharif 1,34.5,82.5,Jack Fruit,Apr,No need to do,Apr to Jun,10387,47,22.0,70,95,96.14179227
3380,13.87573964,Rangamati,Kharif 1,34.5,82.5,Jack Fruit,Apr,No need to do,Apr to Jun,46900,47,22.0,70,95,230.538313
300,57.18333333,Rangpur,Kharif 1,34.5,82.5,Jack Fruit,Apr,No need to do,Apr to Jun,17155,47,22.0,70,95,75.920457
250,23.34,Satkhira,Kharif 1,34.5,82.5,Jack Fruit,Apr,No need to do,Apr to Jun,5835,47,22.0,70,95,138.7047846
167,7.598802395,Shariatpur,Kharif 1,34.5,82.5,Jack Fruit,Apr,No need to do,Apr to Jun,1269,47,22.0,70,95,26.89322718
80,152.05,Sherpur,Kharif 1,34.5,82.5,Jack Fruit,Apr,No need to do,Apr to Jun,12164,47,22.0,70,95,219.5109712
94,201.7978723,Sirajganj,Kharif 1,34.5,82.5,Jack Fruit,Apr,No need to do,Apr to Jun,18969,47,22.0,70,95,114.0400388
400,13.33,Sunamganj,Kharif 1,34.5,82.5,Jack Fruit,Apr,No need to do,Apr to Jun,5332,47,22.0,70,95,143.3976496
450,15.89555556,Sylhet,Kharif 1,34.5,82.5,Jack Fruit,Apr,No need to do,Apr to Jun,7153,47,22.0,70,95,163.0826866
2386,31.35498743,Tangail,Kharif 1,34.5,82.5,Jack Fruit,Apr,No need to do,Apr to Jun,74813,47,22.0,70,95,172.0308682
986,9.317444219,Thakurgaon,Kharif 1,34.5,82.5,Jack Fruit,Apr,No need to do,Apr to Jun,9187,47,22.0,70,95,191.5089873
84,8.607142857,Bagerhat,Kharif 1,27.5,80.0,Jambura,Apr,No need to do,May to Jun,723,30,25.0,70,90,143.1782566
989,0.869565217,Bandarban,Kharif 1,27.5,80.0,Jambura,Apr,No need to do,May to Jun,860,30,25.0,70,90,222.383666
373,0.691689008,Barguna,Kharif 1,27.5,80.0,Jambura,Apr,No need to do,May to Jun,258,30,25.0,70,90,211.8026666
405,3.414814815,Barishal,Kharif 1,27.5,80.0,Jambura,Apr,No need to do,May to Jun,1383,30,25.0,70,90,210.076392
273,1.582417582,Bhola,Kharif 1,27.5,80.0,Jambura,Apr,No need to do,May to Jun,432,30,25.0,70,90,123.0037757
190,9.626315789,Bogura,Kharif 1,27.5,80.0,Jambura,Apr,No need to do,May to Jun,1829,30,25.0,70,90,127.506481
178,6.668539326,Brahmanbaria,Kharif 1,27.5,80.0,Jambura,Apr,No need to do,May to Jun,1187,30,25.0,70,90,190.8137769
22,19.90909091,Chandpur,Kharif 1,27.5,80.0,Jambura,Apr,No need to do,May to Jun,438,30,25.0,70,90,171.5219752
109,3.651376147,Chapai Nawabganj,Kharif 1,27.5,80.0,Jambura,Apr,No need to do,May to Jun,398,30,25.0,70,90,90.1836518
556,10.38489209,Chattogram,Kharif 1,27.5,80.0,Jambura,Apr,No need to do,May to Jun,5774,30,25.0,70,90,183.7568731
51,3.941176471,Chuadanga,Kharif 1,27.5,80.0,Jambura,Apr,No need to do,May to Jun,201,30,25.0,70,90,146.2629981
157,14.63694268,CoxsBazar,Kharif 1,27.5,80.0,Jambura,Apr,No need to do,May to Jun,2298,30,25.0,70,90,111.9268337
316,6.693037975,Cumilla,Kharif 1,27.5,80.0,Jambura,Apr,No need to do,May to Jun,2115,30,25.0,70,90,108.0326167
70,17.35714286,Dhaka,Kharif 1,27.5,80.0,Jambura,Apr,No need to do,May to Jun,1215,30,25.0,70,90,216.0905953
141,8.156028369,Dinajpur,Kharif 1,27.5,80.0,Jambura,Apr,No need to do,May to Jun,1150,30,25.0,70,90,92.04436588
100,6.4,Faridpur,Kharif 1,27.5,80.0,Jambura,Apr,No need to do,May to Jun,640,30,25.0,70,90,239.7765744
59,2.661016949,Feni,Kharif 1,27.5,80.0,Jambura,Apr,No need to do,May to Jun,157,30,25.0,70,90,174.778716
64,7.078125,Gaibandha,Kharif 1,27.5,80.0,Jambura,Apr,No need to do,May to Jun,453,30,25.0,70,90,177.1253521
191,4.434554974,Gazipur,Kharif 1,27.5,80.0,Jambura,Apr,No need to do,May to Jun,847,30,25.0,70,90,194.0123012
64,10.765625,Gopalganj,Kharif 1,27.5,80.0,Jambura,Apr,No need to do,May to Jun,689,30,25.0,70,90,99.25313394
375,3.797333333,Habiganj,Kharif 1,27.5,80.0,Jambura,Apr,No need to do,May to Jun,1424,30,25.0,70,90,68.05782119
189,6.248677249,Jamalpur,Kharif 1,27.5,80.0,Jambura,Apr,No need to do,May to Jun,1181,30,25.0,70,90,101.6226076
392,5.918367347,Jashore,Kharif 1,27.5,80.0,Jambura,Apr,No need to do,May to Jun,2320,30,25.0,70,90,136.1861269
336,4.425595238,Jhallokati,Kharif 1,27.5,80.0,Jambura,Apr,No need to do,May to Jun,1487,30,25.0,70,90,168.5660341
114,12.66666667,Jhenaidah,Kharif 1,27.5,80.0,Jambura,Apr,No need to do,May to Jun,1444,30,25.0,70,90,215.5531273
25,8.76,Joypurhat,Kharif 1,27.5,80.0,Jambura,Apr,No need to do,May to Jun,219,30,25.0,70,90,121.5166031
494,2.101214575,Khagrachari,Kharif 1,27.5,80.0,Jambura,Apr,No need to do,May to Jun,1038,30,25.0,70,90,162.4906474
221,6.131221719,Khulna,Kharif 1,27.5,80.0,Jambura,Apr,No need to do,May to Jun,1355,30,25.0,70,90,111.4448085
150,10.76666667,Kishoreganj,Kharif 1,27.5,80.0,Jambura,Apr,No need to do,May to Jun,1615,30,25.0,70,90,107.6017641
48,8.5625,Kurigram,Kharif 1,27.5,80.0,Jambura,Apr,No need to do,May to Jun,411,30,25.0,70,90,150.9810748
91,19.17582418,Kushtia,Kharif 1,27.5,80.0,Jambura,Apr,No need to do,May to Jun,1745,30,25.0,70,90,235.6761659
476,1.159663866,Lakshmipur,Kharif 1,27.5,80.0,Jambura,Apr,No need to do,May to Jun,552,30,25.0,70,90,111.2391247
180,3.566666667,Lalmonirhat,Kharif 1,27.5,80.0,Jambura,Apr,No need to do,May to Jun,642,30,25.0,70,90,95.24528686
63,7.603174603,Madaripur,Kharif 1,27.5,80.0,Jambura,Apr,No need to do,May to Jun,479,30,25.0,70,90,192.3711158
136,11.875,Magura,Kharif 1,27.5,80.0,Jambura,Apr,No need to do,May to Jun,1615,30,25.0,70,90,140.6923752
106,6.688679245,Manikganj,Kharif 1,27.5,80.0,Jambura,Apr,No need to do,May to Jun,709,30,25.0,70,90,277.7294994
117,6.008547009,Meherpur,Kharif 1,27.5,80.0,Jambura,Apr,No need to do,May to Jun,703,30,25.0,70,90,185.5035453
285,13.24210526,Moulvibazar,Kharif 1,27.5,80.0,Jambura,Apr,No need to do,May to Jun,3774,30,25.0,70,90,99.67267085
25,6.32,Munshiganj,Kharif 1,27.5,80.0,Jambura,Apr,No need to do,May to Jun,158,30,25.0,70,90,58.87010879
1257,3.180588703,Mymensingh,Kharif 1,27.5,80.0,Jambura,Apr,No need to do,May to Jun,3998,30,25.0,70,90,113.5086995
182,3.5,Naogaon,Kharif 1,27.5,80.0,Jambura,Apr,No need to do,May to Jun,637,30,25.0,70,90,117.5239113
227,5.797356828,Narail,Kharif 1,27.5,80.0,Jambura,Apr,No need to do,May to Jun,1316,30,25.0,70,90,152.9840805
14,10.0,Narayanganj,Kharif 1,27.5,80.0,Jambura,Apr,No need to do,May to Jun,140,30,25.0,70,90,176.1846938
80,11.1375,Narsingdi,Kharif 1,27.5,80.0,Jambura,Apr,No need to do,May to Jun,891,30,25.0,70,90,142.2383019
229,14.95196507,Natore,Kharif 1,27.5,80.0,Jambura,Apr,No need to do,May to Jun,3424,30,25.0,70,90,210.6001548
242,6.17768595,Netrokona,Kharif 1,27.5,80.0,Jambura,Apr,No need to do,May to Jun,1495,30,25.0,70,90,256.4709776
88,17.0,Nilphamari,Kharif 1,27.5,80.0,Jambura,Apr,No need to do,May to Jun,1496,30,25.0,70,90,149.9706801
45,6.511111111,Noakhali,Kharif 1,27.5,80.0,Jambura,Apr,No need to do,May to Jun,293,30,25.0,70,90,200.7387371
66,9.181818182,Pabna,Kharif 1,27.5,80.0,Jambura,Apr,No need to do,May to Jun,606,30,25.0,70,90,188.0052135
185,8.540540541,Panchagar,Kharif 1,27.5,80.0,Jambura,Apr,No need to do,May to Jun,1580,30,25.0,70,90,116.2734954
219,1.02283105,Patuakhali,Kharif 1,27.5,80.0,Jambura,Apr,No need to do,May to Jun,224,30,25.0,70,90,115.5524766
251,3.346613546,Pirojpur,Kharif 1,27.5,80.0,Jambura,Apr,No need to do,May to Jun,840,30,25.0,70,90,110.7173805
373,3.54691689,Rajbari,Kharif 1,27.5,80.0,Jambura,Apr,No need to do,May to Jun,1323,30,25.0,70,90,196.7833434
256,5.28125,Rajshahi,Kharif 1,27.5,80.0,Jambura,Apr,No need to do,May to Jun,1352,30,25.0,70,90,223.9491982
380,7.397368421,Rangamati,Kharif 1,27.5,80.0,Jambura,Apr,No need to do,May to Jun,2811,30,25.0,70,90,187.9406049
114,11.4122807,Rangpur,Kharif 1,27.5,80.0,Jambura,Apr,No need to do,May to Jun,1301,30,25.0,70,90,205.7386755
189,4.301587302,Satkhira,Kharif 1,27.5,80.0,Jambura,Apr,No need to do,May to Jun,813,30,25.0,70,90,169.4240122
292,3.626712329,Shariatpur,Kharif 1,27.5,80.0,Jambura,Apr,No need to do,May to Jun,1059,30,25.0,70,90,266.7145744
115,4.686956522,Sherpur,Kharif 1,27.5,80.0,Jambura,Apr,No need to do,May to Jun,539,30,25.0,70,90,171.7089827
42,15.42857143,Sirajganj,Kharif 1,27.5,80.0,Jambura,Apr,No need to do,May to Jun,648,30,25.0,70,90,156.3124688
107,29.14018692,Sunamganj,Kharif 1,27.5,80.0,Jambura,Apr,No need to do,May to Jun,3118,30,25.0,70,90,168.4321785
516,0.817829457,Sylhet,Kharif 1,27.5,80.0,Jambura,Apr,No need to do,May to Jun,422,30,25.0,70,90,235.4837611
155,12.26451613,Tangail,Kharif 1,27.5,80.0,Jambura,Apr,No need to do,May to Jun,1901,30,25.0,70,90,155.5028222
105,4.79047619,Thakurgaon,Kharif 1,27.5,80.0,Jambura,Apr,No need to do,May to Jun,503,30,25.0,70,90,151.12613
63,4.793650794,Bagerhat,Kharif 2,30.0,80.0,Jamrul,Jun,Jul to Aug,Jun to Sep,302,35,25.0,70,90,20.76391942
0,,Bandarban,Kharif 2,30.0,80.0,Jamrul,Jun,Jul to Aug,Jun to Sep,0,35,25.0,70,90,176.754387
268,1.194029851,Barguna,Kharif 2,30.0,80.0,Jamrul,Jun,Jul to Aug,Jun to Sep,320,35,25.0,70,90,15.64241588
841,1.118906064,Barishal,Kharif 2,30.0,80.0,Jamrul,Jun,Jul to Aug,Jun to Sep,941,35,25.0,70,90,176.9851346
138,1.456521739,Bhola,Kharif 2,30.0,80.0,Jamrul,Jun,Jul to Aug,Jun to Sep,201,35,25.0,70,90,187.2505816
6,6.666666667,Bogura,Kharif 2,30.0,80.0,Jamrul,Jun,Jul to Aug,Jun to Sep,40,35,25.0,70,90,131.3833448
10,2.6,Brahmanbaria,Kharif 2,30.0,80.0,Jamrul,Jun,Jul to Aug,Jun to Sep,26,35,25.0,70,90,49.17747594
23,7.086956522,Chandpur,Kharif 2,30.0,80.0,Jamrul,Jun,Jul to Aug,Jun to Sep,163,35,25.0,70,90,140.8436637
8,0.375,Chapai Nawabganj,Kharif 2,30.0,80.0,Jamrul,Jun,Jul to Aug,Jun to Sep,3,35,25.0,70,90,181.509023
1198,0.191986644,Chattogram,Kharif 2,30.0,80.0,Jamrul,Jun,Jul to Aug,Jun to Sep,230,35,25.0,70,90,212.1071469
11,3.545454545,Chuadanga,Kharif 2,30.0,80.0,Jamrul,Jun,Jul to Aug,Jun to Sep,39,35,25.0,70,90,167.6747725
628,0.949044586,CoxsBazar,Kharif 2,30.0,80.0,Jamrul,Jun,Jul to Aug,Jun to Sep,596,35,25.0,70,90,54.72864465
99,2.98989899,Cumilla,Kharif 2,30.0,80.0,Jamrul,Jun,Jul to Aug,Jun to Sep,296,35,25.0,70,90,114.6565797
23,5.217391304,Dhaka,Kharif 2,30.0,80.0,Jamrul,Jun,Jul to Aug,Jun to Sep,120,35,25.0,70,90,179.6803533
0,,Dinajpur,Kharif 2,30.0,80.0,Jamrul,Jun,Jul to Aug,Jun to Sep,11,35,25.0,70,90,51.24873995
71,4.901408451,Faridpur,Kharif 2,30.0,80.0,Jamrul,Jun,Jul to Aug,Jun to Sep,348,35,25.0,70,90,151.6222337
18,4.0,Feni,Kharif 2,30.0,80.0,Jamrul,Jun,Jul to Aug,Jun to Sep,72,35,25.0,70,90,244.1530451
4,0.0,Gaibandha,Kharif 2,30.0,80.0,Jamrul,Jun,Jul to Aug,Jun to Sep,0,35,25.0,70,90,133.1563308
19,3.631578947,Gazipur,Kharif 2,30.0,80.0,Jamrul,Jun,Jul to Aug,Jun to Sep,69,35,25.0,70,90,239.1646658
23,25.56521739,Gopalganj,Kharif 2,30.0,80.0,Jamrul,Jun,Jul to Aug,Jun to Sep,588,35,25.0,70,90,132.6220041
7,0.0,Habiganj,Kharif 2,30.0,80.0,Jamrul,Jun,Jul to Aug,Jun to Sep,0,35,25.0,70,90,83.99188674
4,2.75,Jamalpur,Kharif 2,30.0,80.0,Jamrul,Jun,Jul to Aug,Jun to Sep,11,35,25.0,70,90,105.2761727
188,4.510638298,Jashore,Kharif 2,30.0,80.0,Jamrul,Jun,Jul to Aug,Jun to Sep,848,35,25.0,70,90,35.05983439
220,1.104545455,Jhallokati,Kharif 2,30.0,80.0,Jamrul,Jun,Jul to Aug,Jun to Sep,243,35,25.0,70,90,80.96492248
47,15.55319149,Jhenaidah,Kharif 2,30.0,80.0,Jamrul,Jun,Jul to Aug,Jun to Sep,731,35,25.0,70,90,114.9771336
24,1.333333333,Joypurhat,Kharif 2,30.0,80.0,Jamrul,Jun,Jul to Aug,Jun to Sep,32,35,25.0,70,90,229.9328753
23,1.130434783,Khagrachari,Kharif 2,30.0,80.0,Jamrul,Jun,Jul to Aug,Jun to Sep,26,35,25.0,70,90,95.23949671
912,0.634868421,Khulna,Kharif 2,30.0,80.0,Jamrul,Jun,Jul to Aug,Jun to Sep,579,35,25.0,70,90,284.8456908
8,6.125,Kishoreganj,Kharif 2,30.0,80.0,Jamrul,Jun,Jul to Aug,Jun to Sep,49,35,25.0,70,90,109.5255877
3,5.666666667,Kurigram,Kharif 2,30.0,80.0,Jamrul,Jun,Jul to Aug,Jun to Sep,17,35,25.0,70,90,87.54187939
26,14.26923077,Kushtia,Kharif 2,30.0,80.0,Jamrul,Jun,Jul to Aug,Jun to Sep,371,35,25.0,70,90,133.0899725
13,3.230769231,Lakshmipur,Kharif 2,30.0,80.0,Jamrul,Jun,Jul to Aug,Jun to Sep,42,35,25.0,70,90,141.1727319
4,1.75,Lalmonirhat,Kharif 2,30.0,80.0,Jamrul,Jun,Jul to Aug,Jun to Sep,7,35,25.0,70,90,231.5226762
23,8.260869565,Madaripur,Kharif 2,30.0,80.0,Jamrul,Jun,Jul to Aug,Jun to Sep,190,35,25.0,70,90,262.9854855
17,63.23529412,Magura,Kharif 2,30.0,80.0,Jamrul,Jun,Jul to Aug,Jun to Sep,1075,35,25.0,70,90,106.2667217
17,2.764705882,Manikganj,Kharif 2,30.0,80.0,Jamrul,Jun,Jul to Aug,Jun to Sep,47,35,25.0,70,90,182.8285321
65,0.461538462,Meherpur,Kharif 2,30.0,80.0,Jamrul,Jun,Jul to Aug,Jun to Sep,30,35,25.0,70,90,168.7707359
277,0.101083033,Moulvibazar,Kharif 2,30.0,80.0,Jamrul,Jun,Jul to Aug,Jun to Sep,28,35,25.0,70,90,214.3410797
6,4.5,Munshiganj,Kharif 2,30.0,80.0,Jamrul,Jun,Jul to Aug,Jun to Sep,27,35,25.0,70,90,148.4295531
1,6.0,Mymensingh,Kharif 2,30.0,80.0,Jamrul,Jun,Jul to Aug,Jun to Sep,6,35,25.0,70,90,132.1432315
4,11.75,Naogaon,Kharif 2,30.0,80.0,Jamrul,Jun,Jul to Aug,Jun to Sep,47,35,25.0,70,90,36.81590393
226,1.42920354,Narail,Kharif 2,30.0,80.0,Jamrul,Jun,Jul to Aug,Jun to Sep,323,35,25.0,70,90,159.7230768
9,13.88888889,Narayanganj,Kharif 2,30.0,80.0,Jamrul,Jun,Jul to Aug,Jun to Sep,125,35,25.0,70,90,101.0853161
4,11.0,Narsingdi,Kharif 2,30.0,80.0,Jamrul,Jun,Jul to Aug,Jun to Sep,44,35,25.0,70,90,136.3529968
0,,Natore,Kharif 2,30.0,80.0,Jamrul,Jun,Jul to Aug,Jun to Sep,27,35,25.0,70,90,172.3558593
4,2.5,Netrokona,Kharif 2,30.0,80.0,Jamrul,Jun,Jul to Aug,Jun to Sep,10,35,25.0,70,90,0.0
20,0.9,Nilphamari,Kharif 2,30.0,80.0,Jamrul,Jun,Jul to Aug,Jun to Sep,18,35,25.0,70,90,187.7415654
61,10.16393443,Noakhali,Kharif 2,30.0,80.0,Jamrul,Jun,Jul to Aug,Jun to Sep,620,35,25.0,70,90,141.5303128
15,5.133333333,Pabna,Kharif 2,30.0,80.0,Jamrul,Jun,Jul to Aug,Jun to Sep,77,35,25.0,70,90,108.9692596
6,22.5,Panchagar,Kharif 2,30.0,80.0,Jamrul,Jun,Jul to Aug,Jun to Sep,135,35,25.0,70,90,172.9391733
263,2.47148289,Patuakhali,Kharif 2,30.0,80.0,Jamrul,Jun,Jul to Aug,Jun to Sep,650,35,25.0,70,90,182.6719054
73,2.904109589,Pirojpur,Kharif 2,30.0,80.0,Jamrul,Jun,Jul to Aug,Jun to Sep,212,35,25.0,70,90,129.8878967
74,3.986486486,Rajbari,Kharif 2,30.0,80.0,Jamrul,Jun,Jul to Aug,Jun to Sep,295,35,25.0,70,90,195.7836814
4,20.5,Rajshahi,Kharif 2,30.0,80.0,Jamrul,Jun,Jul to Aug,Jun to Sep,82,35,25.0,70,90,171.8677952
105,3.285714286,Rangamati,Kharif 2,30.0,80.0,Jamrul,Jun,Jul to Aug,Jun to Sep,345,35,25.0,70,90,80.55284052
0,,Rangpur,Kharif 2,30.0,80.0,Jamrul,Jun,Jul to Aug,Jun to Sep,16,35,25.0,70,90,104.984667
1859,0.238838085,Satkhira,Kharif 2,30.0,80.0,Jamrul,Jun,Jul to Aug,Jun to Sep,444,35,25.0,70,90,158.3766904
87,4.471264368,Shariatpur,Kharif 2,30.0,80.0,Jamrul,Jun,Jul to Aug,Jun to Sep,389,35,25.0,70,90,148.5911152
13,0.538461539,Sherpur,Kharif 2,30.0,80.0,Jamrul,Jun,Jul to Aug,Jun to Sep,7,35,25.0,70,90,285.2991335
72,0.680555556,Sirajganj,Kharif 2,30.0,80.0,Jamrul,Jun,Jul to Aug,Jun to Sep,49,35,25.0,70,90,133.8231571
2,13.0,Sunamganj,Kharif 2,30.0,80.0,Jamrul,Jun,Jul to Aug,Jun to Sep,26,35,25.0,70,90,117.0264235
286,0.020979021,Sylhet,Kharif 2,30.0,80.0,Jamrul,Jun,Jul to Aug,Jun to Sep,6,35,25.0,70,90,158.3272738
13,5.153846154,Tangail,Kharif 2,30.0,80.0,Jamrul,Jun,Jul to Aug,Jun to Sep,67,35,25.0,70,90,178.7753434
45,0.088888889,Thakurgaon,Kharif 2,30.0,80.0,Jamrul,Jun,Jul to Aug,Jun to Sep,4,35,25.0,70,90,106.6287037
316,1.775316456,Bagerhat,Kharif 1,23.0,80.0,Jhinga,Apr,May to Jun,Jun to Aug,561,28,18.0,70,90,80.83354885
412,1.86407767,Bandarban,Kharif 1,23.0,80.0,Jhinga,Apr,May to Jun,Jun to Aug,768,28,18.0,70,90,149.1486482
323,1.222910217,Barguna,Kharif 1,23.0,80.0,Jhinga,Apr,May to Jun,Jun to Aug,395,28,18.0,70,90,191.0322229
334,1.856287425,Barishal,Kharif 1,23.0,80.0,Jhinga,Apr,May to Jun,Jun to Aug,620,28,18.0,70,90,223.9361452
260,2.057692308,Bhola,Kharif 1,23.0,80.0,Jhinga,Apr,May to Jun,Jun to Aug,535,28,18.0,70,90,216.6705873
276,2.815217391,Bogura,Kharif 1,23.0,80.0,Jhinga,Apr,May to Jun,Jun to Aug,777,28,18.0,70,90,251.6910933
288,2.590277778,Brahmanbaria,Kharif 1,23.0,80.0,Jhinga,Apr,May to Jun,Jun to Aug,746,28,18.0,70,90,189.5095303
177,1.548022599,Chandpur,Kharif 1,23.0,80.0,Jhinga,Apr,May to Jun,Jun to Aug,274,28,18.0,70,90,107.6970964
498,2.204819277,Chapai Nawabganj,Kharif 1,23.0,80.0,Jhinga,Apr,May to Jun,Jun to Aug,1098,28,18.0,70,90,146.5964936
1590,2.450943396,Chattogram,Kharif 1,23.0,80.0,Jhinga,Apr,May to Jun,Jun to Aug,3897,28,18.0,70,90,221.7291648
499,2.174348697,Chuadanga,Kharif 1,23.0,80.0,Jhinga,Apr,May to Jun,Jun to Aug,1085,28,18.0,70,90,96.83407349
483,1.879917184,CoxsBazar,Kharif 1,23.0,80.0,Jhinga,Apr,May to Jun,Jun to Aug,908,28,18.0,70,90,128.6674612
548,1.890510949,Cumilla,Kharif 1,23.0,80.0,Jhinga,Apr,May to Jun,Jun to Aug,1036,28,18.0,70,90,158.8013218
709,1.715091678,Dhaka,Kharif 1,23.0,80.0,Jhinga,Apr,May to Jun,Jun to Aug,1216,28,18.0,70,90,120.8694541
450,1.591111111,Dinajpur,Kharif 1,23.0,80.0,Jhinga,Apr,May to Jun,Jun to Aug,716,28,18.0,70,90,229.0474474
399,2.102756892,Faridpur,Kharif 1,23.0,80.0,Jhinga,Apr,May to Jun,Jun to Aug,839,28,18.0,70,90,112.1295023
133,1.015037594,Feni,Kharif 1,23.0,80.0,Jhinga,Apr,May to Jun,Jun to Aug,135,28,18.0,70,90,119.3669862
273,1.787545788,Gaibandha,Kharif 1,23.0,80.0,Jhinga,Apr,May to Jun,Jun to Aug,488,28,18.0,70,90,130.5119336
363,1.027548209,Gazipur,Kharif 1,23.0,80.0,Jhinga,Apr,May to Jun,Jun to Aug,373,28,18.0,70,90,153.9553201
160,1.05625,Gopalganj,Kharif 1,23.0,80.0,Jhinga,Apr,May to Jun,Jun to Aug,169,28,18.0,70,90,161.1165163
313,2.402555911,Habiganj,Kharif 1,23.0,80.0,Jhinga,Apr,May to Jun,Jun to Aug,752,28,18.0,70,90,157.2845062
442,2.393665158,Jamalpur,Kharif 1,23.0,80.0,Jhinga,Apr,May to Jun,Jun to Aug,1058,28,18.0,70,90,175.0570126
683,1.844802343,Jashore,Kharif 1,23.0,80.0,Jhinga,Apr,May to Jun,Jun to Aug,1260,28,18.0,70,90,127.8104223
211,1.753554502,Jhallokati,Kharif 1,23.0,80.0,Jhinga,Apr,May to Jun,Jun to Aug,370,28,18.0,70,90,87.11021409
468,2.602564103,Jhenaidah,Kharif 1,23.0,80.0,Jhinga,Apr,May to Jun,Jun to Aug,1218,28,18.0,70,90,202.7822525
199,3.206030151,Joypurhat,Kharif 1,23.0,80.0,Jhinga,Apr,May to Jun,Jun to Aug,638,28,18.0,70,90,113.8890804
722,1.837950139,Khagrachari,Kharif 1,23.0,80.0,Jhinga,Apr,May to Jun,Jun to Aug,1327,28,18.0,70,90,152.8000262
381,2.338582677,Khulna,Kharif 1,23.0,80.0,Jhinga,Apr,May to Jun,Jun to Aug,891,28,18.0,70,90,169.043171
476,2.785714286,Kishoreganj,Kharif 1,23.0,80.0,Jhinga,Apr,May to Jun,Jun to Aug,1326,28,18.0,70,90,77.07709994
342,2.312865497,Kurigram,Kharif 1,23.0,80.0,Jhinga,Apr,May to Jun,Jun to Aug,791,28,18.0,70,90,216.7735593
554,2.678700361,Kushtia,Kharif 1,23.0,80.0,Jhinga,Apr,May to Jun,Jun to Aug,1484,28,18.0,70,90,124.0455716
136,1.176470588,Lakshmipur,Kharif 1,23.0,80.0,Jhinga,Apr,May to Jun,Jun to Aug,160,28,18.0,70,90,143.9665438
263,2.190114068,Lalmonirhat,Kharif 1,23.0,80.0,Jhinga,Apr,May to Jun,Jun to Aug,576,28,18.0,70,90,134.4463803
235,3.54893617,Madaripur,Kharif 1,23.0,80.0,Jhinga,Apr,May to Jun,Jun to Aug,834,28,18.0,70,90,250.425425
120,2.308333333,Magura,Kharif 1,23.0,80.0,Jhinga,Apr,May to Jun,Jun to Aug,277,28,18.0,70,90,159.8741022
419,1.357995227,Manikganj,Kharif 1,23.0,80.0,Jhinga,Apr,May to Jun,Jun to Aug,569,28,18.0,70,90,36.36329502
224,3.058035714,Meherpur,Kharif 1,23.0,80.0,Jhinga,Apr,May to Jun,Jun to Aug,685,28,18.0,70,90,246.708467
327,2.079510703,Moulvibazar,Kharif 1,23.0,80.0,Jhinga,Apr,May to Jun,Jun to Aug,680,28,18.0,70,90,141.570658
354,1.220338983,Munshiganj,Kharif 1,23.0,80.0,Jhinga,Apr,May to Jun,Jun to Aug,432,28,18.0,70,90,126.7446862
1037,2.366441659,Mymensingh,Kharif 1,23.0,80.0,Jhinga,Apr,May to Jun,Jun to Aug,2454,28,18.0,70,90,154.9468866
450,2.886666667,Naogaon,Kharif 1,23.0,80.0,Jhinga,Apr,May to Jun,Jun to Aug,1299,28,18.0,70,90,154.8103505
127,2.559055118,Narail,Kharif 1,23.0,80.0,Jhinga,Apr,May to Jun,Jun to Aug,325,28,18.0,70,90,246.3212957
197,1.538071066,Narayanganj,Kharif 1,23.0,80.0,Jhinga,Apr,May to Jun,Jun to Aug,303,28,18.0,70,90,152.7271686
280,1.446428571,Narsingdi,Kharif 1,23.0,80.0,Jhinga,Apr,May to Jun,Jun to Aug,405,28,18.0,70,90,51.72767633
458,1.855895197,Natore,Kharif 1,23.0,80.0,Jhinga,Apr,May to Jun,Jun to Aug,850,28,18.0,70,90,164.4219186
242,1.987603306,Netrokona,Kharif 1,23.0,80.0,Jhinga,Apr,May to Jun,Jun to Aug,481,28,18.0,70,90,124.6515012
350,2.568571429,Nilphamari,Kharif 1,23.0,80.0,Jhinga,Apr,May to Jun,Jun to Aug,899,28,18.0,70,90,193.6504823
215,1.009302326,Noakhali,Kharif 1,23.0,80.0,Jhinga,Apr,May to Jun,Jun to Aug,217,28,18.0,70,90,53.37693306
510,2.37254902,Pabna,Kharif 1,23.0,80.0,Jhinga,Apr,May to Jun,Jun to Aug,1210,28,18.0,70,90,214.6033795
412,3.667475728,Panchagar,Kharif 1,23.0,80.0,Jhinga,Apr,May to Jun,Jun to Aug,1511,28,18.0,70,90,167.7518798
173,1.61849711,Patuakhali,Kharif 1,23.0,80.0,Jhinga,Apr,May to Jun,Jun to Aug,280,28,18.0,70,90,255.3903028
240,1.75,Pirojpur,Kharif 1,23.0,80.0,Jhinga,Apr,May to Jun,Jun to Aug,420,28,18.0,70,90,173.5724027
1080,3.477777778,Rajbari,Kharif 1,23.0,80.0,Jhinga,Apr,May to Jun,Jun to Aug,3756,28,18.0,70,90,96.95429619
581,2.511187608,Rajshahi,Kharif 1,23.0,80.0,Jhinga,Apr,May to Jun,Jun to Aug,1459,28,18.0,70,90,207.9823345
771,1.740596628,Rangamati,Kharif 1,23.0,80.0,Jhinga,Apr,May to Jun,Jun to Aug,1342,28,18.0,70,90,110.7073292
720,1.972222222,Rangpur,Kharif 1,23.0,80.0,Jhinga,Apr,May to Jun,Jun to Aug,1420,28,18.0,70,90,357.0132813
253,2.588932806,Satkhira,Kharif 1,23.0,80.0,Jhinga,Apr,May to Jun,Jun to Aug,655,28,18.0,70,90,212.2161093
220,3.181818182,Shariatpur,Kharif 1,23.0,80.0,Jhinga,Apr,May to Jun,Jun to Aug,700,28,18.0,70,90,119.6483533
300,2.856666667,Sherpur,Kharif 1,23.0,80.0,Jhinga,Apr,May to Jun,Jun to Aug,857,28,18.0,70,90,118.3741844
286,2.192307692,Sirajganj,Kharif 1,23.0,80.0,Jhinga,Apr,May to Jun,Jun to Aug,627,28,18.0,70,90,214.823926
244,2.483606557,Sunamganj,Kharif 1,23.0,80.0,Jhinga,Apr,May to Jun,Jun to Aug,606,28,18.0,70,90,36.40014229
425,1.305882353,Sylhet,Kharif 1,23.0,80.0,Jhinga,Apr,May to Jun,Jun to Aug,555,28,18.0,70,90,241.5654015
403,1.739454094,Tangail,Kharif 1,23.0,80.0,Jhinga,Apr,May to Jun,Jun to Aug,701,28,18.0,70,90,155.8963457
445,1.395505618,Thakurgaon,Kharif 1,23.0,80.0,Jhinga,Apr,May to Jun,Jun to Aug,621,28,18.0,70,90,114.4305811
3603,5.070496808,Bagerhat,Kharif 1,30.0,75.0,Jute,Mar,Apr to Aug,Sep,18269,40,20.0,70,80,107.1834117
0,,Bandarban,Kharif 1,30.0,75.0,Jute,Mar,Apr to Aug,Sep,0,40,20.0,70,80,92.17391727
0,,Barguna,Kharif 1,30.0,75.0,Jute,Mar,Apr to Aug,Sep,0,40,20.0,70,80,149.904372
33909,2.410009142,Barishal,Kharif 1,30.0,75.0,Jute,Mar,Apr to Aug,Sep,81721,40,20.0,70,80,178.1138642
0,,Bhola,Kharif 1,30.0,75.0,Jute,Mar,Apr to Aug,Sep,0,40,20.0,70,80,72.18209389
18175,5.469876204,Bogura,Kharif 1,30.0,75.0,Jute,Mar,Apr to Aug,Sep,99415,40,20.0,70,80,219.9360026
5559,5.329555675,Brahmanbaria,Kharif 1,30.0,75.0,Jute,Mar,Apr to Aug,Sep,29627,40,20.0,70,80,93.81665293
12001,3.930005833,Chandpur,Kharif 1,30.0,75.0,Jute,Mar,Apr to Aug,Sep,47164,40,20.0,70,80,286.3044726
3099,5.020006454,Chapai Nawabganj,Kharif 1,30.0,75.0,Jute,Mar,Apr to Aug,Sep,15557,40,20.0,70,80,113.5134353
0,,Chattogram,Kharif 1,30.0,75.0,Jute,Mar,Apr to Aug,Sep,0,40,20.0,70,80,201.1436518
43540,5.670004593,Chuadanga,Kharif 1,30.0,75.0,Jute,Mar,Apr to Aug,Sep,246872,40,20.0,70,80,83.30747389
0,,CoxsBazar,Kharif 1,30.0,75.0,Jute,Mar,Apr to Aug,Sep,0,40,20.0,70,80,172.605142
818,4.371638142,Cumilla,Kharif 1,30.0,75.0,Jute,Mar,Apr to Aug,Sep,3576,40,20.0,70,80,160.9864315
7754,4.409724013,Dhaka,Kharif 1,30.0,75.0,Jute,Mar,Apr to Aug,Sep,34193,40,20.0,70,80,144.8443725
9383,5.149952041,Dinajpur,Kharif 1,30.0,75.0,Jute,Mar,Apr to Aug,Sep,48322,40,20.0,70,80,295.9044451
209824,3.519997712,Faridpur,Kharif 1,30.0,75.0,Jute,Mar,Apr to Aug,Sep,738580,40,20.0,70,80,196.3032534
0,,Feni,Kharif 1,30.0,75.0,Jute,Mar,Apr to Aug,Sep,0,40,20.0,70,80,81.49884721
32621,4.330002146,Gaibandha,Kharif 1,30.0,75.0,Jute,Mar,Apr to Aug,Sep,141249,40,20.0,70,80,50.64741663
3712,3.480064655,Gazipur,Kharif 1,30.0,75.0,Jute,Mar,Apr to Aug,Sep,12918,40,20.0,70,80,146.0630561
59408,5.460005386,Gopalganj,Kharif 1,30.0,75.0,Jute,Mar,Apr to Aug,Sep,324368,40,20.0,70,80,113.4921886
745,5.420134228,Habiganj,Kharif 1,30.0,75.0,Jute,Mar,Apr to Aug,Sep,4038,40,20.0,70,80,111.7764621
60887,3.919999343,Jamalpur,Kharif 1,30.0,75.0,Jute,Mar,Apr to Aug,Sep,238677,40,20.0,70,80,69.58316377
57823,5.240008301,Jashore,Kharif 1,30.0,75.0,Jute,Mar,Apr to Aug,Sep,302993,40,20.0,70,80,154.4138335
0,,Jhallokati,Kharif 1,30.0,75.0,Jute,Mar,Apr to Aug,Sep,0,40,20.0,70,80,155.9388351
53557,5.719999253,Jhenaidah,Kharif 1,30.0,75.0,Jute,Mar,Apr to Aug,Sep,306346,40,20.0,70,80,43.30706318
4339,5.410002305,Joypurhat,Kharif 1,30.0,75.0,Jute,Mar,Apr to Aug,Sep,23474,40,20.0,70,80,70.03001284
0,,Khagrachari,Kharif 1,30.0,75.0,Jute,Mar,Apr to Aug,Sep,0,40,20.0,70,80,219.94719
3181,5.149952845,Khulna,Kharif 1,30.0,75.0,Jute,Mar,Apr to Aug,Sep,16382,40,20.0,70,80,103.3513731
40682,4.559952805,Kishoreganj,Kharif 1,30.0,75.0,Jute,Mar,Apr to Aug,Sep,185508,40,20.0,70,80,3.333350124
46093,5.040006075,Kurigram,Kharif 1,30.0,75.0,Jute,Mar,Apr to Aug,Sep,232309,40,20.0,70,80,162.3836381
98413,5.019997358,Kushtia,Kharif 1,30.0,75.0,Jute,Mar,Apr to Aug,Sep,494033,40,20.0,70,80,173.2100787
484,3.840909091,Lakshmipur,Kharif 1,30.0,75.0,Jute,Mar,Apr to Aug,Sep,1859,40,20.0,70,80,253.9450133
8165,5.8,Lalmonirhat,Kharif 1,30.0,75.0,Jute,Mar,Apr to Aug,Sep,47357,40,20.0,70,80,247.9823419
78336,4.210005617,Madaripur,Kharif 1,30.0,75.0,Jute,Mar,Apr to Aug,Sep,329795,40,20.0,70,80,131.582166
85406,4.120003278,Magura,Kharif 1,30.0,75.0,Jute,Mar,Apr to Aug,Sep,351873,40,20.0,70,80,93.10774759
8914,4.130020193,Manikganj,Kharif 1,30.0,75.0,Jute,Mar,Apr to Aug,Sep,36815,40,20.0,70,80,183.7707337
48911,6.420007769,Meherpur,Kharif 1,30.0,75.0,Jute,Mar,Apr to Aug,Sep,314009,40,20.0,70,80,152.6444599
0,,Moulvibazar,Kharif 1,30.0,75.0,Jute,Mar,Apr to Aug,Sep,0,40,20.0,70,80,149.0297612
7320,3.9,Munshiganj,Kharif 1,30.0,75.0,Jute,Mar,Apr to Aug,Sep,28548,40,20.0,70,80,100.6368831
13251,3.940004528,Mymensingh,Kharif 1,30.0,75.0,Jute,Mar,Apr to Aug,Sep,52209,40,20.0,70,80,154.0517435
13828,5.829982644,Naogaon,Kharif 1,30.0,75.0,Jute,Mar,Apr to Aug,Sep,80617,40,20.0,70,80,225.8536233
52484,5.080005335,Narail,Kharif 1,30.0,75.0,Jute,Mar,Apr to Aug,Sep,266619,40,20.0,70,80,110.6132781
720,4.816666667,Narayanganj,Kharif 1,30.0,75.0,Jute,Mar,Apr to Aug,Sep,3468,40,20.0,70,80,240.1943603
6636,4.889993972,Narsingdi,Kharif 1,30.0,75.0,Jute,Mar,Apr to Aug,Sep,32450,40,20.0,70,80,8.843488042
59968,4.119997332,Natore,Kharif 1,30.0,75.0,Jute,Mar,Apr to Aug,Sep,247068,40,20.0,70,80,34.56947682
11562,4.279968864,Netrokona,Kharif 1,30.0,75.0,Jute,Mar,Apr to Aug,Sep,49485,40,20.0,70,80,234.2657771
17177,5.350002911,Nilphamari,Kharif 1,30.0,75.0,Jute,Mar,Apr to Aug,Sep,91897,40,20.0,70,80,89.44284458
0,,Noakhali,Kharif 1,30.0,75.0,Jute,Mar,Apr to Aug,Sep,0,40,20.0,70,80,155.0036882
102319,5.009998143,Pabna,Kharif 1,30.0,75.0,Jute,Mar,Apr to Aug,Sep,512618,40,20.0,70,80,120.5790697
21056,4.940017097,Panchagar,Kharif 1,30.0,75.0,Jute,Mar,Apr to Aug,Sep,104017,40,20.0,70,80,201.6753062
0,,Patuakhali,Kharif 1,30.0,75.0,Jute,Mar,Apr to Aug,Sep,0,40,20.0,70,80,162.7419021
900,2.31,Pirojpur,Kharif 1,30.0,75.0,Jute,Mar,Apr to Aug,Sep,2079,40,20.0,70,80,102.7499526
118952,4.070003026,Rajbari,Kharif 1,30.0,75.0,Jute,Mar,Apr to Aug,Sep,484135,40,20.0,70,80,124.5404499
35401,5.349990113,Rajshahi,Kharif 1,30.0,75.0,Jute,Mar,Apr to Aug,Sep,189395,40,20.0,70,80,58.35069045
0,,Rangamati,Kharif 1,30.0,75.0,Jute,Mar,Apr to Aug,Sep,0,40,20.0,70,80,180.0795103
19997,6.400010002,Rangpur,Kharif 1,30.0,75.0,Jute,Mar,Apr to Aug,Sep,127981,40,20.0,70,80,161.2519906
25378,4.970013397,Satkhira,Kharif 1,30.0,75.0,Jute,Mar,Apr to Aug,Sep,126129,40,20.0,70,80,120.5697798
57084,4.090007708,Shariatpur,Kharif 1,30.0,75.0,Jute,Mar,Apr to Aug,Sep,233474,40,20.0,70,80,189.962573
3302,5.350090854,Sherpur,Kharif 1,30.0,75.0,Jute,Mar,Apr to Aug,Sep,17666,40,20.0,70,80,202.5042868
28308,4.139995761,Sirajganj,Kharif 1,30.0,75.0,Jute,Mar,Apr to Aug,Sep,117195,40,20.0,70,80,181.667778
821,4.790499391,Sunamganj,Kharif 1,30.0,75.0,Jute,Mar,Apr to Aug,Sep,3933,40,20.0,70,80,141.3552989
0,,Sylhet,Kharif 1,30.0,75.0,Jute,Mar,Apr to Aug,Sep,0,40,20.0,70,80,176.6225418
35993,4.209985275,Tangail,Kharif 1,30.0,75.0,Jute,Mar,Apr to Aug,Sep,151530,40,20.0,70,80,72.54164164
13914,5.410018686,Thakurgaon,Kharif 1,30.0,75.0,Jute,Mar,Apr to Aug,Sep,75275,40,20.0,70,80,106.4828665
160,1.6125,Bagerhat,Kharif 1,25.0,72.5,Kakrol,Apr,May to Jul,Jul to Sep,258,30,20.0,60,85,116.2342208
240,1.641666667,Bandarban,Kharif 1,25.0,72.5,Kakrol,Apr,May to Jul,Jul to Sep,394,30,20.0,60,85,103.3058201
33,1.272727273,Barguna,Kharif 1,25.0,72.5,Kakrol,Apr,May to Jul,Jul to Sep,42,30,20.0,60,85,120.7847945
288,1.402777778,Barishal,Kharif 1,25.0,72.5,Kakrol,Apr,May to Jul,Jul to Sep,404,30,20.0,60,85,123.7621634
158,1.405063291,Bhola,Kharif 1,25.0,72.5,Kakrol,Apr,May to Jul,Jul to Sep,222,30,20.0,60,85,28.89203637
101,1.871287129,Bogura,Kharif 1,25.0,72.5,Kakrol,Apr,May to Jul,Jul to Sep,189,30,20.0,60,85,101.5653941
195,1.574358974,Brahmanbaria,Kharif 1,25.0,72.5,Kakrol,Apr,May to Jul,Jul to Sep,307,30,20.0,60,85,221.1408763
72,1.055555556,Chandpur,Kharif 1,25.0,72.5,Kakrol,Apr,May to Jul,Jul to Sep,76,30,20.0,60,85,209.1793486
0,,Chapai Nawabganj,Kharif 1,25.0,72.5,Kakrol,Apr,May to Jul,Jul to Sep,0,30,20.0,60,85,92.92332722
836,3.107655502,Chattogram,Kharif 1,25.0,72.5,Kakrol,Apr,May to Jul,Jul to Sep,2598,30,20.0,60,85,249.1605738
56,1.267857143,Chuadanga,Kharif 1,25.0,72.5,Kakrol,Apr,May to Jul,Jul to Sep,71,30,20.0,60,85,183.2728784
229,1.698689956,CoxsBazar,Kharif 1,25.0,72.5,Kakrol,Apr,May to Jul,Jul to Sep,389,30,20.0,60,85,173.3674794
300,6.85,Cumilla,Kharif 1,25.0,72.5,Kakrol,Apr,May to Jul,Jul to Sep,2055,30,20.0,60,85,126.7790409
179,1.083798883,Dhaka,Kharif 1,25.0,72.5,Kakrol,Apr,May to Jul,Jul to Sep,194,30,20.0,60,85,240.3477317
120,1.65,Dinajpur,Kharif 1,25.0,72.5,Kakrol,Apr,May to Jul,Jul to Sep,198,30,20.0,60,85,122.2353554
28,1.607142857,Faridpur,Kharif 1,25.0,72.5,Kakrol,Apr,May to Jul,Jul to Sep,45,30,20.0,60,85,187.4168457
21,1.047619048,Feni,Kharif 1,25.0,72.5,Kakrol,Apr,May to Jul,Jul to Sep,22,30,20.0,60,85,63.46460472
160,1.7375,Gaibandha,Kharif 1,25.0,72.5,Kakrol,Apr,May to Jul,Jul to Sep,278,30,20.0,60,85,128.3412895
354,1.033898305,Gazipur,Kharif 1,25.0,72.5,Kakrol,Apr,May to Jul,Jul to Sep,366,30,20.0,60,85,112.6783855
42,1.714285714,Gopalganj,Kharif 1,25.0,72.5,Kakrol,Apr,May to Jul,Jul to Sep,72,30,20.0,60,85,107.3600888
80,1.15,Habiganj,Kharif 1,25.0,72.5,Kakrol,Apr,May to Jul,Jul to Sep,92,30,20.0,60,85,58.94173033
123,1.504065041,Jamalpur,Kharif 1,25.0,72.5,Kakrol,Apr,May to Jul,Jul to Sep,185,30,20.0,60,85,253.7195028
357,4.532212885,Jashore,Kharif 1,25.0,72.5,Kakrol,Apr,May to Jul,Jul to Sep,1618,30,20.0,60,85,201.3671079
131,1.038167939,Jhallokati,Kharif 1,25.0,72.5,Kakrol,Apr,May to Jul,Jul to Sep,136,30,20.0,60,85,182.7134968
220,2.745454545,Jhenaidah,Kharif 1,25.0,72.5,Kakrol,Apr,May to Jul,Jul to Sep,604,30,20.0,60,85,186.1707718
115,4.947826087,Joypurhat,Kharif 1,25.0,72.5,Kakrol,Apr,May to Jul,Jul to Sep,569,30,20.0,60,85,110.8196297
1098,2.193078324,Khagrachari,Kharif 1,25.0,72.5,Kakrol,Apr,May to Jul,Jul to Sep,2408,30,20.0,60,85,237.5904487
54,1.777777778,Khulna,Kharif 1,25.0,72.5,Kakrol,Apr,May to Jul,Jul to Sep,96,30,20.0,60,85,159.4915908
220,2.795454545,Kishoreganj,Kharif 1,25.0,72.5,Kakrol,Apr,May to Jul,Jul to Sep,615,30,20.0,60,85,141.6388739
92,1.945652174,Kurigram,Kharif 1,25.0,72.5,Kakrol,Apr,May to Jul,Jul to Sep,179,30,20.0,60,85,267.1332803
20,5.0,Kushtia,Kharif 1,25.0,72.5,Kakrol,Apr,May to Jul,Jul to Sep,100,30,20.0,60,85,119.2477019
102,2.225490196,Lakshmipur,Kharif 1,25.0,72.5,Kakrol,Apr,May to Jul,Jul to Sep,227,30,20.0,60,85,0.0
187,1.636363636,Lalmonirhat,Kharif 1,25.0,72.5,Kakrol,Apr,May to Jul,Jul to Sep,306,30,20.0,60,85,73.76040501
22,5.136363636,Madaripur,Kharif 1,25.0,72.5,Kakrol,Apr,May to Jul,Jul to Sep,113,30,20.0,60,85,257.376804
57,2.385964912,Magura,Kharif 1,25.0,72.5,Kakrol,Apr,May to Jul,Jul to Sep,136,30,20.0,60,85,94.20935175
83,2.096385542,Manikganj,Kharif 1,25.0,72.5,Kakrol,Apr,May to Jul,Jul to Sep,174,30,20.0,60,85,170.7789788
18,6.166666667,Meherpur,Kharif 1,25.0,72.5,Kakrol,Apr,May to Jul,Jul to Sep,111,30,20.0,60,85,57.14769495
68,3.367647059,Moulvibazar,Kharif 1,25.0,72.5,Kakrol,Apr,May to Jul,Jul to Sep,229,30,20.0,60,85,57.71681685
63,1.079365079,Munshiganj,Kharif 1,25.0,72.5,Kakrol,Apr,May to Jul,Jul to Sep,68,30,20.0,60,85,193.457719
438,1.714611872,Mymensingh,Kharif 1,25.0,72.5,Kakrol,Apr,May to Jul,Jul to Sep,751,30,20.0,60,85,16.76344278
125,2.736,Naogaon,Kharif 1,25.0,72.5,Kakrol,Apr,May to Jul,Jul to Sep,342,30,20.0,60,85,200.3680987
94,4.638297872,Narail,Kharif 1,25.0,72.5,Kakrol,Apr,May to Jul,Jul to Sep,436,30,20.0,60,85,111.5248743
156,1.782051282,Narayanganj,Kharif 1,25.0,72.5,Kakrol,Apr,May to Jul,Jul to Sep,278,30,20.0,60,85,142.3934178
1835,4.530245232,Narsingdi,Kharif 1,25.0,72.5,Kakrol,Apr,May to Jul,Jul to Sep,8313,30,20.0,60,85,148.8878304
223,2.233183857,Natore,Kharif 1,25.0,72.5,Kakrol,Apr,May to Jul,Jul to Sep,498,30,20.0,60,85,151.644015
113,2.389380531,Netrokona,Kharif 1,25.0,72.5,Kakrol,Apr,May to Jul,Jul to Sep,270,30,20.0,60,85,181.3127241
161,2.51552795,Nilphamari,Kharif 1,25.0,72.5,Kakrol,Apr,May to Jul,Jul to Sep,405,30,20.0,60,85,139.6704933
57,1.736842105,Noakhali,Kharif 1,25.0,72.5,Kakrol,Apr,May to Jul,Jul to Sep,99,30,20.0,60,85,192.3054403
35,1.914285714,Pabna,Kharif 1,25.0,72.5,Kakrol,Apr,May to Jul,Jul to Sep,67,30,20.0,60,85,159.4640058
92,2.423913043,Panchagar,Kharif 1,25.0,72.5,Kakrol,Apr,May to Jul,Jul to Sep,223,30,20.0,60,85,133.5214348
18,1.277777778,Patuakhali,Kharif 1,25.0,72.5,Kakrol,Apr,May to Jul,Jul to Sep,23,30,20.0,60,85,177.9785565
204,1.681372549,Pirojpur,Kharif 1,25.0,72.5,Kakrol,Apr,May to Jul,Jul to Sep,343,30,20.0,60,85,200.5440877
77,1.61038961,Rajbari,Kharif 1,25.0,72.5,Kakrol,Apr,May to Jul,Jul to Sep,124,30,20.0,60,85,195.6353261
41,2.634146341,Rajshahi,Kharif 1,25.0,72.5,Kakrol,Apr,May to Jul,Jul to Sep,108,30,20.0,60,85,130.6816096
2123,1.564766839,Rangamati,Kharif 1,25.0,72.5,Kakrol,Apr,May to Jul,Jul to Sep,3322,30,20.0,60,85,132.555622
317,1.548895899,Rangpur,Kharif 1,25.0,72.5,Kakrol,Apr,May to Jul,Jul to Sep,491,30,20.0,60,85,83.22966659
71,2.647887324,Satkhira,Kharif 1,25.0,72.5,Kakrol,Apr,May to Jul,Jul to Sep,188,30,20.0,60,85,101.1118681
39,5.41025641,Shariatpur,Kharif 1,25.0,72.5,Kakrol,Apr,May to Jul,Jul to Sep,211,30,20.0,60,85,148.6040649
139,1.928057554,Sherpur,Kharif 1,25.0,72.5,Kakrol,Apr,May to Jul,Jul to Sep,268,30,20.0,60,85,133.6318957
37,1.459459459,Sirajganj,Kharif 1,25.0,72.5,Kakrol,Apr,May to Jul,Jul to Sep,54,30,20.0,60,85,88.463189
89,3.02247191,Sunamganj,Kharif 1,25.0,72.5,Kakrol,Apr,May to Jul,Jul to Sep,269,30,20.0,60,85,152.3630899
87,1.402298851,Sylhet,Kharif 1,25.0,72.5,Kakrol,Apr,May to Jul,Jul to Sep,122,30,20.0,60,85,235.1628978
194,2.149484536,Tangail,Kharif 1,25.0,72.5,Kakrol,Apr,May to Jul,Jul to Sep,417,30,20.0,60,85,97.07205203
71,1.23943662,Thakurgaon,Kharif 1,25.0,72.5,Kakrol,Apr,May to Jul,Jul to Sep,88,30,20.0,60,85,166.7328498
880,1.386363636,Bagerhat,Rabi,25.5,87.5,Karala,Feb,Mar to Jul,Aug to Sep,1220,27,24.0,85,90,77.75338563
334,1.613772455,Bandarban,Rabi,25.5,87.5,Karala,Feb,Mar to Jul,Aug to Sep,539,27,24.0,85,90,235.5725005
125,1.248,Barguna,Rabi,25.5,87.5,Karala,Feb,Mar to Jul,Aug to Sep,156,27,24.0,85,90,204.4650533
416,1.514423077,Barishal,Rabi,25.5,87.5,Karala,Feb,Mar to Jul,Aug to Sep,630,27,24.0,85,90,106.310707
411,2.126520681,Bhola,Rabi,25.5,87.5,Karala,Feb,Mar to Jul,Aug to Sep,874,27,24.0,85,90,128.5016403
792,3.512626263,Bogura,Rabi,25.5,87.5,Karala,Feb,Mar to Jul,Aug to Sep,2782,27,24.0,85,90,112.5168631
206,1.946601942,Brahmanbaria,Rabi,25.5,87.5,Karala,Feb,Mar to Jul,Aug to Sep,401,27,24.0,85,90,198.669981
197,1.512690355,Chandpur,Rabi,25.5,87.5,Karala,Feb,Mar to Jul,Aug to Sep,298,27,24.0,85,90,27.60424575
257,1.949416342,Chapai Nawabganj,Rabi,25.5,87.5,Karala,Feb,Mar to Jul,Aug to Sep,501,27,24.0,85,90,257.6927854
259,1.918918919,Chattogram,Rabi,25.5,87.5,Karala,Feb,Mar to Jul,Aug to Sep,497,27,24.0,85,90,111.3682151
426,2.021126761,Chuadanga,Rabi,25.5,87.5,Karala,Feb,Mar to Jul,Aug to Sep,861,27,24.0,85,90,152.8675513
343,1.766763848,CoxsBazar,Rabi,25.5,87.5,Karala,Feb,Mar to Jul,Aug to Sep,606,27,24.0,85,90,126.1409922
591,2.676818951,Cumilla,Rabi,25.5,87.5,Karala,Feb,Mar to Jul,Aug to Sep,1582,27,24.0,85,90,197.0953972
448,2.011160714,Dhaka,Rabi,25.5,87.5,Karala,Feb,Mar to Jul,Aug to Sep,901,27,24.0,85,90,209.7155823
646,2.113003096,Dinajpur,Rabi,25.5,87.5,Karala,Feb,Mar to Jul,Aug to Sep,1365,27,24.0,85,90,57.7764753
330,1.212121212,Faridpur,Rabi,25.5,87.5,Karala,Feb,Mar to Jul,Aug to Sep,400,27,24.0,85,90,113.6014708
123,1.577235772,Feni,Rabi,25.5,87.5,Karala,Feb,Mar to Jul,Aug to Sep,194,27,24.0,85,90,198.9515961
393,1.842239186,Gaibandha,Rabi,25.5,87.5,Karala,Feb,Mar to Jul,Aug to Sep,724,27,24.0,85,90,100.5281687
353,1.036827195,Gazipur,Rabi,25.5,87.5,Karala,Feb,Mar to Jul,Aug to Sep,366,27,24.0,85,90,257.1880203
192,3.197916667,Gopalganj,Rabi,25.5,87.5,Karala,Feb,Mar to Jul,Aug to Sep,614,27,24.0,85,90,150.078391
182,2.175824176,Habiganj,Rabi,25.5,87.5,Karala,Feb,Mar to Jul,Aug to Sep,396,27,24.0,85,90,205.3584217
417,2.139088729,Jamalpur,Rabi,25.5,87.5,Karala,Feb,Mar to Jul,Aug to Sep,892,27,24.0,85,90,57.60193375
923,3.178764897,Jashore,Rabi,25.5,87.5,Karala,Feb,Mar to Jul,Aug to Sep,2934,27,24.0,85,90,107.1838559
335,1.820895522,Jhallokati,Rabi,25.5,87.5,Karala,Feb,Mar to Jul,Aug to Sep,610,27,24.0,85,90,128.1038815
639,2.419405321,Jhenaidah,Rabi,25.5,87.5,Karala,Feb,Mar to Jul,Aug to Sep,1546,27,24.0,85,90,107.8813345
542,4.494464945,Joypurhat,Rabi,25.5,87.5,Karala,Feb,Mar to Jul,Aug to Sep,2436,27,24.0,85,90,97.03018813
625,1.9168,Khagrachari,Rabi,25.5,87.5,Karala,Feb,Mar to Jul,Aug to Sep,1198,27,24.0,85,90,118.954524
253,1.071146245,Khulna,Rabi,25.5,87.5,Karala,Feb,Mar to Jul,Aug to Sep,271,27,24.0,85,90,83.10585432
519,2.597302505,Kishoreganj,Rabi,25.5,87.5,Karala,Feb,Mar to Jul,Aug to Sep,1348,27,24.0,85,90,141.495503
410,2.117073171,Kurigram,Rabi,25.5,87.5,Karala,Feb,Mar to Jul,Aug to Sep,868,27,24.0,85,90,207.9769659
380,2.360526316,Kushtia,Rabi,25.5,87.5,Karala,Feb,Mar to Jul,Aug to Sep,897,27,24.0,85,90,145.5145715
139,1.165467626,Lakshmipur,Rabi,25.5,87.5,Karala,Feb,Mar to Jul,Aug to Sep,162,27,24.0,85,90,68.68916075
288,2.194444444,Lalmonirhat,Rabi,25.5,87.5,Karala,Feb,Mar to Jul,Aug to Sep,632,27,24.0,85,90,117.6173071
191,2.251308901,Madaripur,Rabi,25.5,87.5,Karala,Feb,Mar to Jul,Aug to Sep,430,27,24.0,85,90,164.687878
114,2.631578947,Magura,Rabi,25.5,87.5,Karala,Feb,Mar to Jul,Aug to Sep,300,27,24.0,85,90,131.8827335
305,5.704918033,Manikganj,Rabi,25.5,87.5,Karala,Feb,Mar to Jul,Aug to Sep,1740,27,24.0,85,90,165.7822043
238,3.054621849,Meherpur,Rabi,25.5,87.5,Karala,Feb,Mar to Jul,Aug to Sep,727,27,24.0,85,90,220.5547739
192,1.90625,Moulvibazar,Rabi,25.5,87.5,Karala,Feb,Mar to Jul,Aug to Sep,366,27,24.0,85,90,183.5054596
522,1.068965517,Munshiganj,Rabi,25.5,87.5,Karala,Feb,Mar to Jul,Aug to Sep,558,27,24.0,85,90,121.1503691
1166,2.20754717,Mymensingh,Rabi,25.5,87.5,Karala,Feb,Mar to Jul,Aug to Sep,2574,27,24.0,85,90,137.1569967
1600,2.3975,Naogaon,Rabi,25.5,87.5,Karala,Feb,Mar to Jul,Aug to Sep,3836,27,24.0,85,90,117.5391875
207,2.937198068,Narail,Rabi,25.5,87.5,Karala,Feb,Mar to Jul,Aug to Sep,608,27,24.0,85,90,128.4188266
232,1.271551724,Narayanganj,Rabi,25.5,87.5,Karala,Feb,Mar to Jul,Aug to Sep,295,27,24.0,85,90,256.9092642
317,2.123028391,Narsingdi,Rabi,25.5,87.5,Karala,Feb,Mar to Jul,Aug to Sep,673,27,24.0,85,90,116.0675647
456,1.890350877,Natore,Rabi,25.5,87.5,Karala,Feb,Mar to Jul,Aug to Sep,862,27,24.0,85,90,103.8808597
255,2.02745098,Netrokona,Rabi,25.5,87.5,Karala,Feb,Mar to Jul,Aug to Sep,517,27,24.0,85,90,105.8537441
290,2.85862069,Nilphamari,Rabi,25.5,87.5,Karala,Feb,Mar to Jul,Aug to Sep,829,27,24.0,85,90,147.9890669
213,1.535211268,Noakhali,Rabi,25.5,87.5,Karala,Feb,Mar to Jul,Aug to Sep,327,27,24.0,85,90,142.8856852
813,1.6900369,Pabna,Rabi,25.5,87.5,Karala,Feb,Mar to Jul,Aug to Sep,1374,27,24.0,85,90,130.8862612
461,2.830802603,Panchagar,Rabi,25.5,87.5,Karala,Feb,Mar to Jul,Aug to Sep,1305,27,24.0,85,90,126.3806375
139,1.690647482,Patuakhali,Rabi,25.5,87.5,Karala,Feb,Mar to Jul,Aug to Sep,235,27,24.0,85,90,249.6878542
417,1.980815348,Pirojpur,Rabi,25.5,87.5,Karala,Feb,Mar to Jul,Aug to Sep,826,27,24.0,85,90,98.33115817
329,1.872340426,Rajbari,Rabi,25.5,87.5,Karala,Feb,Mar to Jul,Aug to Sep,616,27,24.0,85,90,233.8390719
872,2.591743119,Rajshahi,Rabi,25.5,87.5,Karala,Feb,Mar to Jul,Aug to Sep,2260,27,24.0,85,90,179.2092842
519,1.518304432,Rangamati,Rabi,25.5,87.5,Karala,Feb,Mar to Jul,Aug to Sep,788,27,24.0,85,90,158.1138165
932,2.001072961,Rangpur,Rabi,25.5,87.5,Karala,Feb,Mar to Jul,Aug to Sep,1865,27,24.0,85,90,105.9124629
197,2.705583756,Satkhira,Rabi,25.5,87.5,Karala,Feb,Mar to Jul,Aug to Sep,533,27,24.0,85,90,49.28360842
314,3.812101911,Shariatpur,Rabi,25.5,87.5,Karala,Feb,Mar to Jul,Aug to Sep,1197,27,24.0,85,90,211.7734065
269,2.780669145,Sherpur,Rabi,25.5,87.5,Karala,Feb,Mar to Jul,Aug to Sep,748,27,24.0,85,90,26.58885223
324,2.163580247,Sirajganj,Rabi,25.5,87.5,Karala,Feb,Mar to Jul,Aug to Sep,701,27,24.0,85,90,88.88986768
221,1.787330317,Sunamganj,Rabi,25.5,87.5,Karala,Feb,Mar to Jul,Aug to Sep,395,27,24.0,85,90,169.4022029
349,1.303724928,Sylhet,Rabi,25.5,87.5,Karala,Feb,Mar to Jul,Aug to Sep,455,27,24.0,85,90,170.6662852
497,1.883299799,Tangail,Rabi,25.5,87.5,Karala,Feb,Mar to Jul,Aug to Sep,936,27,24.0,85,90,238.8167852
470,1.531914894,Thakurgaon,Rabi,25.5,87.5,Karala,Feb,Mar to Jul,Aug to Sep,720,27,24.0,85,90,142.5749423
51,0.529411765,Bagerhat,Kharif 1,27.5,90.0,Kolmi Shak,Mar,Apr to Aug,Sep to Oct,27,35,20.0,80,100,285.8315753
105,1.238095238,Bandarban,Kharif 1,27.5,90.0,Kolmi Shak,Mar,Apr to Aug,Sep to Oct,130,35,20.0,80,100,147.4696198
23,1.695652174,Barguna,Kharif 1,27.5,90.0,Kolmi Shak,Mar,Apr to Aug,Sep to Oct,39,35,20.0,80,100,159.9215032
228,1.157894737,Barishal,Kharif 1,27.5,90.0,Kolmi Shak,Mar,Apr to Aug,Sep to Oct,264,35,20.0,80,100,57.12867035
171,1.421052632,Bhola,Kharif 1,27.5,90.0,Kolmi Shak,Mar,Apr to Aug,Sep to Oct,243,35,20.0,80,100,92.37600175
53,3.018867925,Bogura,Kharif 1,27.5,90.0,Kolmi Shak,Mar,Apr to Aug,Sep to Oct,160,35,20.0,80,100,90.71494036
151,2.437086093,Brahmanbaria,Kharif 1,27.5,90.0,Kolmi Shak,Mar,Apr to Aug,Sep to Oct,368,35,20.0,80,100,187.7109402
71,1.901408451,Chandpur,Kharif 1,27.5,90.0,Kolmi Shak,Mar,Apr to Aug,Sep to Oct,135,35,20.0,80,100,174.2089045
6,0.666666667,Chapai Nawabganj,Kharif 1,27.5,90.0,Kolmi Shak,Mar,Apr to Aug,Sep to Oct,4,35,20.0,80,100,90.83095262
143,1.566433566,Chattogram,Kharif 1,27.5,90.0,Kolmi Shak,Mar,Apr to Aug,Sep to Oct,224,35,20.0,80,100,131.4221312
71,2.549295775,Chuadanga,Kharif 1,27.5,90.0,Kolmi Shak,Mar,Apr to Aug,Sep to Oct,181,35,20.0,80,100,111.1064974
81,2.790123457,CoxsBazar,Kharif 1,27.5,90.0,Kolmi Shak,Mar,Apr to Aug,Sep to Oct,226,35,20.0,80,100,86.38220576
236,3.279661017,Cumilla,Kharif 1,27.5,90.0,Kolmi Shak,Mar,Apr to Aug,Sep to Oct,774,35,20.0,80,100,216.0140318
133,2.887218045,Dhaka,Kharif 1,27.5,90.0,Kolmi Shak,Mar,Apr to Aug,Sep to Oct,384,35,20.0,80,100,94.18552381
106,1.273584906,Dinajpur,Kharif 1,27.5,90.0,Kolmi Shak,Mar,Apr to Aug,Sep to Oct,135,35,20.0,80,100,49.03567877
137,2.854014599,Faridpur,Kharif 1,27.5,90.0,Kolmi Shak,Mar,Apr to Aug,Sep to Oct,391,35,20.0,80,100,225.5780791
42,2.357142857,Feni,Kharif 1,27.5,90.0,Kolmi Shak,Mar,Apr to Aug,Sep to Oct,99,35,20.0,80,100,93.66927726
84,1.845238095,Gaibandha,Kharif 1,27.5,90.0,Kolmi Shak,Mar,Apr to Aug,Sep to Oct,155,35,20.0,80,100,97.4612754
37,1.189189189,Gazipur,Kharif 1,27.5,90.0,Kolmi Shak,Mar,Apr to Aug,Sep to Oct,44,35,20.0,80,100,228.3491866
60,1.283333333,Gopalganj,Kharif 1,27.5,90.0,Kolmi Shak,Mar,Apr to Aug,Sep to Oct,77,35,20.0,80,100,280.2298845
35,1.085714286,Habiganj,Kharif 1,27.5,90.0,Kolmi Shak,Mar,Apr to Aug,Sep to Oct,38,35,20.0,80,100,159.5527518
190,1.742105263,Jamalpur,Kharif 1,27.5,90.0,Kolmi Shak,Mar,Apr to Aug,Sep to Oct,331,35,20.0,80,100,104.450925
0,,Jashore,Kharif 1,27.5,90.0,Kolmi Shak,Mar,Apr to Aug,Sep to Oct,0,35,20.0,80,100,162.9219547
103,1.203883495,Jhallokati,Kharif 1,27.5,90.0,Kolmi Shak,Mar,Apr to Aug,Sep to Oct,124,35,20.0,80,100,10.76351853
57,1.333333333,Jhenaidah,Kharif 1,27.5,90.0,Kolmi Shak,Mar,Apr to Aug,Sep to Oct,76,35,20.0,80,100,183.7780778
59,1.86440678,Joypurhat,Kharif 1,27.5,90.0,Kolmi Shak,Mar,Apr to Aug,Sep to Oct,110,35,20.0,80,100,74.65156013
205,1.687804878,Khagrachari,Kharif 1,27.5,90.0,Kolmi Shak,Mar,Apr to Aug,Sep to Oct,346,35,20.0,80,100,199.6126818
29,1.103448276,Khulna,Kharif 1,27.5,90.0,Kolmi Shak,Mar,Apr to Aug,Sep to Oct,32,35,20.0,80,100,124.4669767
11,2.272727273,Kishoreganj,Kharif 1,27.5,90.0,Kolmi Shak,Mar,Apr to Aug,Sep to Oct,25,35,20.0,80,100,132.1589063
154,1.597402597,Kurigram,Kharif 1,27.5,90.0,Kolmi Shak,Mar,Apr to Aug,Sep to Oct,246,35,20.0,80,100,157.5028588
0,,Kushtia,Kharif 1,27.5,90.0,Kolmi Shak,Mar,Apr to Aug,Sep to Oct,0,35,20.0,80,100,287.5704488
138,2.847826087,Lakshmipur,Kharif 1,27.5,90.0,Kolmi Shak,Mar,Apr to Aug,Sep to Oct,393,35,20.0,80,100,83.70228817
96,1.864583333,Lalmonirhat,Kharif 1,27.5,90.0,Kolmi Shak,Mar,Apr to Aug,Sep to Oct,179,35,20.0,80,100,57.10335442
41,1.487804878,Madaripur,Kharif 1,27.5,90.0,Kolmi Shak,Mar,Apr to Aug,Sep to Oct,61,35,20.0,80,100,208.643246
12,1.083333333,Magura,Kharif 1,27.5,90.0,Kolmi Shak,Mar,Apr to Aug,Sep to Oct,13,35,20.0,80,100,199.116205
0,,Manikganj,Kharif 1,27.5,90.0,Kolmi Shak,Mar,Apr to Aug,Sep to Oct,0,35,20.0,80,100,219.9182835
24,2.708333333,Meherpur,Kharif 1,27.5,90.0,Kolmi Shak,Mar,Apr to Aug,Sep to Oct,65,35,20.0,80,100,193.0541247
68,0.941176471,Moulvibazar,Kharif 1,27.5,90.0,Kolmi Shak,Mar,Apr to Aug,Sep to Oct,64,35,20.0,80,100,226.8703464
52,1.480769231,Munshiganj,Kharif 1,27.5,90.0,Kolmi Shak,Mar,Apr to Aug,Sep to Oct,77,35,20.0,80,100,75.41676886
238,2.571428571,Mymensingh,Kharif 1,27.5,90.0,Kolmi Shak,Mar,Apr to Aug,Sep to Oct,612,35,20.0,80,100,38.23834969
61,2.295081967,Naogaon,Kharif 1,27.5,90.0,Kolmi Shak,Mar,Apr to Aug,Sep to Oct,140,35,20.0,80,100,156.3888107
37,1.108108108,Narail,Kharif 1,27.5,90.0,Kolmi Shak,Mar,Apr to Aug,Sep to Oct,41,35,20.0,80,100,216.9979684
61,1.524590164,Narayanganj,Kharif 1,27.5,90.0,Kolmi Shak,Mar,Apr to Aug,Sep to Oct,93,35,20.0,80,100,106.2089036
4,2.75,Narsingdi,Kharif 1,27.5,90.0,Kolmi Shak,Mar,Apr to Aug,Sep to Oct,11,35,20.0,80,100,157.9646408
33,1.727272727,Natore,Kharif 1,27.5,90.0,Kolmi Shak,Mar,Apr to Aug,Sep to Oct,57,35,20.0,80,100,178.3347781
71,1.76056338,Netrokona,Kharif 1,27.5,90.0,Kolmi Shak,Mar,Apr to Aug,Sep to Oct,125,35,20.0,80,100,161.5031172
147,1.816326531,Nilphamari,Kharif 1,27.5,90.0,Kolmi Shak,Mar,Apr to Aug,Sep to Oct,267,35,20.0,80,100,104.2566339
175,1.925714286,Noakhali,Kharif 1,27.5,90.0,Kolmi Shak,Mar,Apr to Aug,Sep to Oct,337,35,20.0,80,100,32.96177034
26,1.807692308,Pabna,Kharif 1,27.5,90.0,Kolmi Shak,Mar,Apr to Aug,Sep to Oct,47,35,20.0,80,100,130.4193866
186,1.258064516,Panchagar,Kharif 1,27.5,90.0,Kolmi Shak,Mar,Apr to Aug,Sep to Oct,234,35,20.0,80,100,119.800578
72,1.180555556,Patuakhali,Kharif 1,27.5,90.0,Kolmi Shak,Mar,Apr to Aug,Sep to Oct,85,35,20.0,80,100,186.7889792
0,,Pirojpur,Kharif 1,27.5,90.0,Kolmi Shak,Mar,Apr to Aug,Sep to Oct,0,35,20.0,80,100,193.7726141
0,,Rajbari,Kharif 1,27.5,90.0,Kolmi Shak,Mar,Apr to Aug,Sep to Oct,0,35,20.0,80,100,213.7727271
50,1.68,Rajshahi,Kharif 1,27.5,90.0,Kolmi Shak,Mar,Apr to Aug,Sep to Oct,84,35,20.0,80,100,10.45387914
99,2.292929293,Rangamati,Kharif 1,27.5,90.0,Kolmi Shak,Mar,Apr to Aug,Sep to Oct,227,35,20.0,80,100,233.0445788
290,2.0,Rangpur,Kharif 1,27.5,90.0,Kolmi Shak,Mar,Apr to Aug,Sep to Oct,580,35,20.0,80,100,151.5362409
30,0.833333333,Satkhira,Kharif 1,27.5,90.0,Kolmi Shak,Mar,Apr to Aug,Sep to Oct,25,35,20.0,80,100,41.73989024
32,1.375,Shariatpur,Kharif 1,27.5,90.0,Kolmi Shak,Mar,Apr to Aug,Sep to Oct,44,35,20.0,80,100,209.2218252
108,3.157407407,Sherpur,Kharif 1,27.5,90.0,Kolmi Shak,Mar,Apr to Aug,Sep to Oct,341,35,20.0,80,100,195.7498104
102,1.705882353,Sirajganj,Kharif 1,27.5,90.0,Kolmi Shak,Mar,Apr to Aug,Sep to Oct,174,35,20.0,80,100,190.3828211
32,1.9375,Sunamganj,Kharif 1,27.5,90.0,Kolmi Shak,Mar,Apr to Aug,Sep to Oct,62,35,20.0,80,100,87.03114043
60,1.5,Sylhet,Kharif 1,27.5,90.0,Kolmi Shak,Mar,Apr to Aug,Sep to Oct,90,35,20.0,80,100,182.6467983
226,4.026548673,Tangail,Kharif 1,27.5,90.0,Kolmi Shak,Mar,Apr to Aug,Sep to Oct,910,35,20.0,80,100,135.7007394
58,1.189655172,Thakurgaon,Kharif 1,27.5,90.0,Kolmi Shak,Mar,Apr to Aug,Sep to Oct,69,35,20.0,80,100,127.6094941
454,1.36123348,Bagerhat,Kharif 1,20.0,80.0,Lady Finger,Apr,May to Jun,Jun to Sep,618,30,10.0,75,85,166.6845073
226,2.362831858,Bandarban,Kharif 1,20.0,80.0,Lady Finger,Apr,May to Jun,Jun to Sep,534,30,10.0,75,85,127.3636036
120,2.025,Barguna,Kharif 1,20.0,80.0,Lady FInger,Apr,May to Jun,Jun to Sep,243,30,10.0,75,85,210.715378
423,1.628841608,Barishal,Kharif 1,20.0,80.0,Lady Finger,Apr,May to Jun,Jun to Sep,689,30,10.0,75,85,66.83437089
307,2.315960912,Bhola,Kharif 1,20.0,80.0,Lady Finger,Apr,May to Jun,Jun to Sep,711,30,10.0,75,85,220.7087942
359,2.883008357,Bogura,Kharif 1,20.0,80.0,Lady Finger,Apr,May to Jun,Jun to Sep,1035,30,10.0,75,85,213.682181
1047,3.11843362,Brahmanbaria,Kharif 1,20.0,80.0,Lady Finger,Apr,May to Jun,Jun to Sep,3265,30,10.0,75,85,178.8918286
261,1.295019157,Chandpur,Kharif 1,20.0,80.0,Lady Finger,Apr,May to Jun,Jun to Sep,338,30,10.0,75,85,130.5753548
347,1.492795389,Chapai Nawabganj,Kharif 1,20.0,80.0,Lady Finger,Apr,May to Jun,Jun to Sep,518,30,10.0,75,85,192.5030562
1341,1.625652498,Chattogram,Kharif 1,20.0,80.0,Lady Finger,Apr,May to Jun,Jun to Sep,2180,30,10.0,75,85,75.51375976
602,2.99833887,Chuadanga,Kharif 1,20.0,80.0,Lady Finger,Apr,May to Jun,Jun to Sep,1805,30,10.0,75,85,156.0381868
421,2.095011876,CoxsBazar,Kharif 1,20.0,80.0,Lady Finger,Apr,May to Jun,Jun to Sep,882,30,10.0,75,85,192.6911317
548,1.888686131,Cumilla,Kharif 1,20.0,80.0,Lady Finger,Apr,May to Jun,Jun to Sep,1035,30,10.0,75,85,122.5115556
779,1.779204108,Dhaka,Kharif 1,20.0,80.0,Lady Finger,Apr,May to Jun,Jun to Sep,1386,30,10.0,75,85,168.5997928
577,1.710571924,Dinajpur,Kharif 1,20.0,80.0,Lady Finger,Apr,May to Jun,Jun to Sep,987,30,10.0,75,85,198.1778412
483,1.507246377,Faridpur,Kharif 1,20.0,80.0,Lady Finger,Apr,May to Jun,Jun to Sep,728,30,10.0,75,85,163.417566
120,1.033333333,Feni,Kharif 1,20.0,80.0,Lady Finger,Apr,May to Jun,Jun to Sep,124,30,10.0,75,85,163.3699927
255,1.823529412,Gaibandha,Kharif 1,20.0,80.0,Lady Finger,Apr,May to Jun,Jun to Sep,465,30,10.0,75,85,141.5845168
305,1.31147541,Gazipur,Kharif 1,20.0,80.0,Lady Finger,Apr,May to Jun,Jun to Sep,400,30,10.0,75,85,0.0
209,1.196172249,Gopalganj,Kharif 1,20.0,80.0,Lady Finger,Apr,May to Jun,Jun to Sep,250,30,10.0,75,85,144.5977757
255,1.717647059,Habiganj,Kharif 1,20.0,80.0,Lady Finger,Apr,May to Jun,Jun to Sep,438,30,10.0,75,85,260.3008585
604,1.740066225,Jamalpur,Kharif 1,20.0,80.0,Lady Finger,Apr,May to Jun,Jun to Sep,1051,30,10.0,75,85,94.31170954
943,3.20678685,Jashore,Kharif 1,20.0,80.0,Lady Finger,Apr,May to Jun,Jun to Sep,3024,30,10.0,75,85,190.6463275
273,1.838827839,Jhallokati,Kharif 1,20.0,80.0,Lady Finger,Apr,May to Jun,Jun to Sep,502,30,10.0,75,85,147.3033262
533,2.82739212,Jhenaidah,Kharif 1,20.0,80.0,Lady Finger,Apr,May to Jun,Jun to Sep,1507,30,10.0,75,85,184.2927411
185,2.448648649,Joypurhat,Kharif 1,20.0,80.0,Lady Finger,Apr,May to Jun,Jun to Sep,453,30,10.0,75,85,70.16036883
546,1.875457875,Khagrachari,Kharif 1,20.0,80.0,Lady Finger,Apr,May to Jun,Jun to Sep,1024,30,10.0,75,85,89.10389019
351,1.521367521,Khulna,Kharif 1,20.0,80.0,Lady Finger,Apr,May to Jun,Jun to Sep,534,30,10.0,75,85,73.70694664
361,2.831024931,Kishoreganj,Kharif 1,20.0,80.0,Lady Finger,Apr,May to Jun,Jun to Sep,1022,30,10.0,75,85,208.1430429
434,1.744239631,Kurigram,Kharif 1,20.0,80.0,Lady Finger,Apr,May to Jun,Jun to Sep,757,30,10.0,75,85,167.5029085
653,4.457886677,Kushtia,Kharif 1,20.0,80.0,Lady Finger,Apr,May to Jun,Jun to Sep,2911,30,10.0,75,85,190.8678107
642,3.199376947,Lakshmipur,Kharif 1,20.0,80.0,Lady Finger,Apr,May to Jun,Jun to Sep,2054,30,10.0,75,85,110.6706251
316,2.212025316,Lalmonirhat,Kharif 1,20.0,80.0,Lady Finger,Apr,May to Jun,Jun to Sep,699,30,10.0,75,85,82.52166597
275,3.181818182,Madaripur,Kharif 1,20.0,80.0,Lady Finger,Apr,May to Jun,Jun to Sep,875,30,10.0,75,85,166.2310169
129,2.635658915,Magura,Kharif 1,20.0,80.0,Lady Finger,Apr,May to Jun,Jun to Sep,340,30,10.0,75,85,216.527623
372,3.333333333,Manikganj,Kharif 1,20.0,80.0,Lady Finger,Apr,May to Jun,Jun to Sep,1240,30,10.0,75,85,201.2753119
272,3.455882353,Meherpur,Kharif 1,20.0,80.0,Lady Finger,Apr,May to Jun,Jun to Sep,940,30,10.0,75,85,267.5251279
303,1.330033003,Moulvibazar,Kharif 1,20.0,80.0,Lady Finger,Apr,May to Jun,Jun to Sep,403,30,10.0,75,85,193.7499167
496,3.377016129,Munshiganj,Kharif 1,20.0,80.0,Lady Finger,Apr,May to Jun,Jun to Sep,1675,30,10.0,75,85,218.9679558
1105,2.014479638,Mymensingh,Kharif 1,20.0,80.0,Lady Finger,Apr,May to Jun,Jun to Sep,2226,30,10.0,75,85,134.5325761
427,1.826697892,Naogaon,Kharif 1,20.0,80.0,Lady Finger,Apr,May to Jun,Jun to Sep,780,30,10.0,75,85,36.5145219
324,3.475308642,Narail,Kharif 1,20.0,80.0,Lady Finger,Apr,May to Jun,Jun to Sep,1126,30,10.0,75,85,107.3873137
428,1.679906542,Narayanganj,Kharif 1,20.0,80.0,Lady Finger,Apr,May to Jun,Jun to Sep,719,30,10.0,75,85,124.9151333
332,2.271084337,Narsingdi,Kharif 1,20.0,80.0,Lady Finger,Apr,May to Jun,Jun to Sep,754,30,10.0,75,85,120.8388556
666,1.238738739,Natore,Kharif 1,20.0,80.0,Lady Finger,Apr,May to Jun,Jun to Sep,825,30,10.0,75,85,155.294862
410,2.546341463,Netrokona,Kharif 1,20.0,80.0,Lady Finger,Apr,May to Jun,Jun to Sep,1044,30,10.0,75,85,211.3145715
226,2.411504425,Nilphamari,Kharif 1,20.0,80.0,Lady Finger,Apr,May to Jun,Jun to Sep,545,30,10.0,75,85,278.8614046
330,2.475757576,Noakhali,Kharif 1,20.0,80.0,Lady Finger,Apr,May to Jun,Jun to Sep,817,30,10.0,75,85,189.8063752
1055,2.15450237,Pabna,Kharif 1,20.0,80.0,Lady Finger,Apr,May to Jun,Jun to Sep,2273,30,10.0,75,85,187.307319
490,2.953061224,Panchagar,Kharif 1,20.0,80.0,Lady Finger,Apr,May to Jun,Jun to Sep,1447,30,10.0,75,85,125.754798
117,1.666666667,Patuakhali,Kharif 1,20.0,80.0,Lady Finger,Apr,May to Jun,Jun to Sep,195,30,10.0,75,85,129.8843479
217,1.31797235,Pirojpur,Kharif 1,20.0,80.0,Lady Finger,Apr,May to Jun,Jun to Sep,286,30,10.0,75,85,148.8001865
761,4.403416557,Rajbari,Kharif 1,20.0,80.0,Lady Finger,Apr,May to Jun,Jun to Sep,3351,30,10.0,75,85,79.92159032
646,3.417956656,Rajshahi,Kharif 1,20.0,80.0,Lady Finger,Apr,May to Jun,Jun to Sep,2208,30,10.0,75,85,113.3736293
542,1.477859779,Rangamati,Kharif 1,20.0,80.0,Lady Finger,Apr,May to Jun,Jun to Sep,801,30,10.0,75,85,249.6360374
441,1.675736961,Rangpur,Kharif 1,20.0,80.0,Lady Finger,Apr,May to Jun,Jun to Sep,739,30,10.0,75,85,136.9796087
781,2.733674776,Satkhira,Kharif 1,20.0,80.0,Lady Finger,Apr,May to Jun,Jun to Sep,2135,30,10.0,75,85,165.1184259
233,5.055793991,Shariatpur,Kharif 1,20.0,80.0,Lady Finger,Apr,May to Jun,Jun to Sep,1178,30,10.0,75,85,0.0
680,2.517647059,Sherpur,Kharif 1,20.0,80.0,Lady Finger,Apr,May to Jun,Jun to Sep,1712,30,10.0,75,85,116.1432468
484,1.564049587,Sirajganj,Kharif 1,20.0,80.0,Lady Finger,Apr,May to Jun,Jun to Sep,757,30,10.0,75,85,20.45058966
424,2.891509434,Sunamganj,Kharif 1,20.0,80.0,Lady Finger,Apr,May to Jun,Jun to Sep,1226,30,10.0,75,85,172.6734646
248,1.076612903,Sylhet,Kharif 1,20.0,80.0,Lady Finger,Apr,May to Jun,Jun to Sep,267,30,10.0,75,85,149.3660132
1138,1.98857645,Tangail,Kharif 1,20.0,80.0,Lady Finger,Apr,May to Jun,Jun to Sep,2263,30,10.0,75,85,215.2696547
480,1.908333333,Thakurgaon,Kharif 1,20.0,80.0,Lady Finger,Apr,May to Jun,Jun to Sep,916,30,10.0,75,85,126.251376
559,1.516994633,Bagerhat,Rabi,20.0,75.0,Lal Shak,Sep,Oct to Nov,Nov to Feb,848,25,15.0,70,80,114.3990707
190,2.284210526,Bandarban,Rabi,20.0,75.0,Lal Shak,Sep,Oct to Nov,Nov to Feb,434,25,15.0,70,80,185.8498392
238,1.62605042,Barguna,Rabi,20.0,75.0,Lal Shak,Sep,Oct to Nov,Nov to Feb,387,25,15.0,70,80,109.166164
761,1.534822602,Barishal,Rabi,20.0,75.0,Lal Shak,Sep,Oct to Nov,Nov to Feb,1168,25,15.0,70,80,80.30191817
439,1.633257403,Bhola,Rabi,20.0,75.0,Lal Shak,Sep,Oct to Nov,Nov to Feb,717,25,15.0,70,80,99.92534505
357,1.81512605,Bogura,Rabi,20.0,75.0,Lal Shak,Sep,Oct to Nov,Nov to Feb,648,25,15.0,70,80,69.59690932
720,1.790277778,Brahmanbaria,Rabi,20.0,75.0,Lal Shak,Sep,Oct to Nov,Nov to Feb,1289,25,15.0,70,80,176.7229333
466,1.9527897,Chandpur,Rabi,20.0,75.0,Lal Shak,Sep,Oct to Nov,Nov to Feb,910,25,15.0,70,80,106.3591657
358,1.972067039,Chapai Nawabganj,Rabi,20.0,75.0,Lal Shak,Sep,Oct to Nov,Nov to Feb,706,25,15.0,70,80,133.1836676
1105,1.81719457,Chattogram,Rabi,20.0,75.0,Lal Shak,Sep,Oct to Nov,Nov to Feb,2008,25,15.0,70,80,68.94345509
503,2.252485089,Chuadanga,Rabi,20.0,75.0,Lal Shak,Sep,Oct to Nov,Nov to Feb,1133,25,15.0,70,80,143.8776607
188,2.79787234,CoxsBazar,Rabi,20.0,75.0,Lal Shak,Sep,Oct to Nov,Nov to Feb,526,25,15.0,70,80,144.2342148
1293,2.174787316,Cumilla,Rabi,20.0,75.0,Lal Shak,Sep,Oct to Nov,Nov to Feb,2812,25,15.0,70,80,263.3940791
704,4.96875,Dhaka,Rabi,20.0,75.0,Lal Shak,Sep,Oct to Nov,Nov to Feb,3498,25,15.0,70,80,164.7668373
427,1.43559719,Dinajpur,Rabi,20.0,75.0,Lal Shak,Sep,Oct to Nov,Nov to Feb,613,25,15.0,70,80,211.7225122
261,2.095785441,Faridpur,Rabi,20.0,75.0,Lal Shak,Sep,Oct to Nov,Nov to Feb,547,25,15.0,70,80,126.0100227
527,1.89373814,Feni,Rabi,20.0,75.0,Lal Shak,Sep,Oct to Nov,Nov to Feb,998,25,15.0,70,80,72.1485387
315,1.412698413,Gaibandha,Rabi,20.0,75.0,Lal Shak,Sep,Oct to Nov,Nov to Feb,445,25,15.0,70,80,219.1007502
336,1.485119048,Gazipur,Rabi,20.0,75.0,Lal Shak,Sep,Oct to Nov,Nov to Feb,499,25,15.0,70,80,208.5269015
287,2.069686411,Gopalganj,Rabi,20.0,75.0,Lal Shak,Sep,Oct to Nov,Nov to Feb,594,25,15.0,70,80,73.68554535
253,1.786561265,Habiganj,Rabi,20.0,75.0,Lal Shak,Sep,Oct to Nov,Nov to Feb,452,25,15.0,70,80,52.15958082
845,1.821301775,Jamalpur,Rabi,20.0,75.0,Lal Shak,Sep,Oct to Nov,Nov to Feb,1539,25,15.0,70,80,136.35887
1123,2.310774711,Jashore,Rabi,20.0,75.0,Lal Shak,Sep,Oct to Nov,Nov to Feb,2595,25,15.0,70,80,153.5315504
487,1.176591376,Jhallokati,Rabi,20.0,75.0,Lal Shak,Sep,Oct to Nov,Nov to Feb,573,25,15.0,70,80,118.4320503
729,2.288065844,Jhenaidah,Rabi,20.0,75.0,Lal Shak,Sep,Oct to Nov,Nov to Feb,1668,25,15.0,70,80,49.07112106
198,2.04040404,Joypurhat,Rabi,20.0,75.0,Lal Shak,Sep,Oct to Nov,Nov to Feb,404,25,15.0,70,80,209.5969544
363,1.889807163,Khagrachari,Rabi,20.0,75.0,Lal Shak,Sep,Oct to Nov,Nov to Feb,686,25,15.0,70,80,125.346311
502,1.639442231,Khulna,Rabi,20.0,75.0,Lal Shak,Sep,Oct to Nov,Nov to Feb,823,25,15.0,70,80,117.057379
365,1.690410959,Kishoreganj,Rabi,20.0,75.0,Lal Shak,Sep,Oct to Nov,Nov to Feb,617,25,15.0,70,80,0.0
394,1.870558376,Kurigram,Rabi,20.0,75.0,Lal Shak,Sep,Oct to Nov,Nov to Feb,737,25,15.0,70,80,110.7819675
629,3.162162162,Kushtia,Rabi,20.0,75.0,Lal Shak,Sep,Oct to Nov,Nov to Feb,1989,25,15.0,70,80,95.00874393
530,1.279245283,Lakshmipur,Rabi,20.0,75.0,Lal Shak,Sep,Oct to Nov,Nov to Feb,678,25,15.0,70,80,221.4097654
387,1.84754522,Lalmonirhat,Rabi,20.0,75.0,Lal Shak,Sep,Oct to Nov,Nov to Feb,715,25,15.0,70,80,151.5066587
481,1.85031185,Madaripur,Rabi,20.0,75.0,Lal Shak,Sep,Oct to Nov,Nov to Feb,890,25,15.0,70,80,111.0099488
118,2.033898305,Magura,Rabi,20.0,75.0,Lal Shak,Sep,Oct to Nov,Nov to Feb,240,25,15.0,70,80,97.21937036
278,1.755395683,Manikganj,Rabi,20.0,75.0,Lal Shak,Sep,Oct to Nov,Nov to Feb,488,25,15.0,70,80,131.6981748
244,4.028688525,Meherpur,Rabi,20.0,75.0,Lal Shak,Sep,Oct to Nov,Nov to Feb,983,25,15.0,70,80,185.1478896
560,2.005357143,Moulvibazar,Rabi,20.0,75.0,Lal Shak,Sep,Oct to Nov,Nov to Feb,1123,25,15.0,70,80,114.2443223
414,2.299516908,Munshiganj,Rabi,20.0,75.0,Lal Shak,Sep,Oct to Nov,Nov to Feb,952,25,15.0,70,80,198.9206127
729,2.368998628,Mymensingh,Rabi,20.0,75.0,Lal Shak,Sep,Oct to Nov,Nov to Feb,1727,25,15.0,70,80,168.8383025
535,1.794392523,Naogaon,Rabi,20.0,75.0,Lal Shak,Sep,Oct to Nov,Nov to Feb,960,25,15.0,70,80,264.8058487
390,1.905128205,Narail,Rabi,20.0,75.0,Lal Shak,Sep,Oct to Nov,Nov to Feb,743,25,15.0,70,80,259.3158696
560,1.982142857,Narayanganj,Rabi,20.0,75.0,Lal Shak,Sep,Oct to Nov,Nov to Feb,1110,25,15.0,70,80,219.0621027
257,1.260700389,Narsingdi,Rabi,20.0,75.0,Lal Shak,Sep,Oct to Nov,Nov to Feb,324,25,15.0,70,80,167.8519533
513,1.980506823,Natore,Rabi,20.0,75.0,Lal Shak,Sep,Oct to Nov,Nov to Feb,1016,25,15.0,70,80,186.9176416
187,2.122994652,Netrokona,Rabi,20.0,75.0,Lal Shak,Sep,Oct to Nov,Nov to Feb,397,25,15.0,70,80,230.0803581
290,2.031034483,Nilphamari,Rabi,20.0,75.0,Lal Shak,Sep,Oct to Nov,Nov to Feb,589,25,15.0,70,80,148.0452421
583,1.231560892,Noakhali,Rabi,20.0,75.0,Lal Shak,Sep,Oct to Nov,Nov to Feb,718,25,15.0,70,80,143.5169056
620,2.472580645,Pabna,Rabi,20.0,75.0,Lal Shak,Sep,Oct to Nov,Nov to Feb,1533,25,15.0,70,80,207.1462974
534,1.754681648,Panchagar,Rabi,20.0,75.0,Lal Shak,Sep,Oct to Nov,Nov to Feb,937,25,15.0,70,80,117.3343381
156,0.858974359,Patuakhali,Rabi,20.0,75.0,Lal Shak,Sep,Oct to Nov,Nov to Feb,134,25,15.0,70,80,181.2758875
336,1.014880952,Pirojpur,Rabi,20.0,75.0,Lal Shak,Sep,Oct to Nov,Nov to Feb,341,25,15.0,70,80,40.91647241
780,3.966666667,Rajbari,Rabi,20.0,75.0,Lal Shak,Sep,Oct to Nov,Nov to Feb,3094,25,15.0,70,80,164.2258033
1364,2.500733138,Rajshahi,Rabi,20.0,75.0,Lal Shak,Sep,Oct to Nov,Nov to Feb,3411,25,15.0,70,80,276.7126886
294,1.258503401,Rangamati,Rabi,20.0,75.0,Lal Shak,Sep,Oct to Nov,Nov to Feb,370,25,15.0,70,80,257.7620688
980,1.535714286,Rangpur,Rabi,20.0,75.0,Lal Shak,Sep,Oct to Nov,Nov to Feb,1505,25,15.0,70,80,94.98543527
760,2.005263158,Satkhira,Rabi,20.0,75.0,Lal Shak,Sep,Oct to Nov,Nov to Feb,1524,25,15.0,70,80,181.4954115
179,3.016759777,Shariatpur,Rabi,20.0,75.0,Lal Shak,Sep,Oct to Nov,Nov to Feb,540,25,15.0,70,80,289.3900127
364,2.046703297,Sherpur,Rabi,20.0,75.0,Lal Shak,Sep,Oct to Nov,Nov to Feb,745,25,15.0,70,80,82.45155045
463,2.103671706,Sirajganj,Rabi,20.0,75.0,Lal Shak,Sep,Oct to Nov,Nov to Feb,974,25,15.0,70,80,140.909218
483,2.991718427,Sunamganj,Rabi,20.0,75.0,Lal Shak,Sep,Oct to Nov,Nov to Feb,1445,25,15.0,70,80,111.5869944
460,1.310869565,Sylhet,Rabi,20.0,75.0,Lal Shak,Sep,Oct to Nov,Nov to Feb,603,25,15.0,70,80,169.1541827
486,1.927983539,Tangail,Rabi,20.0,75.0,Lal Shak,Sep,Oct to Nov,Nov to Feb,937,25,15.0,70,80,244.8572625
426,1.70657277,Thakurgaon,Rabi,20.0,75.0,Lal Shak,Sep,Oct to Nov,Nov to Feb,727,25,15.0,70,80,230.471705
611,1.139116203,Bagerhat,Rabi,20.0,80.0,Laushak,Sep,Oct to Nov,Nov to Feb,696,25,15.0,70,90,267.0036063
182,1.098901099,Bandarban,Rabi,20.0,80.0,Laushak,Sep,Oct to Nov,Nov to Feb,200,25,15.0,70,90,122.7105615
227,1.105726872,Barguna,Rabi,20.0,80.0,Laushak,Sep,Oct to Nov,Nov to Feb,251,25,15.0,70,90,184.7941789
941,1.339001063,Barishal,Rabi,20.0,80.0,Laushak,Sep,Oct to Nov,Nov to Feb,1260,25,15.0,70,90,212.6383769
452,2.880530973,Bhola,Rabi,20.0,80.0,Laushak,Sep,Oct to Nov,Nov to Feb,1302,25,15.0,70,90,166.5223601
168,1.678571429,Bogura,Rabi,20.0,80.0,Laushak,Sep,Oct to Nov,Nov to Feb,282,25,15.0,70,90,130.2659487
246,1.317073171,Brahmanbaria,Rabi,20.0,80.0,Laushak,Sep,Oct to Nov,Nov to Feb,324,25,15.0,70,90,147.1776436
553,0.940325497,Chandpur,Rabi,20.0,80.0,Laushak,Sep,Oct to Nov,Nov to Feb,520,25,15.0,70,90,145.2916014
5,0.6,Chapai Nawabganj,Rabi,20.0,80.0,Laushak,Sep,Oct to Nov,Nov to Feb,3,25,15.0,70,90,153.2072046
288,2.208333333,Chattogram,Rabi,20.0,80.0,Laushak,Sep,Oct to Nov,Nov to Feb,636,25,15.0,70,90,190.0286013
44,3.409090909,Chuadanga,Rabi,20.0,80.0,Laushak,Sep,Oct to Nov,Nov to Feb,150,25,15.0,70,90,33.92184224
120,1.116666667,CoxsBazar,Rabi,20.0,80.0,Laushak,Sep,Oct to Nov,Nov to Feb,134,25,15.0,70,90,154.3988071
667,2.026986507,Cumilla,Rabi,20.0,80.0,Laushak,Sep,Oct to Nov,Nov to Feb,1352,25,15.0,70,90,99.88041339
628,3.621019108,Dhaka,Rabi,20.0,80.0,Laushak,Sep,Oct to Nov,Nov to Feb,2274,25,15.0,70,90,116.9018508
209,1.578947368,Dinajpur,Rabi,20.0,80.0,Laushak,Sep,Oct to Nov,Nov to Feb,330,25,15.0,70,90,92.9108179
161,1.242236025,Faridpur,Rabi,20.0,80.0,Laushak,Sep,Oct to Nov,Nov to Feb,200,25,15.0,70,90,149.3895501
111,1.261261261,Feni,Rabi,20.0,80.0,Laushak,Sep,Oct to Nov,Nov to Feb,140,25,15.0,70,90,80.74200327
280,1.464285714,Gaibandha,Rabi,20.0,80.0,Laushak,Sep,Oct to Nov,Nov to Feb,410,25,15.0,70,90,189.5476847
318,1.823899371,Gazipur,Rabi,20.0,80.0,Laushak,Sep,Oct to Nov,Nov to Feb,580,25,15.0,70,90,74.72632851
319,1.912225705,Gopalganj,Rabi,20.0,80.0,Laushak,Sep,Oct to Nov,Nov to Feb,610,25,15.0,70,90,160.8415191
64,1.59375,Habiganj,Rabi,20.0,80.0,Laushak,Sep,Oct to Nov,Nov to Feb,102,25,15.0,70,90,105.0718668
667,2.775112444,Jamalpur,Rabi,20.0,80.0,Laushak,Sep,Oct to Nov,Nov to Feb,1851,25,15.0,70,90,74.11637123
180,2.527777778,Jashore,Rabi,20.0,80.0,Laushak,Sep,Oct to Nov,Nov to Feb,455,25,15.0,70,90,194.0899522
350,3.56,Jhallokati,Rabi,20.0,80.0,Laushak,Sep,Oct to Nov,Nov to Feb,1246,25,15.0,70,90,179.4962789
188,2.015957447,Jhenaidah,Rabi,20.0,80.0,Laushak,Sep,Oct to Nov,Nov to Feb,379,25,15.0,70,90,235.5977119
23,1.782608696,Joypurhat,Rabi,20.0,80.0,Laushak,Sep,Oct to Nov,Nov to Feb,41,25,15.0,70,90,133.3864484
433,1.240184758,Khagrachari,Rabi,20.0,80.0,Laushak,Sep,Oct to Nov,Nov to Feb,537,25,15.0,70,90,70.88331189
243,1.613168724,Khulna,Rabi,20.0,80.0,Laushak,Sep,Oct to Nov,Nov to Feb,392,25,15.0,70,90,178.3735213
146,1.602739726,Kishoreganj,Rabi,20.0,80.0,Laushak,Sep,Oct to Nov,Nov to Feb,234,25,15.0,70,90,166.4185749
363,2.482093664,Kurigram,Rabi,20.0,80.0,Laushak,Sep,Oct to Nov,Nov to Feb,901,25,15.0,70,90,57.02788535
25,2.2,Kushtia,Rabi,20.0,80.0,Laushak,Sep,Oct to Nov,Nov to Feb,55,25,15.0,70,90,78.6502089
621,1.037037037,Lakshmipur,Rabi,20.0,80.0,Laushak,Sep,Oct to Nov,Nov to Feb,644,25,15.0,70,90,95.23844306
265,2.973584906,Lalmonirhat,Rabi,20.0,80.0,Laushak,Sep,Oct to Nov,Nov to Feb,788,25,15.0,70,90,151.9284168
122,1.352459016,Madaripur,Rabi,20.0,80.0,Laushak,Sep,Oct to Nov,Nov to Feb,165,25,15.0,70,90,84.62580004
44,3.477272727,Magura,Rabi,20.0,80.0,Laushak,Sep,Oct to Nov,Nov to Feb,153,25,15.0,70,90,42.35906298
71,2.352112676,Manikganj,Rabi,20.0,80.0,Laushak,Sep,Oct to Nov,Nov to Feb,167,25,15.0,70,90,220.4444532
3,5.666666667,Meherpur,Rabi,20.0,80.0,Laushak,Sep,Oct to Nov,Nov to Feb,17,25,15.0,70,90,102.8467287
57,2.228070175,Moulvibazar,Rabi,20.0,80.0,Laushak,Sep,Oct to Nov,Nov to Feb,127,25,15.0,70,90,233.6315633
378,1.031746032,Munshiganj,Rabi,20.0,80.0,Laushak,Sep,Oct to Nov,Nov to Feb,390,25,15.0,70,90,0.0
863,2.701042874,Mymensingh,Rabi,20.0,80.0,Laushak,Sep,Oct to Nov,Nov to Feb,2331,25,15.0,70,90,220.7727574
76,0.75,Naogaon,Rabi,20.0,80.0,Laushak,Sep,Oct to Nov,Nov to Feb,57,25,15.0,70,90,193.6072811
133,3.22556391,Narail,Rabi,20.0,80.0,Laushak,Sep,Oct to Nov,Nov to Feb,429,25,15.0,70,90,215.7766421
590,1.659322034,Narayanganj,Rabi,20.0,80.0,Laushak,Sep,Oct to Nov,Nov to Feb,979,25,15.0,70,90,297.7585869
125,0.84,Narsingdi,Rabi,20.0,80.0,Laushak,Sep,Oct to Nov,Nov to Feb,105,25,15.0,70,90,31.52832304
203,1.177339901,Natore,Rabi,20.0,80.0,Laushak,Sep,Oct to Nov,Nov to Feb,239,25,15.0,70,90,161.7867109
177,1.920903955,Netrokona,Rabi,20.0,80.0,Laushak,Sep,Oct to Nov,Nov to Feb,340,25,15.0,70,90,150.4833511
191,3.382198953,Nilphamari,Rabi,20.0,80.0,Laushak,Sep,Oct to Nov,Nov to Feb,646,25,15.0,70,90,114.6672027
438,1.296803653,Noakhali,Rabi,20.0,80.0,Laushak,Sep,Oct to Nov,Nov to Feb,568,25,15.0,70,90,247.3143118
126,1.03968254,Pabna,Rabi,20.0,80.0,Laushak,Sep,Oct to Nov,Nov to Feb,131,25,15.0,70,90,217.5406235
213,1.694835681,Panchagar,Rabi,20.0,80.0,Laushak,Sep,Oct to Nov,Nov to Feb,361,25,15.0,70,90,159.1335991
142,1.669014085,Patuakhali,Rabi,20.0,80.0,Laushak,Sep,Oct to Nov,Nov to Feb,237,25,15.0,70,90,86.27091363
556,1.039568345,Pirojpur,Rabi,20.0,80.0,Laushak,Sep,Oct to Nov,Nov to Feb,578,25,15.0,70,90,165.9945081
77,1.0,Rajbari,Rabi,20.0,80.0,Laushak,Sep,Oct to Nov,Nov to Feb,77,25,15.0,70,90,174.6401226
119,1.033613445,Rajshahi,Rabi,20.0,80.0,Laushak,Sep,Oct to Nov,Nov to Feb,123,25,15.0,70,90,110.8223774
301,1.295681063,Rangamati,Rabi,20.0,80.0,Laushak,Sep,Oct to Nov,Nov to Feb,390,25,15.0,70,90,164.571494
336,1.577380952,Rangpur,Rabi,20.0,80.0,Laushak,Sep,Oct to Nov,Nov to Feb,530,25,15.0,70,90,127.8468156
32,2.4375,Satkhira,Rabi,20.0,80.0,Laushak,Sep,Oct to Nov,Nov to Feb,78,25,15.0,70,90,130.1328629
192,3.046875,Shariatpur,Rabi,20.0,80.0,Laushak,Sep,Oct to Nov,Nov to Feb,585,25,15.0,70,90,44.83781798
301,2.986710963,Sherpur,Rabi,20.0,80.0,Laushak,Sep,Oct to Nov,Nov to Feb,899,25,15.0,70,90,215.0160869
318,1.927672956,Sirajganj,Rabi,20.0,80.0,Laushak,Sep,Oct to Nov,Nov to Feb,613,25,15.0,70,90,120.7232775
563,1.468916519,Sunamganj,Rabi,20.0,80.0,Laushak,Sep,Oct to Nov,Nov to Feb,827,25,15.0,70,90,182.5086398
132,1.106060606,Sylhet,Rabi,20.0,80.0,Laushak,Sep,Oct to Nov,Nov to Feb,146,25,15.0,70,90,189.3535831
445,1.503370787,Tangail,Rabi,20.0,80.0,Laushak,Sep,Oct to Nov,Nov to Feb,669,25,15.0,70,90,167.5113524
76,1.657894737,Thakurgaon,Rabi,20.0,80.0,Laushak,Sep,Oct to Nov,Nov to Feb,126,25,15.0,70,90,90.71532285
89,4.404494382,Bagerhat,Rabi,17.5,77.5,Lemon,Jan,Jan to Jan,Jan,392,25,10.0,60,95,80.03481447
3726,0.130703167,Bandarban,Rabi,17.5,77.5,Lemon,Jan,Jan to Jan,Jan,487,25,10.0,60,95,260.5176204
1337,0.344053852,Barguna,Rabi,17.5,77.5,Lemon,Jan,Jan to Jan,Jan,460,25,10.0,60,95,236.0170484
1005,1.412935323,Barishal,Rabi,17.5,77.5,Lemon,Jan,Jan to Jan,Jan,1420,25,10.0,60,95,152.4075764
471,0.38641189,Bhola,Rabi,17.5,77.5,Lemon,Jan,Jan to Jan,Jan,182,25,10.0,60,95,133.9135315
108,3.074074074,Bogura,Rabi,17.5,77.5,Lemon,Jan,Jan to Jan,Jan,332,25,10.0,60,95,202.5009031
205,6.936585366,Brahmanbaria,Rabi,17.5,77.5,Lemon,Jan,Jan to Jan,Jan,1422,25,10.0,60,95,90.35888406
44,10.63636364,Chandpur,Rabi,17.5,77.5,Lemon,Jan,Jan to Jan,Jan,468,25,10.0,60,95,151.1149732
307,2.003257329,Chapai Nawabganj,Rabi,17.5,77.5,Lemon,Jan,Jan to Jan,Jan,615,25,10.0,60,95,236.2407179
66350,0.104777694,Chattogram,Rabi,17.5,77.5,Lemon,Jan,Jan to Jan,Jan,6952,25,10.0,60,95,142.4287359
89,1.853932584,Chuadanga,Rabi,17.5,77.5,Lemon,Jan,Jan to Jan,Jan,165,25,10.0,60,95,93.34259595
67500,0.013925926,CoxsBazar,Rabi,17.5,77.5,Lemon,Jan,Jan to Jan,Jan,940,25,10.0,60,95,184.2374048
1642,1.333739342,Cumilla,Rabi,17.5,77.5,Lemon,Jan,Jan to Jan,Jan,2190,25,10.0,60,95,0.0
552,16.65217391,Dhaka,Rabi,17.5,77.5,Lemon,Jan,Jan to Jan,Jan,9192,25,10.0,60,95,200.1339117
348,2.117816092,Dinajpur,Rabi,17.5,77.5,Lemon,Jan,Jan to Jan,Jan,737,25,10.0,60,95,173.7050638
110,2.4,Faridpur,Rabi,17.5,77.5,Lemon,Jan,Jan to Jan,Jan,264,25,10.0,60,95,68.37138801
72,1.986111111,Feni,Rabi,17.5,77.5,Lemon,Jan,Jan to Jan,Jan,143,25,10.0,60,95,122.354527
145,2.317241379,Gaibandha,Rabi,17.5,77.5,Lemon,Jan,Jan to Jan,Jan,336,25,10.0,60,95,203.6752249
213,2.615023474,Gazipur,Rabi,17.5,77.5,Lemon,Jan,Jan to Jan,Jan,557,25,10.0,60,95,224.4001332
1250,0.3704,Gopalganj,Rabi,17.5,77.5,Lemon,Jan,Jan to Jan,Jan,463,25,10.0,60,95,114.8824812
212,3.933962264,Habiganj,Rabi,17.5,77.5,Lemon,Jan,Jan to Jan,Jan,834,25,10.0,60,95,113.706582
425,0.844705882,Jamalpur,Rabi,17.5,77.5,Lemon,Jan,Jan to Jan,Jan,359,25,10.0,60,95,203.7712736
865,1.14566474,Jashore,Rabi,17.5,77.5,Lemon,Jan,Jan to Jan,Jan,991,25,10.0,60,95,106.3576403
1625,0.390769231,Jhallokati,Rabi,17.5,77.5,Lemon,Jan,Jan to Jan,Jan,635,25,10.0,60,95,96.44948048
142,4.718309859,Jhenaidah,Rabi,17.5,77.5,Lemon,Jan,Jan to Jan,Jan,670,25,10.0,60,95,31.19336659
48,3.395833333,Joypurhat,Rabi,17.5,77.5,Lemon,Jan,Jan to Jan,Jan,163,25,10.0,60,95,209.7408779
689,1.269956459,Khagrachari,Rabi,17.5,77.5,Lemon,Jan,Jan to Jan,Jan,875,25,10.0,60,95,152.9186143
291,1.419243986,Khulna,Rabi,17.5,77.5,Lemon,Jan,Jan to Jan,Jan,413,25,10.0,60,95,93.39318207
119,7.176470588,Kishoreganj,Rabi,17.5,77.5,Lemon,Jan,Jan to Jan,Jan,854,25,10.0,60,95,288.0910505
125,1.344,Kurigram,Rabi,17.5,77.5,Lemon,Jan,Jan to Jan,Jan,168,25,10.0,60,95,192.7778103
146,12.04109589,Kushtia,Rabi,17.5,77.5,Lemon,Jan,Jan to Jan,Jan,1758,25,10.0,60,95,55.9752862
560,0.65,Lakshmipur,Rabi,17.5,77.5,Lemon,Jan,Jan to Jan,Jan,364,25,10.0,60,95,84.88741608
130,2.769230769,Lalmonirhat,Rabi,17.5,77.5,Lemon,Jan,Jan to Jan,Jan,360,25,10.0,60,95,19.41832745
28,12.10714286,Madaripur,Rabi,17.5,77.5,Lemon,Jan,Jan to Jan,Jan,339,25,10.0,60,95,169.9279758
257,5.412451362,Magura,Rabi,17.5,77.5,Lemon,Jan,Jan to Jan,Jan,1391,25,10.0,60,95,154.0779963
310,4.561290323,Manikganj,Rabi,17.5,77.5,Lemon,Jan,Jan to Jan,Jan,1414,25,10.0,60,95,149.3315285
157,5.656050955,Meherpur,Rabi,17.5,77.5,Lemon,Jan,Jan to Jan,Jan,888,25,10.0,60,95,255.2568667
1101,8.990009083,Moulvibazar,Rabi,17.5,77.5,Lemon,Jan,Jan to Jan,Jan,9898,25,10.0,60,95,194.0869346
49,2.469387755,Munshiganj,Rabi,17.5,77.5,Lemon,Jan,Jan to Jan,Jan,121,25,10.0,60,95,2.23163555
1292,4.287925697,Mymensingh,Rabi,17.5,77.5,Lemon,Jan,Jan to Jan,Jan,5540,25,10.0,60,95,36.85294099
483,1.556935818,Naogaon,Rabi,17.5,77.5,Lemon,Jan,Jan to Jan,Jan,752,25,10.0,60,95,96.47639278
413,2.200968523,Narail,Rabi,17.5,77.5,Lemon,Jan,Jan to Jan,Jan,909,25,10.0,60,95,242.7850646
309,0.093851133,Narayanganj,Rabi,17.5,77.5,Lemon,Jan,Jan to Jan,Jan,29,25,10.0,60,95,177.2036894
346,7.37283237,Narsingdi,Rabi,17.5,77.5,Lemon,Jan,Jan to Jan,Jan,2551,25,10.0,60,95,186.060614
240,5.383333333,Natore,Rabi,17.5,77.5,Lemon,Jan,Jan to Jan,Jan,1292,25,10.0,60,95,263.5181144
212,9.613207547,Netrokona,Rabi,17.5,77.5,Lemon,Jan,Jan to Jan,Jan,2038,25,10.0,60,95,108.297226
144,2.048611111,Nilphamari,Rabi,17.5,77.5,Lemon,Jan,Jan to Jan,Jan,295,25,10.0,60,95,149.4032535
103,3.640776699,Noakhali,Rabi,17.5,77.5,Lemon,Jan,Jan to Jan,Jan,375,25,10.0,60,95,204.4034106
232,8.775862069,Pabna,Rabi,17.5,77.5,Lemon,Jan,Jan to Jan,Jan,2036,25,10.0,60,95,63.50137066
190,2.368421053,Panchagar,Rabi,17.5,77.5,Lemon,Jan,Jan to Jan,Jan,450,25,10.0,60,95,117.8661744
550,0.563636364,Patuakhali,Rabi,17.5,77.5,Lemon,Jan,Jan to Jan,Jan,310,25,10.0,60,95,54.59583708
365,1.361643836,Pirojpur,Rabi,17.5,77.5,Lemon,Jan,Jan to Jan,Jan,497,25,10.0,60,95,104.9756794
183,7.224043716,Rajbari,Rabi,17.5,77.5,Lemon,Jan,Jan to Jan,Jan,1322,25,10.0,60,95,111.6606425
201,18.83084577,Rajshahi,Rabi,17.5,77.5,Lemon,Jan,Jan to Jan,Jan,3785,25,10.0,60,95,171.6475105
1220,3.380327869,Rangamati,Rabi,17.5,77.5,Lemon,Jan,Jan to Jan,Jan,4124,25,10.0,60,95,262.062004
121,2.975206612,Rangpur,Rabi,17.5,77.5,Lemon,Jan,Jan to Jan,Jan,360,25,10.0,60,95,39.8606201
321,1.211838006,Satkhira,Rabi,17.5,77.5,Lemon,Jan,Jan to Jan,Jan,389,25,10.0,60,95,191.994887
191,2.502617801,Shariatpur,Rabi,17.5,77.5,Lemon,Jan,Jan to Jan,Jan,478,25,10.0,60,95,191.4865448
114,2.666666667,Sherpur,Rabi,17.5,77.5,Lemon,Jan,Jan to Jan,Jan,304,25,10.0,60,95,190.8322096
94,5.127659574,Sirajganj,Rabi,17.5,77.5,Lemon,Jan,Jan to Jan,Jan,482,25,10.0,60,95,159.3174086
147,5.197278912,Sunamganj,Rabi,17.5,77.5,Lemon,Jan,Jan to Jan,Jan,764,25,10.0,60,95,143.671667
235,1.327659574,Sylhet,Rabi,17.5,77.5,Lemon,Jan,Jan to Jan,Jan,312,25,10.0,60,95,106.3213071
452,3.661504425,Tangail,Rabi,17.5,77.5,Lemon,Jan,Jan to Jan,Jan,1655,25,10.0,60,95,233.0582069
1225,0.266122449,Thakurgaon,Rabi,17.5,77.5,Lemon,Jan,Jan to Jan,Jan,326,25,10.0,60,95,183.7416132
1449,0.338854382,Bagerhat,Kharif 2,15.0,90.0,Lentil,Oct,Nov to Feb,Feb to Mar,491,20,10.0,85,95,179.5184224
27,0.37037037,Bandarban,Kharif 2,15.0,90.0,Lentil,Oct,Nov to Feb,Feb to Mar,10,20,10.0,85,95,26.34423494
177,0.367231638,Barguna,Kharif 2,15.0,90.0,Lentil,Oct,Nov to Feb,Feb to Mar,65,20,10.0,85,95,60.79962544
4293,0.434661076,Barishal,Kharif 2,15.0,90.0,Lentil,Oct,Nov to Feb,Feb to Mar,1866,20,10.0,85,95,83.00847246
1584,0.45770202,Bhola,Kharif 2,15.0,90.0,Lentil,Oct,Nov to Feb,Feb to Mar,725,20,10.0,85,95,123.6883974
923,0.423618635,Bogura,Kharif 2,15.0,90.0,Lentil,Oct,Nov to Feb,Feb to Mar,391,20,10.0,85,95,132.8640547
2861,0.303040895,Brahmanbaria,Kharif 2,15.0,90.0,Lentil,Oct,Nov to Feb,Feb to Mar,867,20,10.0,85,95,122.713325
551,0.395644283,Chandpur,Kharif 2,15.0,90.0,Lentil,Oct,Nov to Feb,Feb to Mar,218,20,10.0,85,95,172.6927327
5307,0.302996043,Chapai Nawabganj,Kharif 2,15.0,90.0,Lentil,Oct,Nov to Feb,Feb to Mar,1608,20,10.0,85,95,152.2516651
256,0.23046875,Chattogram,Kharif 2,15.0,90.0,Lentil,Oct,Nov to Feb,Feb to Mar,59,20,10.0,85,95,121.6162919
4477,0.413446504,Chuadanga,Kharif 2,15.0,90.0,Lentil,Oct,Nov to Feb,Feb to Mar,1851,20,10.0,85,95,167.3753915
0,,CoxsBazar,Kharif 2,15.0,90.0,Lentil,Oct,Nov to Feb,Feb to Mar,0,20,10.0,85,95,116.7920857
960,0.267708333,Cumilla,Kharif 2,15.0,90.0,Lentil,Oct,Nov to Feb,Feb to Mar,257,20,10.0,85,95,113.0987784
617,0.440842788,Dhaka,Kharif 2,15.0,90.0,Lentil,Oct,Nov to Feb,Feb to Mar,272,20,10.0,85,95,204.1311779
100,0.38,Dinajpur,Kharif 2,15.0,90.0,Lentil,Oct,Nov to Feb,Feb to Mar,38,20,10.0,85,95,190.1716788
41417,0.691648357,Faridpur,Kharif 2,15.0,90.0,Lentil,Oct,Nov to Feb,Feb to Mar,28646,20,10.0,85,95,24.81839418
1122,0.457219251,Feni,Kharif 2,15.0,90.0,Lentil,Oct,Nov to Feb,Feb to Mar,513,20,10.0,85,95,96.57346788
1296,0.743055556,Gaibandha,Kharif 2,15.0,90.0,Lentil,Oct,Nov to Feb,Feb to Mar,963,20,10.0,85,95,209.9732271
172,0.395348837,Gazipur,Kharif 2,15.0,90.0,Lentil,Oct,Nov to Feb,Feb to Mar,68,20,10.0,85,95,113.546305
9399,0.406319821,Gopalganj,Kharif 2,15.0,90.0,Lentil,Oct,Nov to Feb,Feb to Mar,3819,20,10.0,85,95,254.7388101
40,0.225,Habiganj,Kharif 2,15.0,90.0,Lentil,Oct,Nov to Feb,Feb to Mar,9,20,10.0,85,95,184.4854386
765,0.347712418,Jamalpur,Kharif 2,15.0,90.0,Lentil,Oct,Nov to Feb,Feb to Mar,266,20,10.0,85,95,114.0416926
24551,0.484623844,Jashore,Kharif 2,15.0,90.0,Lentil,Oct,Nov to Feb,Feb to Mar,11898,20,10.0,85,95,275.8645645
683,0.469985359,Jhallokati,Kharif 2,15.0,90.0,Lentil,Oct,Nov to Feb,Feb to Mar,321,20,10.0,85,95,167.8436192
29147,0.565615672,Jhenaidah,Kharif 2,15.0,90.0,Lentil,Oct,Nov to Feb,Feb to Mar,16486,20,10.0,85,95,46.71110771
333,0.48948949,Joypurhat,Kharif 2,15.0,90.0,Lentil,Oct,Nov to Feb,Feb to Mar,163,20,10.0,85,95,178.5522009
67,0.253731343,Khagrachari,Kharif 2,15.0,90.0,Lentil,Oct,Nov to Feb,Feb to Mar,17,20,10.0,85,95,179.5873673
225,0.315555556,Khulna,Kharif 2,15.0,90.0,Lentil,Oct,Nov to Feb,Feb to Mar,71,20,10.0,85,95,180.5066343
260,0.384615385,Kishoreganj,Kharif 2,15.0,90.0,Lentil,Oct,Nov to Feb,Feb to Mar,100,20,10.0,85,95,215.7976509
1411,0.380581148,Kurigram,Kharif 2,15.0,90.0,Lentil,Oct,Nov to Feb,Feb to Mar,537,20,10.0,85,95,178.4998037
21146,0.592641634,Kushtia,Kharif 2,15.0,90.0,Lentil,Oct,Nov to Feb,Feb to Mar,12532,20,10.0,85,95,161.6148261
64,0.28125,Lakshmipur,Kharif 2,15.0,90.0,Lentil,Oct,Nov to Feb,Feb to Mar,18,20,10.0,85,95,103.4202711
104,0.413461539,Lalmonirhat,Kharif 2,15.0,90.0,Lentil,Oct,Nov to Feb,Feb to Mar,43,20,10.0,85,95,49.49162505
11427,0.472564978,Madaripur,Kharif 2,15.0,90.0,Lentil,Oct,Nov to Feb,Feb to Mar,5400,20,10.0,85,95,92.87649338
32570,0.356463003,Magura,Kharif 2,15.0,90.0,Lentil,Oct,Nov to Feb,Feb to Mar,11610,20,10.0,85,95,126.9253694
2235,0.450111857,Manikganj,Kharif 2,15.0,90.0,Lentil,Oct,Nov to Feb,Feb to Mar,1006,20,10.0,85,95,165.7829173
14079,0.52375879,Meherpur,Kharif 2,15.0,90.0,Lentil,Oct,Nov to Feb,Feb to Mar,7374,20,10.0,85,95,164.6781533
70,0.428571429,Moulvibazar,Kharif 2,15.0,90.0,Lentil,Oct,Nov to Feb,Feb to Mar,30,20,10.0,85,95,206.7676182
40,0.35,Munshiganj,Kharif 2,15.0,90.0,Lentil,Oct,Nov to Feb,Feb to Mar,14,20,10.0,85,95,196.1215513
728,0.51510989,Mymensingh,Kharif 2,15.0,90.0,Lentil,Oct,Nov to Feb,Feb to Mar,375,20,10.0,85,95,220.9736966
432,0.5,Naogaon,Kharif 2,15.0,90.0,Lentil,Oct,Nov to Feb,Feb to Mar,216,20,10.0,85,95,97.08013595
13887,0.48779434,Narail,Kharif 2,15.0,90.0,Lentil,Oct,Nov to Feb,Feb to Mar,6774,20,10.0,85,95,207.5290432
247,0.287449393,Narayanganj,Kharif 2,15.0,90.0,Lentil,Oct,Nov to Feb,Feb to Mar,71,20,10.0,85,95,9.718612786
48,0.291666667,Narsingdi,Kharif 2,15.0,90.0,Lentil,Oct,Nov to Feb,Feb to Mar,14,20,10.0,85,95,160.506344
30860,0.598185353,Natore,Kharif 2,15.0,90.0,Lentil,Oct,Nov to Feb,Feb to Mar,18460,20,10.0,85,95,171.8988547
92,0.391304348,Netrokona,Kharif 2,15.0,90.0,Lentil,Oct,Nov to Feb,Feb to Mar,36,20,10.0,85,95,53.96778688
21,0.428571429,Nilphamari,Kharif 2,15.0,90.0,Lentil,Oct,Nov to Feb,Feb to Mar,9,20,10.0,85,95,176.4278993
86,0.348837209,Noakhali,Kharif 2,15.0,90.0,Lentil,Oct,Nov to Feb,Feb to Mar,30,20,10.0,85,95,99.3357216
26691,0.498632498,Pabna,Kharif 2,15.0,90.0,Lentil,Oct,Nov to Feb,Feb to Mar,13309,20,10.0,85,95,198.8068072
179,0.335195531,Panchagar,Kharif 2,15.0,90.0,Lentil,Oct,Nov to Feb,Feb to Mar,60,20,10.0,85,95,199.2494537
602,0.363787375,Patuakhali,Kharif 2,15.0,90.0,Lentil,Oct,Nov to Feb,Feb to Mar,219,20,10.0,85,95,149.496738
77,0.51948052,Pirojpur,Kharif 2,15.0,90.0,Lentil,Oct,Nov to Feb,Feb to Mar,40,20,10.0,85,95,231.2602594
17356,0.517342706,Rajbari,Kharif 2,15.0,90.0,Lentil,Oct,Nov to Feb,Feb to Mar,8979,20,10.0,85,95,193.8494375
36337,0.522690371,Rajshahi,Kharif 2,15.0,90.0,Lentil,Oct,Nov to Feb,Feb to Mar,18993,20,10.0,85,95,148.5320415
72,0.347222222,Rangamati,Kharif 2,15.0,90.0,Lentil,Oct,Nov to Feb,Feb to Mar,25,20,10.0,85,95,115.6043656
215,0.525581395,Rangpur,Kharif 2,15.0,90.0,Lentil,Oct,Nov to Feb,Feb to Mar,113,20,10.0,85,95,102.2446867
766,0.361618799,Satkhira,Kharif 2,15.0,90.0,Lentil,Oct,Nov to Feb,Feb to Mar,277,20,10.0,85,95,162.5017572
5433,0.512424075,Shariatpur,Kharif 2,15.0,90.0,Lentil,Oct,Nov to Feb,Feb to Mar,2784,20,10.0,85,95,120.3554164
133,0.345864662,Sherpur,Kharif 2,15.0,90.0,Lentil,Oct,Nov to Feb,Feb to Mar,46,20,10.0,85,95,100.7292948
7010,0.441797432,Sirajganj,Kharif 2,15.0,90.0,Lentil,Oct,Nov to Feb,Feb to Mar,3097,20,10.0,85,95,140.6186215
0,,Sunamganj,Kharif 2,15.0,90.0,Lentil,Oct,Nov to Feb,Feb to Mar,0,20,10.0,85,95,150.639155
42,0.523809524,Sylhet,Kharif 2,15.0,90.0,Lentil,Oct,Nov to Feb,Feb to Mar,22,20,10.0,85,95,177.0369425
2716,0.275036819,Tangail,Kharif 2,15.0,90.0,Lentil,Oct,Nov to Feb,Feb to Mar,747,20,10.0,85,95,39.6508977
464,0.392241379,Thakurgaon,Kharif 2,15.0,90.0,Lentil,Oct,Nov to Feb,Feb to Mar,182,20,10.0,85,95,122.6302064
0,,Bagerhat,Kharif 1,27.0,72.5,Maize 1,Mar,Apr to May,Jun to Jul,0,34,20.0,60,85,145.4025245
412,0.963592233,Bandarban,Kharif 1,27.0,72.5,Maize 1,Mar,Apr to May,Jun to Jul,397,34,20.0,60,85,194.4158744
0,,Barguna,Kharif 1,27.0,72.5,Maize 1,Mar,Apr to May,Jun to Jul,0,34,20.0,60,85,69.78795082
0,,Barishal,Kharif 1,27.0,72.5,Maize 1,Mar,Apr to May,Jun to Jul,0,34,20.0,60,85,166.7057591
0,,Bhola,Kharif 1,27.0,72.5,Maize 1,Mar,Apr to May,Jun to Jul,0,34,20.0,60,85,112.8447857
1142,2.758318739,Bogura,Kharif 1,27.0,72.5,Maize 1,Mar,Apr to May,Jun to Jul,3150,34,20.0,60,85,272.837081
33,2.0,Brahmanbaria,Kharif 1,27.0,72.5,Maize 1,Mar,Apr to May,Jun to Jul,66,34,20.0,60,85,78.08151585
1778,2.233970754,Chandpur,Kharif 1,27.0,72.5,Maize 1,Mar,Apr to May,Jun to Jul,3972,34,20.0,60,85,172.4111758
2259,1.813634351,Chapai Nawabganj,Kharif 1,27.0,72.5,Maize 1,Mar,Apr to May,Jun to Jul,4097,34,20.0,60,85,171.698682
0,,Chattogram,Kharif 1,27.0,72.5,Maize 1,Mar,Apr to May,Jun to Jul,0,34,20.0,60,85,116.1807408
49,2.0,Chuadanga,Kharif 1,27.0,72.5,Maize 1,Mar,Apr to May,Jun to Jul,98,34,20.0,60,85,146.5394074
0,,CoxsBazar,Kharif 1,27.0,72.5,Maize 1,Mar,Apr to May,Jun to Jul,0,34,20.0,60,85,48.54760052
0,,Cumilla,Kharif 1,27.0,72.5,Maize 1,Mar,Apr to May,Jun to Jul,0,34,20.0,60,85,242.3012486
6108,2.610019646,Dhaka,Kharif 1,27.0,72.5,Maize 1,Mar,Apr to May,Jun to Jul,15942,34,20.0,60,85,138.7951981
13541,2.951480688,Dinajpur,Kharif 1,27.0,72.5,Maize 1,Mar,Apr to May,Jun to Jul,39966,34,20.0,60,85,183.4386428
753,2.298804781,Faridpur,Kharif 1,27.0,72.5,Maize 1,Mar,Apr to May,Jun to Jul,1731,34,20.0,60,85,136.2058214
166,2.903614458,Feni,Kharif 1,27.0,72.5,Maize 1,Mar,Apr to May,Jun to Jul,482,34,20.0,60,85,134.2350041
1246,3.283306581,Gaibandha,Kharif 1,27.0,72.5,Maize 1,Mar,Apr to May,Jun to Jul,4091,34,20.0,60,85,212.3344486
340,2.294117647,Gazipur,Kharif 1,27.0,72.5,Maize 1,Mar,Apr to May,Jun to Jul,780,34,20.0,60,85,203.3326195
27,2.814814815,Gopalganj,Kharif 1,27.0,72.5,Maize 1,Mar,Apr to May,Jun to Jul,76,34,20.0,60,85,183.080859
0,,Habiganj,Kharif 1,27.0,72.5,Maize 1,Mar,Apr to May,Jun to Jul,0,34,20.0,60,85,199.9669889
12,3.0,Jamalpur,Kharif 1,27.0,72.5,Maize 1,Mar,Apr to May,Jun to Jul,36,34,20.0,60,85,90.74872538
76,3.723684211,Jashore,Kharif 1,27.0,72.5,Maize 1,Mar,Apr to May,Jun to Jul,283,34,20.0,60,85,175.7952952
0,,Jhallokati,Kharif 1,27.0,72.5,Maize 1,Mar,Apr to May,Jun to Jul,0,34,20.0,60,85,154.535071
212,2.900943396,Jhenaidah,Kharif 1,27.0,72.5,Maize 1,Mar,Apr to May,Jun to Jul,615,34,20.0,60,85,157.9822321
0,,Joypurhat,Kharif 1,27.0,72.5,Maize 1,Mar,Apr to May,Jun to Jul,0,34,20.0,60,85,152.1307477
411,1.104622871,Khagrachari,Kharif 1,27.0,72.5,Maize 1,Mar,Apr to May,Jun to Jul,454,34,20.0,60,85,94.40309512
10,1.9,Khulna,Kharif 1,27.0,72.5,Maize 1,Mar,Apr to May,Jun to Jul,19,34,20.0,60,85,173.0623534
0,,Kishoreganj,Kharif 1,27.0,72.5,Maize 1,Mar,Apr to May,Jun to Jul,0,34,20.0,60,85,180.8686094
6575,3.255057034,Kurigram,Kharif 1,27.0,72.5,Maize 1,Mar,Apr to May,Jun to Jul,21402,34,20.0,60,85,107.8132799
1088,2.609375,Kushtia,Kharif 1,27.0,72.5,Maize 1,Mar,Apr to May,Jun to Jul,2839,34,20.0,60,85,117.3173159
0,,Lakshmipur,Kharif 1,27.0,72.5,Maize 1,Mar,Apr to May,Jun to Jul,0,34,20.0,60,85,219.1776721
17465,2.934726596,Lalmonirhat,Kharif 1,27.0,72.5,Maize 1,Mar,Apr to May,Jun to Jul,51255,34,20.0,60,85,174.1061092
0,,Madaripur,Kharif 1,27.0,72.5,Maize 1,Mar,Apr to May,Jun to Jul,0,34,20.0,60,85,151.7451662
0,,Magura,Kharif 1,27.0,72.5,Maize 1,Mar,Apr to May,Jun to Jul,0,34,20.0,60,85,230.3162465
13736,2.142617938,Manikganj,Kharif 1,27.0,72.5,Maize 1,Mar,Apr to May,Jun to Jul,29431,34,20.0,60,85,62.2136881
0,,Meherpur,Kharif 1,27.0,72.5,Maize 1,Mar,Apr to May,Jun to Jul,0,34,20.0,60,85,83.60205318
0,,Moulvibazar,Kharif 1,27.0,72.5,Maize 1,Mar,Apr to May,Jun to Jul,0,34,20.0,60,85,74.96694632
10584,2.193783069,Munshiganj,Kharif 1,27.0,72.5,Maize 1,Mar,Apr to May,Jun to Jul,23219,34,20.0,60,85,151.3765903
0,,Mymensingh,Kharif 1,27.0,72.5,Maize 1,Mar,Apr to May,Jun to Jul,0,34,20.0,60,85,187.8773315
2419,2.442744936,Naogaon,Kharif 1,27.0,72.5,Maize 1,Mar,Apr to May,Jun to Jul,5909,34,20.0,60,85,174.4276157
0,,Narail,Kharif 1,27.0,72.5,Maize 1,Mar,Apr to May,Jun to Jul,0,34,20.0,60,85,182.8073682
0,,Narayanganj,Kharif 1,27.0,72.5,Maize 1,Mar,Apr to May,Jun to Jul,0,34,20.0,60,85,39.6156258
0,,Narsingdi,Kharif 1,27.0,72.5,Maize 1,Mar,Apr to May,Jun to Jul,0,34,20.0,60,85,42.31970776
21198,2.466411926,Natore,Kharif 1,27.0,72.5,Maize 1,Mar,Apr to May,Jun to Jul,52283,34,20.0,60,85,138.4972154
0,,Netrokona,Kharif 1,27.0,72.5,Maize 1,Mar,Apr to May,Jun to Jul,0,34,20.0,60,85,179.4434869
3210,3.483800623,Nilphamari,Kharif 1,27.0,72.5,Maize 1,Mar,Apr to May,Jun to Jul,11183,34,20.0,60,85,0.0
0,,Noakhali,Kharif 1,27.0,72.5,Maize 1,Mar,Apr to May,Jun to Jul,0,34,20.0,60,85,150.1702475
90,2.744444444,Pabna,Kharif 1,27.0,72.5,Maize 1,Mar,Apr to May,Jun to Jul,247,34,20.0,60,85,82.14691374
2498,3.470376301,Panchagar,Kharif 1,27.0,72.5,Maize 1,Mar,Apr to May,Jun to Jul,8669,34,20.0,60,85,155.9586968
0,,Patuakhali,Kharif 1,27.0,72.5,Maize 1,Mar,Apr to May,Jun to Jul,0,34,20.0,60,85,94.38994538
0,,Pirojpur,Kharif 1,27.0,72.5,Maize 1,Mar,Apr to May,Jun to Jul,0,34,20.0,60,85,102.9311708
34,2.352941176,Rajbari,Kharif 1,27.0,72.5,Maize 1,Mar,Apr to May,Jun to Jul,80,34,20.0,60,85,130.143615
22695,2.658735404,Rajshahi,Kharif 1,27.0,72.5,Maize 1,Mar,Apr to May,Jun to Jul,60340,34,20.0,60,85,251.6763122
500,1.336,Rangamati,Kharif 1,27.0,72.5,Maize 1,Mar,Apr to May,Jun to Jul,668,34,20.0,60,85,59.85303686
23269,3.127422751,Rangpur,Kharif 1,27.0,72.5,Maize 1,Mar,Apr to May,Jun to Jul,72772,34,20.0,60,85,161.819163
10,3.2,Satkhira,Kharif 1,27.0,72.5,Maize 1,Mar,Apr to May,Jun to Jul,32,34,20.0,60,85,270.6256659
0,,Shariatpur,Kharif 1,27.0,72.5,Maize 1,Mar,Apr to May,Jun to Jul,0,34,20.0,60,85,46.18088445
136,3.514705882,Sherpur,Kharif 1,27.0,72.5,Maize 1,Mar,Apr to May,Jun to Jul,478,34,20.0,60,85,175.2767937
305,2.249180328,Sirajganj,Kharif 1,27.0,72.5,Maize 1,Mar,Apr to May,Jun to Jul,686,34,20.0,60,85,138.2186828
0,,Sunamganj,Kharif 1,27.0,72.5,Maize 1,Mar,Apr to May,Jun to Jul,0,34,20.0,60,85,165.1832994
0,,Sylhet,Kharif 1,27.0,72.5,Maize 1,Mar,Apr to May,Jun to Jul,0,34,20.0,60,85,90.43746675
0,,Tangail,Kharif 1,27.0,72.5,Maize 1,Mar,Apr to May,Jun to Jul,0,34,20.0,60,85,82.63124398
52049,2.593844262,Thakurgaon,Kharif 1,27.0,72.5,Maize 1,Mar,Apr to May,Jun to Jul,135007,34,20.0,60,85,147.5653842
421,2.247030879,Bagerhat,Rabi,20.5,60.0,Maize 2,Dec,Jan to Mar,Apr,946,27,14.0,50,70,143.1975489
373,1.461126005,Bandarban,Rabi,20.5,60.0,Maize 2,Dec,Jan to Mar,Apr,545,27,14.0,50,70,108.9296868
126,1.436507937,Barguna,Rabi,20.5,60.0,Maize 2,Dec,Jan to Mar,Apr,181,27,14.0,50,70,113.3118223
660,2.0,Barishal,Rabi,20.5,60.0,Maize 2,Dec,Jan to Mar,Apr,1320,27,14.0,50,70,150.9492681
1954,2.688843398,Bhola,Rabi,20.5,60.0,Maize 2,Dec,Jan to Mar,Apr,5254,27,14.0,50,70,192.3806474
17441,3.050283814,Bogura,Rabi,20.5,60.0,Maize 2,Dec,Jan to Mar,Apr,53200,27,14.0,50,70,53.81320942
233,1.454935622,Brahmanbaria,Rabi,20.5,60.0,Maize 2,Dec,Jan to Mar,Apr,339,27,14.0,50,70,91.45558876
11951,2.890051042,Chandpur,Rabi,20.5,60.0,Maize 2,Dec,Jan to Mar,Apr,34539,27,14.0,50,70,85.59286597
14687,2.858786682,Chapai Nawabganj,Rabi,20.5,60.0,Maize 2,Dec,Jan to Mar,Apr,41987,27,14.0,50,70,133.6151075
66,2.590909091,Chattogram,Rabi,20.5,60.0,Maize 2,Dec,Jan to Mar,Apr,171,27,14.0,50,70,119.3330665
117887,4.386955305,Chuadanga,Rabi,20.5,60.0,Maize 2,Dec,Jan to Mar,Apr,517165,27,14.0,50,70,264.7462006
200,2.12,CoxsBazar,Rabi,20.5,60.0,Maize 2,Dec,Jan to Mar,Apr,424,27,14.0,50,70,256.345851
23305,2.450761639,Cumilla,Rabi,20.5,60.0,Maize 2,Dec,Jan to Mar,Apr,57115,27,14.0,50,70,96.19363536
10394,2.740908216,Dhaka,Rabi,20.5,60.0,Maize 2,Dec,Jan to Mar,Apr,28489,27,14.0,50,70,104.0121439
152992,3.562369274,Dinajpur,Rabi,20.5,60.0,Maize 2,Dec,Jan to Mar,Apr,545014,27,14.0,50,70,154.856712
797,2.213299875,Faridpur,Rabi,20.5,60.0,Maize 2,Dec,Jan to Mar,Apr,1764,27,14.0,50,70,209.0534914
184,2.902173913,Feni,Rabi,20.5,60.0,Maize 2,Dec,Jan to Mar,Apr,534,27,14.0,50,70,177.1439497
32955,3.212380519,Gaibandha,Rabi,20.5,60.0,Maize 2,Dec,Jan to Mar,Apr,105864,27,14.0,50,70,200.7020059
6,1.666666667,Gazipur,Rabi,20.5,60.0,Maize 2,Dec,Jan to Mar,Apr,10,27,14.0,50,70,16.34533421
88,2.863636364,Gopalganj,Rabi,20.5,60.0,Maize 2,Dec,Jan to Mar,Apr,252,27,14.0,50,70,227.0087827
27,1.444444444,Habiganj,Rabi,20.5,60.0,Maize 2,Dec,Jan to Mar,Apr,39,27,14.0,50,70,184.6405661
27683,4.108008525,Jamalpur,Rabi,20.5,60.0,Maize 2,Dec,Jan to Mar,Apr,113722,27,14.0,50,70,115.7649291
1394,3.233142037,Jashore,Rabi,20.5,60.0,Maize 2,Dec,Jan to Mar,Apr,4507,27,14.0,50,70,77.21277431
1095,2.19543379,Jhallokati,Rabi,20.5,60.0,Maize 2,Dec,Jan to Mar,Apr,2404,27,14.0,50,70,170.3268997
43029,3.984405866,Jhenaidah,Rabi,20.5,60.0,Maize 2,Dec,Jan to Mar,Apr,171445,27,14.0,50,70,82.35382365
817,3.461444308,Joypurhat,Rabi,20.5,60.0,Maize 2,Dec,Jan to Mar,Apr,2828,27,14.0,50,70,138.01139
1062,2.04519774,Khagrachari,Rabi,20.5,60.0,Maize 2,Dec,Jan to Mar,Apr,2172,27,14.0,50,70,137.4286508
203,2.871921182,Khulna,Rabi,20.5,60.0,Maize 2,Dec,Jan to Mar,Apr,583,27,14.0,50,70,356.371996
13926,3.099310642,Kishoreganj,Rabi,20.5,60.0,Maize 2,Dec,Jan to Mar,Apr,43161,27,14.0,50,70,162.5087028
16200,3.302962963,Kurigram,Rabi,20.5,60.0,Maize 2,Dec,Jan to Mar,Apr,53508,27,14.0,50,70,234.511751
23472,4.03889741,Kushtia,Rabi,20.5,60.0,Maize 2,Dec,Jan to Mar,Apr,94801,27,14.0,50,70,213.8573312
0,,Lakshmipur,Rabi,20.5,60.0,Maize 2,Dec,Jan to Mar,Apr,0,27,14.0,50,70,203.724206
71196,3.621818641,Lalmonirhat,Rabi,20.5,60.0,Maize 2,Dec,Jan to Mar,Apr,257859,27,14.0,50,70,4.145543439
568,3.790492958,Madaripur,Rabi,20.5,60.0,Maize 2,Dec,Jan to Mar,Apr,2153,27,14.0,50,70,216.9414604
155,3.303225806,Magura,Rabi,20.5,60.0,Maize 2,Dec,Jan to Mar,Apr,512,27,14.0,50,70,186.4920748
39569,3.337107331,Manikganj,Rabi,20.5,60.0,Maize 2,Dec,Jan to Mar,Apr,132046,27,14.0,50,70,140.1262713
28300,4.413992933,Meherpur,Rabi,20.5,60.0,Maize 2,Dec,Jan to Mar,Apr,124916,27,14.0,50,70,100.1604197
2,3.5,Moulvibazar,Rabi,20.5,60.0,Maize 2,Dec,Jan to Mar,Apr,7,27,14.0,50,70,240.612258
721,2.67961165,Munshiganj,Rabi,20.5,60.0,Maize 2,Dec,Jan to Mar,Apr,1932,27,14.0,50,70,62.97345523
290,3.5,Mymensingh,Rabi,20.5,60.0,Maize 2,Dec,Jan to Mar,Apr,1015,27,14.0,50,70,167.541699
14819,3.748093664,Naogaon,Rabi,20.5,60.0,Maize 2,Dec,Jan to Mar,Apr,55543,27,14.0,50,70,195.1126291
301,3.524916944,Narail,Rabi,20.5,60.0,Maize 2,Dec,Jan to Mar,Apr,1061,27,14.0,50,70,145.2313579
65,3.215384615,Narayanganj,Rabi,20.5,60.0,Maize 2,Dec,Jan to Mar,Apr,209,27,14.0,50,70,29.51522008
39,2.58974359,Narsingdi,Rabi,20.5,60.0,Maize 2,Dec,Jan to Mar,Apr,101,27,14.0,50,70,81.53896074
11500,3.425478261,Natore,Rabi,20.5,60.0,Maize 2,Dec,Jan to Mar,Apr,39393,27,14.0,50,70,85.41370599
0,,Netrokona,Rabi,20.5,60.0,Maize 2,Dec,Jan to Mar,Apr,0,27,14.0,50,70,36.71130108
56777,4.236310478,Nilphamari,Rabi,20.5,60.0,Maize 2,Dec,Jan to Mar,Apr,240525,27,14.0,50,70,187.5182694
256,3.1171875,Noakhali,Rabi,20.5,60.0,Maize 2,Dec,Jan to Mar,Apr,798,27,14.0,50,70,234.9702295
1710,2.819883041,Pabna,Rabi,20.5,60.0,Maize 2,Dec,Jan to Mar,Apr,4822,27,14.0,50,70,83.42200197
64720,4.201297899,Panchagar,Rabi,20.5,60.0,Maize 2,Dec,Jan to Mar,Apr,271908,27,14.0,50,70,144.9786962
112,1.491071429,Patuakhali,Rabi,20.5,60.0,Maize 2,Dec,Jan to Mar,Apr,167,27,14.0,50,70,117.9137635
533,1.866791745,Pirojpur,Rabi,20.5,60.0,Maize 2,Dec,Jan to Mar,Apr,995,27,14.0,50,70,61.92832528
695,2.998561151,Rajbari,Rabi,20.5,60.0,Maize 2,Dec,Jan to Mar,Apr,2084,27,14.0,50,70,112.3062799
17226,3.345698363,Rajshahi,Rabi,20.5,60.0,Maize 2,Dec,Jan to Mar,Apr,57633,27,14.0,50,70,236.4562427
554,2.124548736,Rangamati,Rabi,20.5,60.0,Maize 2,Dec,Jan to Mar,Apr,1177,27,14.0,50,70,101.6506065
44132,3.241616061,Rangpur,Rabi,20.5,60.0,Maize 2,Dec,Jan to Mar,Apr,143059,27,14.0,50,70,209.6682434
146,2.828767123,Satkhira,Rabi,20.5,60.0,Maize 2,Dec,Jan to Mar,Apr,413,27,14.0,50,70,104.286317
32,3.09375,Shariatpur,Rabi,20.5,60.0,Maize 2,Dec,Jan to Mar,Apr,99,27,14.0,50,70,49.06739567
1922,2.475026015,Sherpur,Rabi,20.5,60.0,Maize 2,Dec,Jan to Mar,Apr,4757,27,14.0,50,70,80.68660422
30236,3.451316312,Sirajganj,Rabi,20.5,60.0,Maize 2,Dec,Jan to Mar,Apr,104354,27,14.0,50,70,81.47519314
15,2.066666667,Sunamganj,Rabi,20.5,60.0,Maize 2,Dec,Jan to Mar,Apr,31,27,14.0,50,70,285.9005786
29,1.827586207,Sylhet,Rabi,20.5,60.0,Maize 2,Dec,Jan to Mar,Apr,53,27,14.0,50,70,141.5814123
7685,2.931554977,Tangail,Rabi,20.5,60.0,Maize 2,Dec,Jan to Mar,Apr,22529,27,14.0,50,70,204.1477212
69266,2.991727543,Thakurgaon,Rabi,20.5,60.0,Maize 2,Dec,Jan to Mar,Apr,207225,27,14.0,50,70,267.5922233
0,,Bagerhat,Kharif 1,27.5,85.0,Malta,Jun,Jun to Aug,Aug to Sep,0,35,20.0,80,90,79.34924131
1022,0.323874755,Bandarban,Kharif 1,27.5,85.0,Malta,Jun,Jun to Aug,Aug to Sep,331,35,20.0,80,90,154.4188549
0,,Barguna,Kharif 1,27.5,85.0,Malta,Jun,Jun to Aug,Aug to Sep,0,35,20.0,80,90,172.6607192
190,0.421052632,Barishal,Kharif 1,27.5,85.0,Malta,Jun,Jun to Aug,Aug to Sep,80,35,20.0,80,90,196.8800599
0,,Bhola,Kharif 1,27.5,85.0,Malta,Jun,Jun to Aug,Aug to Sep,0,35,20.0,80,90,112.0832495
1,1.0,Bogura,Kharif 1,27.5,85.0,Malta,Jun,Jun to Aug,Aug to Sep,1,35,20.0,80,90,223.8660154
127,2.031496063,Brahmanbaria,Kharif 1,27.5,85.0,Malta,Jun,Jun to Aug,Aug to Sep,258,35,20.0,80,90,174.2828128
0,,Chandpur,Kharif 1,27.5,85.0,Malta,Jun,Jun to Aug,Aug to Sep,0,35,20.0,80,90,106.4347832
46,0.630434783,Chapai Nawabganj,Kharif 1,27.5,85.0,Malta,Jun,Jun to Aug,Aug to Sep,29,35,20.0,80,90,89.44244595
0,,Chattogram,Kharif 1,27.5,85.0,Malta,Jun,Jun to Aug,Aug to Sep,0,35,20.0,80,90,159.0503253
17,5.058823529,Chuadanga,Kharif 1,27.5,85.0,Malta,Jun,Jun to Aug,Aug to Sep,86,35,20.0,80,90,85.26338207
0,,CoxsBazar,Kharif 1,27.5,85.0,Malta,Jun,Jun to Aug,Aug to Sep,0,35,20.0,80,90,263.3292698
0,,Cumilla,Kharif 1,27.5,85.0,Malta,Jun,Jun to Aug,Aug to Sep,0,35,20.0,80,90,26.51410593
0,,Dhaka,Kharif 1,27.5,85.0,Malta,Jun,Jun to Aug,Aug to Sep,0,35,20.0,80,90,301.8792806
107,2.644859813,Dinajpur,Kharif 1,27.5,85.0,Malta,Jun,Jun to Aug,Aug to Sep,283,35,20.0,80,90,50.10105115
0,,Faridpur,Kharif 1,27.5,85.0,Malta,Jun,Jun to Aug,Aug to Sep,0,35,20.0,80,90,171.0526463
0,,Feni,Kharif 1,27.5,85.0,Malta,Jun,Jun to Aug,Aug to Sep,0,35,20.0,80,90,224.2172083
0,,Gaibandha,Kharif 1,27.5,85.0,Malta,Jun,Jun to Aug,Aug to Sep,0,35,20.0,80,90,162.3854356
72,1.402777778,Gazipur,Kharif 1,27.5,85.0,Malta,Jun,Jun to Aug,Aug to Sep,101,35,20.0,80,90,151.9457269
0,,Gopalganj,Kharif 1,27.5,85.0,Malta,Jun,Jun to Aug,Aug to Sep,0,35,20.0,80,90,227.8821906
0,,Habiganj,Kharif 1,27.5,85.0,Malta,Jun,Jun to Aug,Aug to Sep,0,35,20.0,80,90,82.13040119
0,,Jamalpur,Kharif 1,27.5,85.0,Malta,Jun,Jun to Aug,Aug to Sep,0,35,20.0,80,90,194.4384872
81,3.728395062,Jashore,Kharif 1,27.5,85.0,Malta,Jun,Jun to Aug,Aug to Sep,302,35,20.0,80,90,177.5045273
55,3.363636364,Jhallokati,Kharif 1,27.5,85.0,Malta,Jun,Jun to Aug,Aug to Sep,185,35,20.0,80,90,180.939607
60,1.233333333,Jhenaidah,Kharif 1,27.5,85.0,Malta,Jun,Jun to Aug,Aug to Sep,74,35,20.0,80,90,92.237839
0,,Joypurhat,Kharif 1,27.5,85.0,Malta,Jun,Jun to Aug,Aug to Sep,0,35,20.0,80,90,236.5403674
5561,0.047833124,Khagrachari,Kharif 1,27.5,85.0,Malta,Jun,Jun to Aug,Aug to Sep,266,35,20.0,80,90,138.2034795
0,,Khulna,Kharif 1,27.5,85.0,Malta,Jun,Jun to Aug,Aug to Sep,0,35,20.0,80,90,15.19479963
4,6.0,Kishoreganj,Kharif 1,27.5,85.0,Malta,Jun,Jun to Aug,Aug to Sep,24,35,20.0,80,90,242.9338338
2,1.0,Kurigram,Kharif 1,27.5,85.0,Malta,Jun,Jun to Aug,Aug to Sep,2,35,20.0,80,90,162.2902737
0,,Kushtia,Kharif 1,27.5,85.0,Malta,Jun,Jun to Aug,Aug to Sep,0,35,20.0,80,90,22.35132061
0,,Lakshmipur,Kharif 1,27.5,85.0,Malta,Jun,Jun to Aug,Aug to Sep,0,35,20.0,80,90,102.0193462
96,0.604166667,Lalmonirhat,Kharif 1,27.5,85.0,Malta,Jun,Jun to Aug,Aug to Sep,58,35,20.0,80,90,174.3282992
0,,Madaripur,Kharif 1,27.5,85.0,Malta,Jun,Jun to Aug,Aug to Sep,0,35,20.0,80,90,93.86591041
4772,0.32334451,Magura,Kharif 1,27.5,85.0,Malta,Jun,Jun to Aug,Aug to Sep,1543,35,20.0,80,90,213.3309986
0,,Manikganj,Kharif 1,27.5,85.0,Malta,Jun,Jun to Aug,Aug to Sep,0,35,20.0,80,90,256.6358903
24,1.875,Meherpur,Kharif 1,27.5,85.0,Malta,Jun,Jun to Aug,Aug to Sep,45,35,20.0,80,90,214.6851085
0,,Moulvibazar,Kharif 1,27.5,85.0,Malta,Jun,Jun to Aug,Aug to Sep,0,35,20.0,80,90,129.1060591
0,,Munshiganj,Kharif 1,27.5,85.0,Malta,Jun,Jun to Aug,Aug to Sep,0,35,20.0,80,90,0.0
0,,Mymensingh,Kharif 1,27.5,85.0,Malta,Jun,Jun to Aug,Aug to Sep,0,35,20.0,80,90,116.6288537
34,6.558823529,Naogaon,Kharif 1,27.5,85.0,Malta,Jun,Jun to Aug,Aug to Sep,223,35,20.0,80,90,162.9336235
4,1.25,Narail,Kharif 1,27.5,85.0,Malta,Jun,Jun to Aug,Aug to Sep,5,35,20.0,80,90,169.8864475
0,,Narayanganj,Kharif 1,27.5,85.0,Malta,Jun,Jun to Aug,Aug to Sep,0,35,20.0,80,90,142.5160681
55,0.945454546,Narsingdi,Kharif 1,27.5,85.0,Malta,Jun,Jun to Aug,Aug to Sep,52,35,20.0,80,90,182.0850418
30,3.566666667,Natore,Kharif 1,27.5,85.0,Malta,Jun,Jun to Aug,Aug to Sep,107,35,20.0,80,90,105.3406907
0,,Netrokona,Kharif 1,27.5,85.0,Malta,Jun,Jun to Aug,Aug to Sep,0,35,20.0,80,90,71.67780677
24,1.5,Nilphamari,Kharif 1,27.5,85.0,Malta,Jun,Jun to Aug,Aug to Sep,36,35,20.0,80,90,198.2911724
0,,Noakhali,Kharif 1,27.5,85.0,Malta,Jun,Jun to Aug,Aug to Sep,0,35,20.0,80,90,195.82712
5,1.8,Pabna,Kharif 1,27.5,85.0,Malta,Jun,Jun to Aug,Aug to Sep,9,35,20.0,80,90,162.7545678
30,2.7,Panchagar,Kharif 1,27.5,85.0,Malta,Jun,Jun to Aug,Aug to Sep,81,35,20.0,80,90,221.546218
0,,Patuakhali,Kharif 1,27.5,85.0,Malta,Jun,Jun to Aug,Aug to Sep,0,35,20.0,80,90,94.74390515
87,2.390804598,Pirojpur,Kharif 1,27.5,85.0,Malta,Jun,Jun to Aug,Aug to Sep,208,35,20.0,80,90,12.93459524
0,,Rajbari,Kharif 1,27.5,85.0,Malta,Jun,Jun to Aug,Aug to Sep,0,35,20.0,80,90,75.57759421
322,2.102484472,Rajshahi,Kharif 1,27.5,85.0,Malta,Jun,Jun to Aug,Aug to Sep,677,35,20.0,80,90,100.4461657
90,4.533333333,Rangamati,Kharif 1,27.5,85.0,Malta,Jun,Jun to Aug,Aug to Sep,408,35,20.0,80,90,201.1010678
38,3.289473684,Rangpur,Kharif 1,27.5,85.0,Malta,Jun,Jun to Aug,Aug to Sep,125,35,20.0,80,90,223.4755459
0,,Satkhira,Kharif 1,27.5,85.0,Malta,Jun,Jun to Aug,Aug to Sep,0,35,20.0,80,90,175.8374503
7,11.71428571,Shariatpur,Kharif 1,27.5,85.0,Malta,Jun,Jun to Aug,Aug to Sep,82,35,20.0,80,90,164.1275016
25,5.44,Sherpur,Kharif 1,27.5,85.0,Malta,Jun,Jun to Aug,Aug to Sep,136,35,20.0,80,90,200.0938645
2,6.0,Sirajganj,Kharif 1,27.5,85.0,Malta,Jun,Jun to Aug,Aug to Sep,12,35,20.0,80,90,138.3437876
0,,Sunamganj,Kharif 1,27.5,85.0,Malta,Jun,Jun to Aug,Aug to Sep,0,35,20.0,80,90,126.4879792
1,21.0,Sylhet,Kharif 1,27.5,85.0,Malta,Jun,Jun to Aug,Aug to Sep,21,35,20.0,80,90,25.16882293
225,2.026666667,Tangail,Kharif 1,27.5,85.0,Malta,Jun,Jun to Aug,Aug to Sep,456,35,20.0,80,90,182.8250267
40,4.875,Thakurgaon,Kharif 1,27.5,85.0,Malta,Jun,Jun to Aug,Aug to Sep,195,35,20.0,80,90,128.9823909
383,4.994778068,Bagerhat,Kharif 1,31.5,70.0,Mango,Apr,No need to do,Apr to Jun,1913,36,27.0,50,90,231.1458182
2839,1.316308559,Bandarban,Kharif 1,31.5,70.0,Mango,Apr,No need to do,Apr to Jun,3737,36,27.0,50,90,192.2792049
2348,3.066439523,Barguna,Kharif 1,31.5,70.0,Mango,Apr,No need to do,Apr to Jun,7200,36,27.0,50,90,118.2487934
27465,0.389768797,Barishal,Kharif 1,31.5,70.0,Mango,Apr,No need to do,Apr to Jun,10705,36,27.0,50,90,251.5721161
715,2.116083916,Bhola,Kharif 1,31.5,70.0,Mango,Apr,No need to do,Apr to Jun,1513,36,27.0,50,90,123.0224466
3148,7.126429479,Bogura,Kharif 1,31.5,70.0,Mango,Apr,No need to do,Apr to Jun,22434,36,27.0,50,90,231.9593612
2856,3.445028011,Brahmanbaria,Kharif 1,31.5,70.0,Mango,Apr,No need to do,Apr to Jun,9839,36,27.0,50,90,247.8887417
1054,9.240037951,Chandpur,Kharif 1,31.5,70.0,Mango,Apr,No need to do,Apr to Jun,9739,36,27.0,50,90,181.3513869
63886,2.087906584,Chapai Nawabganj,Kharif 1,31.5,70.0,Mango,Apr,No need to do,Apr to Jun,133388,36,27.0,50,90,166.903634
2583,7.667053813,Chattogram,Kharif 1,31.5,70.0,Mango,Apr,No need to do,Apr to Jun,19804,36,27.0,50,90,91.4152667
914,6.927789934,Chuadanga,Kharif 1,31.5,70.0,Mango,Apr,No need to do,Apr to Jun,6332,36,27.0,50,90,144.7677867
1192,8.095637584,CoxsBazar,Kharif 1,31.5,70.0,Mango,Apr,No need to do,Apr to Jun,9650,36,27.0,50,90,95.40035302
5878,3.832766247,Cumilla,Kharif 1,31.5,70.0,Mango,Apr,No need to do,Apr to Jun,22529,36,27.0,50,90,133.2522388
533,10.64915572,Dhaka,Kharif 1,31.5,70.0,Mango,Apr,No need to do,Apr to Jun,5676,36,27.0,50,90,76.03815257
1534,27.2464146,Dinajpur,Kharif 1,31.5,70.0,Mango,Apr,No need to do,Apr to Jun,41796,36,27.0,50,90,182.3337344
1339,6.035847647,Faridpur,Kharif 1,31.5,70.0,Mango,Apr,No need to do,Apr to Jun,8082,36,27.0,50,90,216.5505477
1569,2.333970682,Feni,Kharif 1,31.5,70.0,Mango,Apr,No need to do,Apr to Jun,3662,36,27.0,50,90,307.7376496
1818,7.425192519,Gaibandha,Kharif 1,31.5,70.0,Mango,Apr,No need to do,Apr to Jun,13499,36,27.0,50,90,206.1716466
1796,4.920378619,Gazipur,Kharif 1,31.5,70.0,Mango,Apr,No need to do,Apr to Jun,8837,36,27.0,50,90,105.6003048
1044,3.66954023,Gopalganj,Kharif 1,31.5,70.0,Mango,Apr,No need to do,Apr to Jun,3831,36,27.0,50,90,54.55892999
17256,2.091620306,Habiganj,Kharif 1,31.5,70.0,Mango,Apr,No need to do,Apr to Jun,36093,36,27.0,50,90,162.0682922
2664,4.801801802,Jamalpur,Kharif 1,31.5,70.0,Mango,Apr,No need to do,Apr to Jun,12792,36,27.0,50,90,38.21638917
3653,2.622502053,Jashore,Kharif 1,31.5,70.0,Mango,Apr,No need to do,Apr to Jun,9580,36,27.0,50,90,44.88512689
1957,0.556974962,Jhallokati,Kharif 1,31.5,70.0,Mango,Apr,No need to do,Apr to Jun,1090,36,27.0,50,90,8.707678021
1768,9.680429864,Jhenaidah,Kharif 1,31.5,70.0,Mango,Apr,No need to do,Apr to Jun,17115,36,27.0,50,90,149.4032362
883,5.171007928,Joypurhat,Kharif 1,31.5,70.0,Mango,Apr,No need to do,Apr to Jun,4566,36,27.0,50,90,212.3326066
4207,2.166389351,Khagrachari,Kharif 1,31.5,70.0,Mango,Apr,No need to do,Apr to Jun,9114,36,27.0,50,90,230.616581
1336,5.32260479,Khulna,Kharif 1,31.5,70.0,Mango,Apr,No need to do,Apr to Jun,7111,36,27.0,50,90,156.8526005
644,16.17701863,Kishoreganj,Kharif 1,31.5,70.0,Mango,Apr,No need to do,Apr to Jun,10418,36,27.0,50,90,169.1556309
1173,9.415174766,Kurigram,Kharif 1,31.5,70.0,Mango,Apr,No need to do,Apr to Jun,11044,36,27.0,50,90,145.1250873
4450,11.08539326,Kushtia,Kharif 1,31.5,70.0,Mango,Apr,No need to do,Apr to Jun,49330,36,27.0,50,90,88.51930504
1923,1.001040042,Lakshmipur,Kharif 1,31.5,70.0,Mango,Apr,No need to do,Apr to Jun,1925,36,27.0,50,90,14.12481144
899,6.351501669,Lalmonirhat,Kharif 1,31.5,70.0,Mango,Apr,No need to do,Apr to Jun,5710,36,27.0,50,90,143.6334998
1015,7.310344828,Madaripur,Kharif 1,31.5,70.0,Mango,Apr,No need to do,Apr to Jun,7420,36,27.0,50,90,84.8723759
529,13.43289225,Magura,Kharif 1,31.5,70.0,Mango,Apr,No need to do,Apr to Jun,7106,36,27.0,50,90,46.08997421
2707,2.033247137,Manikganj,Kharif 1,31.5,70.0,Mango,Apr,No need to do,Apr to Jun,5504,36,27.0,50,90,159.9752662
6050,2.246942149,Meherpur,Kharif 1,31.5,70.0,Mango,Apr,No need to do,Apr to Jun,13594,36,27.0,50,90,225.7973741
777,7.642213642,Moulvibazar,Kharif 1,31.5,70.0,Mango,Apr,No need to do,Apr to Jun,5938,36,27.0,50,90,163.765194
265,11.76981132,Munshiganj,Kharif 1,31.5,70.0,Mango,Apr,No need to do,Apr to Jun,3119,36,27.0,50,90,146.5517337
6934,3.132391116,Mymensingh,Kharif 1,31.5,70.0,Mango,Apr,No need to do,Apr to Jun,21720,36,27.0,50,90,64.99214984
6061,6.631413958,Naogaon,Kharif 1,31.5,70.0,Mango,Apr,No need to do,Apr to Jun,40193,36,27.0,50,90,169.1176845
1629,4.742786986,Narail,Kharif 1,31.5,70.0,Mango,Apr,No need to do,Apr to Jun,7726,36,27.0,50,90,132.0123722
80,23.7625,Narayanganj,Kharif 1,31.5,70.0,Mango,Apr,No need to do,Apr to Jun,1901,36,27.0,50,90,190.3753564
996,5.029116466,Narsingdi,Kharif 1,31.5,70.0,Mango,Apr,No need to do,Apr to Jun,5009,36,27.0,50,90,88.32543272
4083,14.94342395,Natore,Kharif 1,31.5,70.0,Mango,Apr,No need to do,Apr to Jun,61014,36,27.0,50,90,140.7568045
4404,6.514532243,Netrokona,Kharif 1,31.5,70.0,Mango,Apr,No need to do,Apr to Jun,28690,36,27.0,50,90,47.06399932
595,17.17647059,Nilphamari,Kharif 1,31.5,70.0,Mango,Apr,No need to do,Apr to Jun,10220,36,27.0,50,90,148.7952288
730,9.063013699,Noakhali,Kharif 1,31.5,70.0,Mango,Apr,No need to do,Apr to Jun,6616,36,27.0,50,90,185.8346426
2480,14.0141129,Pabna,Kharif 1,31.5,70.0,Mango,Apr,No need to do,Apr to Jun,34755,36,27.0,50,90,92.70421562
1934,8.198552223,Panchagar,Kharif 1,31.5,70.0,Mango,Apr,No need to do,Apr to Jun,15856,36,27.0,50,90,218.184426
4944,0.81816343,Patuakhali,Kharif 1,31.5,70.0,Mango,Apr,No need to do,Apr to Jun,4045,36,27.0,50,90,198.4762556
3842,1.232170744,Pirojpur,Kharif 1,31.5,70.0,Mango,Apr,No need to do,Apr to Jun,4734,36,27.0,50,90,198.5000809
2771,5.96030314,Rajbari,Kharif 1,31.5,70.0,Mango,Apr,No need to do,Apr to Jun,16516,36,27.0,50,90,128.5447697
35724,6.885343187,Rajshahi,Kharif 1,31.5,70.0,Mango,Apr,No need to do,Apr to Jun,245972,36,27.0,50,90,205.4470054
3748,1.634204909,Rangamati,Kharif 1,31.5,70.0,Mango,Apr,No need to do,Apr to Jun,6125,36,27.0,50,90,149.7186542
951,24.89695058,Rangpur,Kharif 1,31.5,70.0,Mango,Apr,No need to do,Apr to Jun,23677,36,27.0,50,90,49.1350179
3161,3.162923126,Satkhira,Kharif 1,31.5,70.0,Mango,Apr,No need to do,Apr to Jun,9998,36,27.0,50,90,65.36673014
10042,0.585939056,Shariatpur,Kharif 1,31.5,70.0,Mango,Apr,No need to do,Apr to Jun,5884,36,27.0,50,90,155.656384
2355,4.869639066,Sherpur,Kharif 1,31.5,70.0,Mango,Apr,No need to do,Apr to Jun,11468,36,27.0,50,90,136.1916679
772,30.50129534,Sirajganj,Kharif 1,31.5,70.0,Mango,Apr,No need to do,Apr to Jun,23547,36,27.0,50,90,262.8027213
1667,8.347330534,Sunamganj,Kharif 1,31.5,70.0,Mango,Apr,No need to do,Apr to Jun,13915,36,27.0,50,90,104.8555493
1487,3.347679892,Sylhet,Kharif 1,31.5,70.0,Mango,Apr,No need to do,Apr to Jun,4978,36,27.0,50,90,115.3362585
2204,8.319419238,Tangail,Kharif 1,31.5,70.0,Mango,Apr,No need to do,Apr to Jun,18336,36,27.0,50,90,166.7304123
4179,6.931562575,Thakurgaon,Kharif 1,31.5,70.0,Mango,Apr,No need to do,Apr to Jun,28967,36,27.0,50,90,252.3483387
0,,Bagerhat,Kharif 2,27.5,35.0,Mashkalai,Aug,Sep to Oct,Nov,0,35,20.0,25,45,246.3353139
3,0.0,Bandarban,Kharif 2,27.5,35.0,Mashkalai,Aug,Sep to Oct,Nov,0,35,20.0,25,45,184.9044058
210,0.380952381,Barguna,Kharif 2,27.5,35.0,Mashkalai,Aug,Sep to Oct,Nov,80,35,20.0,25,45,110.1025515
4,0.5,Barishal,Kharif 2,27.5,35.0,Mashkalai,Aug,Sep to Oct,Nov,2,35,20.0,25,45,256.2293437
0,,Bhola,Kharif 2,27.5,35.0,Mashkalai,Aug,Sep to Oct,Nov,0,35,20.0,25,45,215.1112639
696,0.469827586,Bogura,Kharif 2,27.5,35.0,Mashkalai,Aug,Sep to Oct,Nov,327,35,20.0,25,45,114.5535598
1022,0.463796478,Brahmanbaria,Kharif 2,27.5,35.0,Mashkalai,Aug,Sep to Oct,Nov,474,35,20.0,25,45,147.1516148
623,0.325842697,Chandpur,Kharif 2,27.5,35.0,Mashkalai,Aug,Sep to Oct,Nov,203,35,20.0,25,45,202.5604977
23226,0.337681908,Chapai Nawabganj,Kharif 2,27.5,35.0,Mashkalai,Aug,Sep to Oct,Nov,7843,35,20.0,25,45,265.4624821
82,0.451219512,Chattogram,Kharif 2,27.5,35.0,Mashkalai,Aug,Sep to Oct,Nov,37,35,20.0,25,45,221.8294123
904,0.329646018,Chuadanga,Kharif 2,27.5,35.0,Mashkalai,Aug,Sep to Oct,Nov,298,35,20.0,25,45,204.6814569
0,,CoxsBazar,Kharif 2,27.5,35.0,Mashkalai,Aug,Sep to Oct,Nov,0,35,20.0,25,45,113.0371793
423,0.411347518,Cumilla,Kharif 2,27.5,35.0,Mashkalai,Aug,Sep to Oct,Nov,174,35,20.0,25,45,232.5173413
1434,0.440027894,Dhaka,Kharif 2,27.5,35.0,Mashkalai,Aug,Sep to Oct,Nov,631,35,20.0,25,45,190.1252595
645,0.494573643,Dinajpur,Kharif 2,27.5,35.0,Mashkalai,Aug,Sep to Oct,Nov,319,35,20.0,25,45,125.7226768
1969,0.394108685,Faridpur,Kharif 2,27.5,35.0,Mashkalai,Aug,Sep to Oct,Nov,776,35,20.0,25,45,114.4347846
114,0.324561404,Feni,Kharif 2,27.5,35.0,Mashkalai,Aug,Sep to Oct,Nov,37,35,20.0,25,45,196.5481656
820,0.370731707,Gaibandha,Kharif 2,27.5,35.0,Mashkalai,Aug,Sep to Oct,Nov,304,35,20.0,25,45,160.4346153
632,0.251582279,Gazipur,Kharif 2,27.5,35.0,Mashkalai,Aug,Sep to Oct,Nov,159,35,20.0,25,45,280.8304189
389,0.33933162,Gopalganj,Kharif 2,27.5,35.0,Mashkalai,Aug,Sep to Oct,Nov,132,35,20.0,25,45,109.2699128
3,0.0,Habiganj,Kharif 2,27.5,35.0,Mashkalai,Aug,Sep to Oct,Nov,0,35,20.0,25,45,180.4910633
4169,0.354761334,Jamalpur,Kharif 2,27.5,35.0,Mashkalai,Aug,Sep to Oct,Nov,1479,35,20.0,25,45,117.08255
908,0.375550661,Jashore,Kharif 2,27.5,35.0,Mashkalai,Aug,Sep to Oct,Nov,341,35,20.0,25,45,114.6341509
0,,Jhallokati,Kharif 2,27.5,35.0,Mashkalai,Aug,Sep to Oct,Nov,0,35,20.0,25,45,146.4007215
1710,0.340935673,Jhenaidah,Kharif 2,27.5,35.0,Mashkalai,Aug,Sep to Oct,Nov,583,35,20.0,25,45,152.6526155
147,0.380952381,Joypurhat,Kharif 2,27.5,35.0,Mashkalai,Aug,Sep to Oct,Nov,56,35,20.0,25,45,93.55196963
0,,Khagrachari,Kharif 2,27.5,35.0,Mashkalai,Aug,Sep to Oct,Nov,0,35,20.0,25,45,50.15037902
105,0.428571429,Khulna,Kharif 2,27.5,35.0,Mashkalai,Aug,Sep to Oct,Nov,45,35,20.0,25,45,107.6160781
1059,0.526912181,Kishoreganj,Kharif 2,27.5,35.0,Mashkalai,Aug,Sep to Oct,Nov,558,35,20.0,25,45,117.6943355
2084,0.422744722,Kurigram,Kharif 2,27.5,35.0,Mashkalai,Aug,Sep to Oct,Nov,881,35,20.0,25,45,172.2185793
620,0.496774194,Kushtia,Kharif 2,27.5,35.0,Mashkalai,Aug,Sep to Oct,Nov,308,35,20.0,25,45,265.7407713
77,0.233766234,Lakshmipur,Kharif 2,27.5,35.0,Mashkalai,Aug,Sep to Oct,Nov,18,35,20.0,25,45,117.2630091
218,0.389908257,Lalmonirhat,Kharif 2,27.5,35.0,Mashkalai,Aug,Sep to Oct,Nov,85,35,20.0,25,45,199.4113628
1075,0.399069767,Madaripur,Kharif 2,27.5,35.0,Mashkalai,Aug,Sep to Oct,Nov,429,35,20.0,25,45,107.290266
158,0.405063291,Magura,Kharif 2,27.5,35.0,Mashkalai,Aug,Sep to Oct,Nov,64,35,20.0,25,45,137.9495325
8930,0.39137738,Manikganj,Kharif 2,27.5,35.0,Mashkalai,Aug,Sep to Oct,Nov,3495,35,20.0,25,45,304.8347355
1733,0.485285632,Meherpur,Kharif 2,27.5,35.0,Mashkalai,Aug,Sep to Oct,Nov,841,35,20.0,25,45,325.1995664
267,0.456928839,Moulvibazar,Kharif 2,27.5,35.0,Mashkalai,Aug,Sep to Oct,Nov,122,35,20.0,25,45,115.2925788
158,0.443037975,Munshiganj,Kharif 2,27.5,35.0,Mashkalai,Aug,Sep to Oct,Nov,70,35,20.0,25,45,182.5990755
2050,0.390731707,Mymensingh,Kharif 2,27.5,35.0,Mashkalai,Aug,Sep to Oct,Nov,801,35,20.0,25,45,105.8408219
579,0.416234888,Naogaon,Kharif 2,27.5,35.0,Mashkalai,Aug,Sep to Oct,Nov,241,35,20.0,25,45,165.4108531
103,0.349514563,Narail,Kharif 2,27.5,35.0,Mashkalai,Aug,Sep to Oct,Nov,36,35,20.0,25,45,207.7106658
45,0.4,Narayanganj,Kharif 2,27.5,35.0,Mashkalai,Aug,Sep to Oct,Nov,18,35,20.0,25,45,176.1914302
501,0.45508982,Narsingdi,Kharif 2,27.5,35.0,Mashkalai,Aug,Sep to Oct,Nov,228,35,20.0,25,45,60.19113569
701,0.332382311,Natore,Kharif 2,27.5,35.0,Mashkalai,Aug,Sep to Oct,Nov,233,35,20.0,25,45,222.889341
341,0.601173021,Netrokona,Kharif 2,27.5,35.0,Mashkalai,Aug,Sep to Oct,Nov,205,35,20.0,25,45,116.4694022
93,0.397849462,Nilphamari,Kharif 2,27.5,35.0,Mashkalai,Aug,Sep to Oct,Nov,37,35,20.0,25,45,103.4285896
121,0.330578512,Noakhali,Kharif 2,27.5,35.0,Mashkalai,Aug,Sep to Oct,Nov,40,35,20.0,25,45,193.1662237
4860,0.481687243,Pabna,Kharif 2,27.5,35.0,Mashkalai,Aug,Sep to Oct,Nov,2341,35,20.0,25,45,148.76742
310,0.438709677,Panchagar,Kharif 2,27.5,35.0,Mashkalai,Aug,Sep to Oct,Nov,136,35,20.0,25,45,224.0301513
0,,Patuakhali,Kharif 2,27.5,35.0,Mashkalai,Aug,Sep to Oct,Nov,0,35,20.0,25,45,195.7252988
0,,Pirojpur,Kharif 2,27.5,35.0,Mashkalai,Aug,Sep to Oct,Nov,0,35,20.0,25,45,231.4464575
1036,0.420849421,Rajbari,Kharif 2,27.5,35.0,Mashkalai,Aug,Sep to Oct,Nov,436,35,20.0,25,45,126.7071973
8204,0.372866894,Rajshahi,Kharif 2,27.5,35.0,Mashkalai,Aug,Sep to Oct,Nov,3059,35,20.0,25,45,25.16297876
0,,Rangamati,Kharif 2,27.5,35.0,Mashkalai,Aug,Sep to Oct,Nov,0,35,20.0,25,45,115.7498392
1197,0.471177945,Rangpur,Kharif 2,27.5,35.0,Mashkalai,Aug,Sep to Oct,Nov,564,35,20.0,25,45,233.6416096
330,0.293939394,Satkhira,Kharif 2,27.5,35.0,Mashkalai,Aug,Sep to Oct,Nov,97,35,20.0,25,45,99.02502376
238,0.537815126,Shariatpur,Kharif 2,27.5,35.0,Mashkalai,Aug,Sep to Oct,Nov,128,35,20.0,25,45,260.8553913
1359,0.560706402,Sherpur,Kharif 2,27.5,35.0,Mashkalai,Aug,Sep to Oct,Nov,762,35,20.0,25,45,52.97335449
7306,0.33657268,Sirajganj,Kharif 2,27.5,35.0,Mashkalai,Aug,Sep to Oct,Nov,2459,35,20.0,25,45,152.1565264
278,0.428057554,Sunamganj,Kharif 2,27.5,35.0,Mashkalai,Aug,Sep to Oct,Nov,119,35,20.0,25,45,175.6056099
131,0.511450382,Sylhet,Kharif 2,27.5,35.0,Mashkalai,Aug,Sep to Oct,Nov,67,35,20.0,25,45,85.13967065
13122,0.297058375,Tangail,Kharif 2,27.5,35.0,Mashkalai,Aug,Sep to Oct,Nov,3898,35,20.0,25,45,220.9595307
803,0.321295143,Thakurgaon,Kharif 2,27.5,35.0,Mashkalai,Aug,Sep to Oct,Nov,258,35,20.0,25,45,252.1474768
141,0.319148936,Bagerhat,Kharif 2,22.5,82.5,Motor,Oct,Nov to Mar,Mar to Apr,45,30,15.0,75,90,221.7898259
64,0.375,Bandarban,Kharif 2,22.5,82.5,Motor,Oct,Nov to Mar,Mar to Apr,24,30,15.0,75,90,188.9810206
18,0.944444444,Barguna,Kharif 2,22.5,82.5,Motor,Oct,Nov to Mar,Mar to Apr,17,30,15.0,75,90,131.1167079
28,0.5,Barishal,Kharif 2,22.5,82.5,Motor,Oct,Nov to Mar,Mar to Apr,14,30,15.0,75,90,197.5592269
0,,Bhola,Kharif 2,22.5,82.5,Motor,Oct,Nov to Mar,Mar to Apr,0,30,15.0,75,90,181.1073511
0,,Bogura,Kharif 2,22.5,82.5,Motor,Oct,Nov to Mar,Mar to Apr,0,30,15.0,75,90,70.24739207
56,0.339285714,Brahmanbaria,Kharif 2,22.5,82.5,Motor,Oct,Nov to Mar,Mar to Apr,19,30,15.0,75,90,102.3358701
95,0.515789474,Chandpur,Kharif 2,22.5,82.5,Motor,Oct,Nov to Mar,Mar to Apr,49,30,15.0,75,90,202.090214
397,0.309823678,Chapai Nawabganj,Kharif 2,22.5,82.5,Motor,Oct,Nov to Mar,Mar to Apr,123,30,15.0,75,90,174.8933711
132,0.348484849,Chattogram,Kharif 2,22.5,82.5,Motor,Oct,Nov to Mar,Mar to Apr,46,30,15.0,75,90,107.6226741
118,0.449152542,Chuadanga,Kharif 2,22.5,82.5,Motor,Oct,Nov to Mar,Mar to Apr,53,30,15.0,75,90,168.0515091
0,,CoxsBazar,Kharif 2,22.5,82.5,Motor,Oct,Nov to Mar,Mar to Apr,0,30,15.0,75,90,24.13319639
43,0.511627907,Cumilla,Kharif 2,22.5,82.5,Motor,Oct,Nov to Mar,Mar to Apr,22,30,15.0,75,90,211.9809358
205,0.556097561,Dhaka,Kharif 2,22.5,82.5,Motor,Oct,Nov to Mar,Mar to Apr,114,30,15.0,75,90,193.1314356
59,0.13559322,Dinajpur,Kharif 2,22.5,82.5,Motor,Oct,Nov to Mar,Mar to Apr,8,30,15.0,75,90,84.58475308
1319,0.407884761,Faridpur,Kharif 2,22.5,82.5,Motor,Oct,Nov to Mar,Mar to Apr,538,30,15.0,75,90,46.59279439
318,0.550314465,Feni,Kharif 2,22.5,82.5,Motor,Oct,Nov to Mar,Mar to Apr,175,30,15.0,75,90,107.9666571
7,0.285714286,Gaibandha,Kharif 2,22.5,82.5,Motor,Oct,Nov to Mar,Mar to Apr,2,30,15.0,75,90,185.5534641
7,0.285714286,Gazipur,Kharif 2,22.5,82.5,Motor,Oct,Nov to Mar,Mar to Apr,2,30,15.0,75,90,233.0019317
574,0.421602788,Gopalganj,Kharif 2,22.5,82.5,Motor,Oct,Nov to Mar,Mar to Apr,242,30,15.0,75,90,128.7821677
0,,Habiganj,Kharif 2,22.5,82.5,Motor,Oct,Nov to Mar,Mar to Apr,0,30,15.0,75,90,148.6502273
37,0.378378378,Jamalpur,Kharif 2,22.5,82.5,Motor,Oct,Nov to Mar,Mar to Apr,14,30,15.0,75,90,114.9914257
655,0.439694657,Jashore,Kharif 2,22.5,82.5,Motor,Oct,Nov to Mar,Mar to Apr,288,30,15.0,75,90,105.013833
28,0.535714286,Jhallokati,Kharif 2,22.5,82.5,Motor,Oct,Nov to Mar,Mar to Apr,15,30,15.0,75,90,192.7668151
671,0.374068554,Jhenaidah,Kharif 2,22.5,82.5,Motor,Oct,Nov to Mar,Mar to Apr,251,30,15.0,75,90,58.72582812
17,0.470588235,Joypurhat,Kharif 2,22.5,82.5,Motor,Oct,Nov to Mar,Mar to Apr,8,30,15.0,75,90,202.7009224
104,0.413461539,Khagrachari,Kharif 2,22.5,82.5,Motor,Oct,Nov to Mar,Mar to Apr,43,30,15.0,75,90,117.3143919
16,0.3125,Khulna,Kharif 2,22.5,82.5,Motor,Oct,Nov to Mar,Mar to Apr,5,30,15.0,75,90,266.2319308
10,0.3,Kishoreganj,Kharif 2,22.5,82.5,Motor,Oct,Nov to Mar,Mar to Apr,3,30,15.0,75,90,169.1737912
47,0.382978723,Kurigram,Kharif 2,22.5,82.5,Motor,Oct,Nov to Mar,Mar to Apr,18,30,15.0,75,90,100.0276107
921,0.589576547,Kushtia,Kharif 2,22.5,82.5,Motor,Oct,Nov to Mar,Mar to Apr,543,30,15.0,75,90,140.3123142
64,0.3125,Lakshmipur,Kharif 2,22.5,82.5,Motor,Oct,Nov to Mar,Mar to Apr,20,30,15.0,75,90,127.2029999
0,,Lalmonirhat,Kharif 2,22.5,82.5,Motor,Oct,Nov to Mar,Mar to Apr,0,30,15.0,75,90,185.3714929
1150,0.391304348,Madaripur,Kharif 2,22.5,82.5,Motor,Oct,Nov to Mar,Mar to Apr,450,30,15.0,75,90,135.5526867
1763,0.315938741,Magura,Kharif 2,22.5,82.5,Motor,Oct,Nov to Mar,Mar to Apr,557,30,15.0,75,90,225.7806968
714,0.382352941,Manikganj,Kharif 2,22.5,82.5,Motor,Oct,Nov to Mar,Mar to Apr,273,30,15.0,75,90,178.5414798
21,0.428571429,Meherpur,Kharif 2,22.5,82.5,Motor,Oct,Nov to Mar,Mar to Apr,9,30,15.0,75,90,47.62045778
16,0.4375,Moulvibazar,Kharif 2,22.5,82.5,Motor,Oct,Nov to Mar,Mar to Apr,7,30,15.0,75,90,233.6211313
61,0.967213115,Munshiganj,Kharif 2,22.5,82.5,Motor,Oct,Nov to Mar,Mar to Apr,59,30,15.0,75,90,193.6415064
117,0.581196581,Mymensingh,Kharif 2,22.5,82.5,Motor,Oct,Nov to Mar,Mar to Apr,68,30,15.0,75,90,131.4990311
38,0.473684211,Naogaon,Kharif 2,22.5,82.5,Motor,Oct,Nov to Mar,Mar to Apr,18,30,15.0,75,90,75.52897487
896,0.420758929,Narail,Kharif 2,22.5,82.5,Motor,Oct,Nov to Mar,Mar to Apr,377,30,15.0,75,90,237.247876
16,0.4375,Narayanganj,Kharif 2,22.5,82.5,Motor,Oct,Nov to Mar,Mar to Apr,7,30,15.0,75,90,124.7089623
0,,Narsingdi,Kharif 2,22.5,82.5,Motor,Oct,Nov to Mar,Mar to Apr,0,30,15.0,75,90,112.1987545
2048,0.401855469,Natore,Kharif 2,22.5,82.5,Motor,Oct,Nov to Mar,Mar to Apr,823,30,15.0,75,90,231.9127964
33,0.424242424,Netrokona,Kharif 2,22.5,82.5,Motor,Oct,Nov to Mar,Mar to Apr,14,30,15.0,75,90,162.9940799
3,0.333333333,Nilphamari,Kharif 2,22.5,82.5,Motor,Oct,Nov to Mar,Mar to Apr,1,30,15.0,75,90,90.87414449
126,0.388888889,Noakhali,Kharif 2,22.5,82.5,Motor,Oct,Nov to Mar,Mar to Apr,49,30,15.0,75,90,164.5507156
1734,0.492502884,Pabna,Kharif 2,22.5,82.5,Motor,Oct,Nov to Mar,Mar to Apr,854,30,15.0,75,90,123.0566384
27,0.407407407,Panchagar,Kharif 2,22.5,82.5,Motor,Oct,Nov to Mar,Mar to Apr,11,30,15.0,75,90,95.6485633
0,,Patuakhali,Kharif 2,22.5,82.5,Motor,Oct,Nov to Mar,Mar to Apr,0,30,15.0,75,90,181.1071996
0,,Pirojpur,Kharif 2,22.5,82.5,Motor,Oct,Nov to Mar,Mar to Apr,0,30,15.0,75,90,177.1655722
1801,0.419766796,Rajbari,Kharif 2,22.5,82.5,Motor,Oct,Nov to Mar,Mar to Apr,756,30,15.0,75,90,156.7450605
1241,0.585817889,Rajshahi,Kharif 2,22.5,82.5,Motor,Oct,Nov to Mar,Mar to Apr,727,30,15.0,75,90,124.4313613
152,0.578947368,Rangamati,Kharif 2,22.5,82.5,Motor,Oct,Nov to Mar,Mar to Apr,88,30,15.0,75,90,175.4179426
4,0.5,Rangpur,Kharif 2,22.5,82.5,Motor,Oct,Nov to Mar,Mar to Apr,2,30,15.0,75,90,125.9553579
9,0.333333333,Satkhira,Kharif 2,22.5,82.5,Motor,Oct,Nov to Mar,Mar to Apr,3,30,15.0,75,90,230.5421777
305,0.563934426,Shariatpur,Kharif 2,22.5,82.5,Motor,Oct,Nov to Mar,Mar to Apr,172,30,15.0,75,90,109.2147171
11,0.363636364,Sherpur,Kharif 2,22.5,82.5,Motor,Oct,Nov to Mar,Mar to Apr,4,30,15.0,75,90,198.6065799
10,0.5,Sirajganj,Kharif 2,22.5,82.5,Motor,Oct,Nov to Mar,Mar to Apr,5,30,15.0,75,90,153.1022574
0,,Sunamganj,Kharif 2,22.5,82.5,Motor,Oct,Nov to Mar,Mar to Apr,0,30,15.0,75,90,188.8247819
12,0.333333333,Sylhet,Kharif 2,22.5,82.5,Motor,Oct,Nov to Mar,Mar to Apr,4,30,15.0,75,90,137.7275028
10,0.3,Tangail,Kharif 2,22.5,82.5,Motor,Oct,Nov to Mar,Mar to Apr,3,30,15.0,75,90,97.86888073
32,0.28125,Thakurgaon,Kharif 2,22.5,82.5,Motor,Oct,Nov to Mar,Mar to Apr,9,30,15.0,75,90,59.9421485
475,0.273684211,Bagerhat,Kharif 2,30.0,70.0,Mug,Feb,Mar to May,May,130,35,25.0,60,80,89.33935632
50,0.38,Bandarban,Kharif 2,30.0,70.0,Mug,Feb,Mar to May,May,19,35,25.0,60,80,162.3033695
13617,0.351472424,Barguna,Kharif 2,30.0,70.0,Mug,Feb,Mar to May,May,4786,35,25.0,60,80,239.8092779
12212,0.413937111,Barishal,Kharif 2,30.0,70.0,Mug,Feb,Mar to May,May,5055,35,25.0,60,80,44.5469697
25459,0.365411053,Bhola,Kharif 2,30.0,70.0,Mug,Feb,Mar to May,May,9303,35,25.0,60,80,116.2001702
11,0.363636364,Bogura,Kharif 2,30.0,70.0,Mug,Feb,Mar to May,May,4,35,25.0,60,80,177.3460092
21,0.333333333,Brahmanbaria,Kharif 2,30.0,70.0,Mug,Feb,Mar to May,May,7,35,25.0,60,80,77.15799095
167,0.425149701,Chandpur,Kharif 2,30.0,70.0,Mug,Feb,Mar to May,May,71,35,25.0,60,80,129.7488762
26,0.269230769,Chapai Nawabganj,Kharif 2,30.0,70.0,Mug,Feb,Mar to May,May,7,35,25.0,60,80,163.7550666
1678,0.300953516,Chattogram,Kharif 2,30.0,70.0,Mug,Feb,Mar to May,May,505,35,25.0,60,80,189.2187081
1387,0.570295602,Chuadanga,Kharif 2,30.0,70.0,Mug,Feb,Mar to May,May,791,35,25.0,60,80,216.5384185
0,,CoxsBazar,Kharif 2,30.0,70.0,Mug,Feb,Mar to May,May,0,35,25.0,60,80,101.6360247
3,0.666666667,Cumilla,Kharif 2,30.0,70.0,Mug,Feb,Mar to May,May,2,35,25.0,60,80,181.9886675
61,0.606557377,Dhaka,Kharif 2,30.0,70.0,Mug,Feb,Mar to May,May,37,35,25.0,60,80,113.0194578
38,0.315789474,Dinajpur,Kharif 2,30.0,70.0,Mug,Feb,Mar to May,May,12,35,25.0,60,80,149.1835058
960,0.364583333,Faridpur,Kharif 2,30.0,70.0,Mug,Feb,Mar to May,May,350,35,25.0,60,80,126.1778853
1381,0.522809558,Feni,Kharif 2,30.0,70.0,Mug,Feb,Mar to May,May,722,35,25.0,60,80,126.9078942
133,0.406015038,Gaibandha,Kharif 2,30.0,70.0,Mug,Feb,Mar to May,May,54,35,25.0,60,80,204.5875388
132,0.265151515,Gazipur,Kharif 2,30.0,70.0,Mug,Feb,Mar to May,May,35,35,25.0,60,80,125.4958078
169,0.396449704,Gopalganj,Kharif 2,30.0,70.0,Mug,Feb,Mar to May,May,67,35,25.0,60,80,3.610718506
0,,Habiganj,Kharif 2,30.0,70.0,Mug,Feb,Mar to May,May,0,35,25.0,60,80,152.0345075
87,0.379310345,Jamalpur,Kharif 2,30.0,70.0,Mug,Feb,Mar to May,May,33,35,25.0,60,80,143.514149
1638,0.388278388,Jashore,Kharif 2,30.0,70.0,Mug,Feb,Mar to May,May,636,35,25.0,60,80,96.50917657
2269,0.338915822,Jhallokati,Kharif 2,30.0,70.0,Mug,Feb,Mar to May,May,769,35,25.0,60,80,37.35991266
1654,0.426844015,Jhenaidah,Kharif 2,30.0,70.0,Mug,Feb,Mar to May,May,706,35,25.0,60,80,192.6671866
18,0.277777778,Joypurhat,Kharif 2,30.0,70.0,Mug,Feb,Mar to May,May,5,35,25.0,60,80,181.5126198
0,,Khagrachari,Kharif 2,30.0,70.0,Mug,Feb,Mar to May,May,0,35,25.0,60,80,156.8099915
217,0.281105991,Khulna,Kharif 2,30.0,70.0,Mug,Feb,Mar to May,May,61,35,25.0,60,80,144.2769565
233,0.369098712,Kishoreganj,Kharif 2,30.0,70.0,Mug,Feb,Mar to May,May,86,35,25.0,60,80,187.2742142
125,0.368,Kurigram,Kharif 2,30.0,70.0,Mug,Feb,Mar to May,May,46,35,25.0,60,80,130.399991
157,0.535031847,Kushtia,Kharif 2,30.0,70.0,Mug,Feb,Mar to May,May,84,35,25.0,60,80,96.13471244
1542,0.254863813,Lakshmipur,Kharif 2,30.0,70.0,Mug,Feb,Mar to May,May,393,35,25.0,60,80,171.4581516
118,0.322033898,Lalmonirhat,Kharif 2,30.0,70.0,Mug,Feb,Mar to May,May,38,35,25.0,60,80,214.0790201
480,0.320833333,Madaripur,Kharif 2,30.0,70.0,Mug,Feb,Mar to May,May,154,35,25.0,60,80,141.0758039
129,0.224806202,Magura,Kharif 2,30.0,70.0,Mug,Feb,Mar to May,May,29,35,25.0,60,80,258.8807254
268,0.302238806,Manikganj,Kharif 2,30.0,70.0,Mug,Feb,Mar to May,May,81,35,25.0,60,80,203.9417465
78,0.935897436,Meherpur,Kharif 2,30.0,70.0,Mug,Feb,Mar to May,May,73,35,25.0,60,80,105.6205629
11,0.272727273,Moulvibazar,Kharif 2,30.0,70.0,Mug,Feb,Mar to May,May,3,35,25.0,60,80,180.7104363
0,,Munshiganj,Kharif 2,30.0,70.0,Mug,Feb,Mar to May,May,0,35,25.0,60,80,226.5936149
154,0.376623377,Mymensingh,Kharif 2,30.0,70.0,Mug,Feb,Mar to May,May,58,35,25.0,60,80,109.0985813
158,0.481012658,Naogaon,Kharif 2,30.0,70.0,Mug,Feb,Mar to May,May,76,35,25.0,60,80,241.4766579
385,0.397402597,Narail,Kharif 2,30.0,70.0,Mug,Feb,Mar to May,May,153,35,25.0,60,80,40.40108893
29,0.413793103,Narayanganj,Kharif 2,30.0,70.0,Mug,Feb,Mar to May,May,12,35,25.0,60,80,221.8526642
28,0.285714286,Narsingdi,Kharif 2,30.0,70.0,Mug,Feb,Mar to May,May,8,35,25.0,60,80,111.8578328
10616,0.373398644,Natore,Kharif 2,30.0,70.0,Mug,Feb,Mar to May,May,3964,35,25.0,60,80,125.1317153
33,0.303030303,Netrokona,Kharif 2,30.0,70.0,Mug,Feb,Mar to May,May,10,35,25.0,60,80,132.7050296
11,0.454545455,Nilphamari,Kharif 2,30.0,70.0,Mug,Feb,Mar to May,May,5,35,25.0,60,80,142.6602163
7793,0.329269858,Noakhali,Kharif 2,30.0,70.0,Mug,Feb,Mar to May,May,2566,35,25.0,60,80,91.87580877
462,0.41991342,Pabna,Kharif 2,30.0,70.0,Mug,Feb,Mar to May,May,194,35,25.0,60,80,186.265232
246,0.569105691,Panchagar,Kharif 2,30.0,70.0,Mug,Feb,Mar to May,May,140,35,25.0,60,80,72.85679829
12559,0.367306314,Patuakhali,Kharif 2,30.0,70.0,Mug,Feb,Mar to May,May,4613,35,25.0,60,80,167.4556469
602,0.353820598,Pirojpur,Kharif 2,30.0,70.0,Mug,Feb,Mar to May,May,213,35,25.0,60,80,0.0
150,0.4,Rajbari,Kharif 2,30.0,70.0,Mug,Feb,Mar to May,May,60,35,25.0,60,80,173.2829905
8557,0.437770247,Rajshahi,Kharif 2,30.0,70.0,Mug,Feb,Mar to May,May,3746,35,25.0,60,80,197.2551578
0,,Rangamati,Kharif 2,30.0,70.0,Mug,Feb,Mar to May,May,0,35,25.0,60,80,161.3449298
46,0.434782609,Rangpur,Kharif 2,30.0,70.0,Mug,Feb,Mar to May,May,20,35,25.0,60,80,284.0279027
30,0.266666667,Satkhira,Kharif 2,30.0,70.0,Mug,Feb,Mar to May,May,8,35,25.0,60,80,227.7939076
215,0.502325581,Shariatpur,Kharif 2,30.0,70.0,Mug,Feb,Mar to May,May,108,35,25.0,60,80,178.8710776
11,0.363636364,Sherpur,Kharif 2,30.0,70.0,Mug,Feb,Mar to May,May,4,35,25.0,60,80,215.2510901
19,0.315789474,Sirajganj,Kharif 2,30.0,70.0,Mug,Feb,Mar to May,May,6,35,25.0,60,80,63.56227729
0,,Sunamganj,Kharif 2,30.0,70.0,Mug,Feb,Mar to May,May,0,35,25.0,60,80,130.9302238
9,0.222222222,Sylhet,Kharif 2,30.0,70.0,Mug,Feb,Mar to May,May,2,35,25.0,60,80,256.1561543
2,0.5,Tangail,Kharif 2,30.0,70.0,Mug,Feb,Mar to May,May,1,35,25.0,60,80,103.7742874
171,0.304093567,Thakurgaon,Kharif 2,30.0,70.0,Mug,Feb,Mar to May,May,52,35,25.0,60,80,189.533372
232,3.642241379,Bagerhat,Kharif 1,11.5,77.5,Mukhi Kachu,Apr,May to Sep,Sep to Feb,845,15,8.0,65,90,56.57032592
254,1.696850394,Bandarban,Kharif 1,11.5,77.5,Mukhi Kachu,Apr,May to Sep,Sep to Feb,431,15,8.0,65,90,85.07035443
0,,Barguna,Kharif 1,11.5,77.5,Mukhi Kachu,Apr,May to Sep,Sep to Feb,0,15,8.0,65,90,150.5938907
0,,Barishal,Kharif 1,11.5,77.5,Mukhi Kachu,Apr,May to Sep,Sep to Feb,0,15,8.0,65,90,195.0151901
0,,Bhola,Kharif 1,11.5,77.5,Mukhi Kachu,Apr,May to Sep,Sep to Feb,0,15,8.0,65,90,178.6729764
1284,4.65576324,Bogura,Kharif 1,11.5,77.5,Mukhi Kachu,Apr,May to Sep,Sep to Feb,5978,15,8.0,65,90,212.4337113
62,1.903225806,Brahmanbaria,Kharif 1,11.5,77.5,Mukhi Kachu,Apr,May to Sep,Sep to Feb,118,15,8.0,65,90,141.7394775
0,,Chandpur,Kharif 1,11.5,77.5,Mukhi Kachu,Apr,May to Sep,Sep to Feb,0,15,8.0,65,90,101.3098842
127,2.622047244,Chapai Nawabganj,Kharif 1,11.5,77.5,Mukhi Kachu,Apr,May to Sep,Sep to Feb,333,15,8.0,65,90,177.9776271
1126,5.328596803,Chattogram,Kharif 1,11.5,77.5,Mukhi Kachu,Apr,May to Sep,Sep to Feb,6000,15,8.0,65,90,26.12614883
826,6.215496368,Chuadanga,Kharif 1,11.5,77.5,Mukhi Kachu,Apr,May to Sep,Sep to Feb,5134,15,8.0,65,90,214.8005011
54,5.462962963,CoxsBazar,Kharif 1,11.5,77.5,Mukhi Kachu,Apr,May to Sep,Sep to Feb,295,15,8.0,65,90,101.3575429
52,3.326923077,Cumilla,Kharif 1,11.5,77.5,Mukhi Kachu,Apr,May to Sep,Sep to Feb,173,15,8.0,65,90,94.04582067
0,,Dhaka,Kharif 1,11.5,77.5,Mukhi Kachu,Apr,May to Sep,Sep to Feb,0,15,8.0,65,90,186.5758762
664,3.239457831,Dinajpur,Kharif 1,11.5,77.5,Mukhi Kachu,Apr,May to Sep,Sep to Feb,2151,15,8.0,65,90,226.4440405
181,4.61878453,Faridpur,Kharif 1,11.5,77.5,Mukhi Kachu,Apr,May to Sep,Sep to Feb,836,15,8.0,65,90,184.4065447
37,3.702702703,Feni,Kharif 1,11.5,77.5,Mukhi Kachu,Apr,May to Sep,Sep to Feb,137,15,8.0,65,90,176.3356425
395,3.46835443,Gaibandha,Kharif 1,11.5,77.5,Mukhi Kachu,Apr,May to Sep,Sep to Feb,1370,15,8.0,65,90,143.4678346
171,2.69005848,Gazipur,Kharif 1,11.5,77.5,Mukhi Kachu,Apr,May to Sep,Sep to Feb,460,15,8.0,65,90,132.783621
117,3.487179487,Gopalganj,Kharif 1,11.5,77.5,Mukhi Kachu,Apr,May to Sep,Sep to Feb,408,15,8.0,65,90,177.6231344
622,3.176848875,Habiganj,Kharif 1,11.5,77.5,Mukhi Kachu,Apr,May to Sep,Sep to Feb,1976,15,8.0,65,90,118.4573647
89,2.303370787,Jamalpur,Kharif 1,11.5,77.5,Mukhi Kachu,Apr,May to Sep,Sep to Feb,205,15,8.0,65,90,88.69195333
422,4.585308057,Jashore,Kharif 1,11.5,77.5,Mukhi Kachu,Apr,May to Sep,Sep to Feb,1935,15,8.0,65,90,0.0
0,,Jhallokati,Kharif 1,11.5,77.5,Mukhi Kachu,Apr,May to Sep,Sep to Feb,0,15,8.0,65,90,164.9301217
736,4.58423913,Jhenaidah,Kharif 1,11.5,77.5,Mukhi Kachu,Apr,May to Sep,Sep to Feb,3374,15,8.0,65,90,172.0278961
158,4.481012658,Joypurhat,Kharif 1,11.5,77.5,Mukhi Kachu,Apr,May to Sep,Sep to Feb,708,15,8.0,65,90,65.10465302
1340,5.252238806,Khagrachari,Kharif 1,11.5,77.5,Mukhi Kachu,Apr,May to Sep,Sep to Feb,7038,15,8.0,65,90,77.28068274
264,4.227272727,Khulna,Kharif 1,11.5,77.5,Mukhi Kachu,Apr,May to Sep,Sep to Feb,1116,15,8.0,65,90,244.3616001
159,5.566037736,Kishoreganj,Kharif 1,11.5,77.5,Mukhi Kachu,Apr,May to Sep,Sep to Feb,885,15,8.0,65,90,183.7635417
555,4.046846847,Kurigram,Kharif 1,11.5,77.5,Mukhi Kachu,Apr,May to Sep,Sep to Feb,2246,15,8.0,65,90,267.5011146
1202,4.920965058,Kushtia,Kharif 1,11.5,77.5,Mukhi Kachu,Apr,May to Sep,Sep to Feb,5915,15,8.0,65,90,104.58853
0,,Lakshmipur,Kharif 1,11.5,77.5,Mukhi Kachu,Apr,May to Sep,Sep to Feb,0,15,8.0,65,90,205.6532846
210,5.8,Lalmonirhat,Kharif 1,11.5,77.5,Mukhi Kachu,Apr,May to Sep,Sep to Feb,1218,15,8.0,65,90,145.5048163
21,5.285714286,Madaripur,Kharif 1,11.5,77.5,Mukhi Kachu,Apr,May to Sep,Sep to Feb,111,15,8.0,65,90,90.51881252
83,5.192771084,Magura,Kharif 1,11.5,77.5,Mukhi Kachu,Apr,May to Sep,Sep to Feb,431,15,8.0,65,90,166.3266711
0,,Manikganj,Kharif 1,11.5,77.5,Mukhi Kachu,Apr,May to Sep,Sep to Feb,0,15,8.0,65,90,265.1960858
2708,8.692762186,Meherpur,Kharif 1,11.5,77.5,Mukhi Kachu,Apr,May to Sep,Sep to Feb,23540,15,8.0,65,90,134.2158397
545,2.59266055,Moulvibazar,Kharif 1,11.5,77.5,Mukhi Kachu,Apr,May to Sep,Sep to Feb,1413,15,8.0,65,90,160.6508594
0,,Munshiganj,Kharif 1,11.5,77.5,Mukhi Kachu,Apr,May to Sep,Sep to Feb,0,15,8.0,65,90,172.2964155
823,3.874848117,Mymensingh,Kharif 1,11.5,77.5,Mukhi Kachu,Apr,May to Sep,Sep to Feb,3189,15,8.0,65,90,137.9347473
470,3.359574468,Naogaon,Kharif 1,11.5,77.5,Mukhi Kachu,Apr,May to Sep,Sep to Feb,1579,15,8.0,65,90,190.9544237
98,4.928571429,Narail,Kharif 1,11.5,77.5,Mukhi Kachu,Apr,May to Sep,Sep to Feb,483,15,8.0,65,90,152.3445603
56,3.0,Narayanganj,Kharif 1,11.5,77.5,Mukhi Kachu,Apr,May to Sep,Sep to Feb,168,15,8.0,65,90,209.910096
56,4.142857143,Narsingdi,Kharif 1,11.5,77.5,Mukhi Kachu,Apr,May to Sep,Sep to Feb,232,15,8.0,65,90,114.8318457
378,3.084656085,Natore,Kharif 1,11.5,77.5,Mukhi Kachu,Apr,May to Sep,Sep to Feb,1166,15,8.0,65,90,226.8434665
129,3.620155039,Netrokona,Kharif 1,11.5,77.5,Mukhi Kachu,Apr,May to Sep,Sep to Feb,467,15,8.0,65,90,180.6248096
456,4.335526316,Nilphamari,Kharif 1,11.5,77.5,Mukhi Kachu,Apr,May to Sep,Sep to Feb,1977,15,8.0,65,90,71.07623593
28,2.25,Noakhali,Kharif 1,11.5,77.5,Mukhi Kachu,Apr,May to Sep,Sep to Feb,63,15,8.0,65,90,151.7192141
538,3.37732342,Pabna,Kharif 1,11.5,77.5,Mukhi Kachu,Apr,May to Sep,Sep to Feb,1817,15,8.0,65,90,168.0839971
1450,3.237931034,Panchagar,Kharif 1,11.5,77.5,Mukhi Kachu,Apr,May to Sep,Sep to Feb,4695,15,8.0,65,90,168.7840547
0,,Patuakhali,Kharif 1,11.5,77.5,Mukhi Kachu,Apr,May to Sep,Sep to Feb,0,15,8.0,65,90,153.9637573
0,,Pirojpur,Kharif 1,11.5,77.5,Mukhi Kachu,Apr,May to Sep,Sep to Feb,0,15,8.0,65,90,126.5307883
453,5.516556291,Rajbari,Kharif 1,11.5,77.5,Mukhi Kachu,Apr,May to Sep,Sep to Feb,2499,15,8.0,65,90,246.8850652
742,4.551212938,Rajshahi,Kharif 1,11.5,77.5,Mukhi Kachu,Apr,May to Sep,Sep to Feb,3377,15,8.0,65,90,135.1990888
580,2.644827586,Rangamati,Kharif 1,11.5,77.5,Mukhi Kachu,Apr,May to Sep,Sep to Feb,1534,15,8.0,65,90,209.763622
299,4.341137124,Rangpur,Kharif 1,11.5,77.5,Mukhi Kachu,Apr,May to Sep,Sep to Feb,1298,15,8.0,65,90,92.2442803
723,4.385892116,Satkhira,Kharif 1,11.5,77.5,Mukhi Kachu,Apr,May to Sep,Sep to Feb,3171,15,8.0,65,90,145.1610329
57,3.771929825,Shariatpur,Kharif 1,11.5,77.5,Mukhi Kachu,Apr,May to Sep,Sep to Feb,215,15,8.0,65,90,88.82597157
143,5.944055944,Sherpur,Kharif 1,11.5,77.5,Mukhi Kachu,Apr,May to Sep,Sep to Feb,850,15,8.0,65,90,163.7604407
88,3.204545455,Sirajganj,Kharif 1,11.5,77.5,Mukhi Kachu,Apr,May to Sep,Sep to Feb,282,15,8.0,65,90,189.8085142
98,3.387755102,Sunamganj,Kharif 1,11.5,77.5,Mukhi Kachu,Apr,May to Sep,Sep to Feb,332,15,8.0,65,90,127.4396562
249,2.108433735,Sylhet,Kharif 1,11.5,77.5,Mukhi Kachu,Apr,May to Sep,Sep to Feb,525,15,8.0,65,90,125.8780704
768,5.834635417,Tangail,Kharif 1,11.5,77.5,Mukhi Kachu,Apr,May to Sep,Sep to Feb,4481,15,8.0,65,90,82.7167455
935,3.068449198,Thakurgaon,Kharif 1,11.5,77.5,Mukhi Kachu,Apr,May to Sep,Sep to Feb,2869,15,8.0,65,90,251.193532
35,1.942857143,Bagerhat,Kharif 2,23.5,61.0,Oal Kachu,Sep,Oct to Dec,Dec to Feb,68,32,15.0,52,70,150.4457621
394,1.939086294,Bandarban,Kharif 2,23.5,61.0,Oal Kachu,Sep,Oct to Dec,Dec to Feb,764,32,15.0,52,70,101.2549435
0,,Barguna,Kharif 2,23.5,61.0,Oal Kachu,Sep,Oct to Dec,Dec to Feb,0,32,15.0,52,70,75.60057512
39,4.256410256,Barishal,Kharif 2,23.5,61.0,Oal Kachu,Sep,Oct to Dec,Dec to Feb,166,32,15.0,52,70,122.227847
0,,Bhola,Kharif 2,23.5,61.0,Oal Kachu,Sep,Oct to Dec,Dec to Feb,0,32,15.0,52,70,31.56204084
2,11.0,Bogura,Kharif 2,23.5,61.0,Oal Kachu,Sep,Oct to Dec,Dec to Feb,22,32,15.0,52,70,164.0124607
0,,Brahmanbaria,Kharif 2,23.5,61.0,Oal Kachu,Sep,Oct to Dec,Dec to Feb,0,32,15.0,52,70,217.3784007
0,,Chandpur,Kharif 2,23.5,61.0,Oal Kachu,Sep,Oct to Dec,Dec to Feb,0,32,15.0,52,70,172.176627
54,2.666666667,Chapai Nawabganj,Kharif 2,23.5,61.0,Oal Kachu,Sep,Oct to Dec,Dec to Feb,144,32,15.0,52,70,95.71495346
15,4.2,Chattogram,Kharif 2,23.5,61.0,Oal Kachu,Sep,Oct to Dec,Dec to Feb,63,32,15.0,52,70,175.532293
367,6.179836512,Chuadanga,Kharif 2,23.5,61.0,Oal Kachu,Sep,Oct to Dec,Dec to Feb,2268,32,15.0,52,70,56.79791753
0,,CoxsBazar,Kharif 2,23.5,61.0,Oal Kachu,Sep,Oct to Dec,Dec to Feb,0,32,15.0,52,70,236.6866742
5,2.0,Cumilla,Kharif 2,23.5,61.0,Oal Kachu,Sep,Oct to Dec,Dec to Feb,10,32,15.0,52,70,76.5902063
0,,Dhaka,Kharif 2,23.5,61.0,Oal Kachu,Sep,Oct to Dec,Dec to Feb,0,32,15.0,52,70,144.0361503
34,3.058823529,Dinajpur,Kharif 2,23.5,61.0,Oal Kachu,Sep,Oct to Dec,Dec to Feb,104,32,15.0,52,70,193.5478778
192,4.401041667,Faridpur,Kharif 2,23.5,61.0,Oal Kachu,Sep,Oct to Dec,Dec to Feb,845,32,15.0,52,70,152.8526113
0,,Feni,Kharif 2,23.5,61.0,Oal Kachu,Sep,Oct to Dec,Dec to Feb,0,32,15.0,52,70,100.9877119
38,2.736842105,Gaibandha,Kharif 2,23.5,61.0,Oal Kachu,Sep,Oct to Dec,Dec to Feb,104,32,15.0,52,70,120.3734572
58,5.275862069,Gazipur,Kharif 2,23.5,61.0,Oal Kachu,Sep,Oct to Dec,Dec to Feb,306,32,15.0,52,70,99.56718003
39,4.205128205,Gopalganj,Kharif 2,23.5,61.0,Oal Kachu,Sep,Oct to Dec,Dec to Feb,164,32,15.0,52,70,152.6901132
0,,Habiganj,Kharif 2,23.5,61.0,Oal Kachu,Sep,Oct to Dec,Dec to Feb,0,32,15.0,52,70,194.0866941
14,2.142857143,Jamalpur,Kharif 2,23.5,61.0,Oal Kachu,Sep,Oct to Dec,Dec to Feb,30,32,15.0,52,70,185.1509059
166,3.493975904,Jashore,Kharif 2,23.5,61.0,Oal Kachu,Sep,Oct to Dec,Dec to Feb,580,32,15.0,52,70,183.7271187
0,,Jhallokati,Kharif 2,23.5,61.0,Oal Kachu,Sep,Oct to Dec,Dec to Feb,0,32,15.0,52,70,125.0826767
400,5.4775,Jhenaidah,Kharif 2,23.5,61.0,Oal Kachu,Sep,Oct to Dec,Dec to Feb,2191,32,15.0,52,70,260.8590627
34,5.441176471,Joypurhat,Kharif 2,23.5,61.0,Oal Kachu,Sep,Oct to Dec,Dec to Feb,185,32,15.0,52,70,105.4722034
374,3.839572193,Khagrachari,Kharif 2,23.5,61.0,Oal Kachu,Sep,Oct to Dec,Dec to Feb,1436,32,15.0,52,70,233.3782359
149,2.872483221,Khulna,Kharif 2,23.5,61.0,Oal Kachu,Sep,Oct to Dec,Dec to Feb,428,32,15.0,52,70,76.05544186
0,,Kishoreganj,Kharif 2,23.5,61.0,Oal Kachu,Sep,Oct to Dec,Dec to Feb,0,32,15.0,52,70,41.08686368
2,5.5,Kurigram,Kharif 2,23.5,61.0,Oal Kachu,Sep,Oct to Dec,Dec to Feb,11,32,15.0,52,70,135.8596954
258,4.662790698,Kushtia,Kharif 2,23.5,61.0,Oal Kachu,Sep,Oct to Dec,Dec to Feb,1203,32,15.0,52,70,121.5057976
0,,Lakshmipur,Kharif 2,23.5,61.0,Oal Kachu,Sep,Oct to Dec,Dec to Feb,0,32,15.0,52,70,76.7670542
0,,Lalmonirhat,Kharif 2,23.5,61.0,Oal Kachu,Sep,Oct to Dec,Dec to Feb,0,32,15.0,52,70,145.772972
0,,Madaripur,Kharif 2,23.5,61.0,Oal Kachu,Sep,Oct to Dec,Dec to Feb,0,32,15.0,52,70,138.2139168
31,4.516129032,Magura,Kharif 2,23.5,61.0,Oal Kachu,Sep,Oct to Dec,Dec to Feb,140,32,15.0,52,70,161.7271889
0,,Manikganj,Kharif 2,23.5,61.0,Oal Kachu,Sep,Oct to Dec,Dec to Feb,0,32,15.0,52,70,153.1440919
110,7.690909091,Meherpur,Kharif 2,23.5,61.0,Oal Kachu,Sep,Oct to Dec,Dec to Feb,846,32,15.0,52,70,210.9092043
0,,Moulvibazar,Kharif 2,23.5,61.0,Oal Kachu,Sep,Oct to Dec,Dec to Feb,0,32,15.0,52,70,68.36457821
0,,Munshiganj,Kharif 2,23.5,61.0,Oal Kachu,Sep,Oct to Dec,Dec to Feb,0,32,15.0,52,70,174.1010231
15,4.133333333,Mymensingh,Kharif 2,23.5,61.0,Oal Kachu,Sep,Oct to Dec,Dec to Feb,62,32,15.0,52,70,208.6788803
94,2.244680851,Naogaon,Kharif 2,23.5,61.0,Oal Kachu,Sep,Oct to Dec,Dec to Feb,211,32,15.0,52,70,91.6401888
96,3.572916667,Narail,Kharif 2,23.5,61.0,Oal Kachu,Sep,Oct to Dec,Dec to Feb,343,32,15.0,52,70,155.1681409
51,3.117647059,Narayanganj,Kharif 2,23.5,61.0,Oal Kachu,Sep,Oct to Dec,Dec to Feb,159,32,15.0,52,70,82.38052388
0,,Narsingdi,Kharif 2,23.5,61.0,Oal Kachu,Sep,Oct to Dec,Dec to Feb,0,32,15.0,52,70,197.8883062
38,5.684210526,Natore,Kharif 2,23.5,61.0,Oal Kachu,Sep,Oct to Dec,Dec to Feb,216,32,15.0,52,70,151.0802166
0,,Netrokona,Kharif 2,23.5,61.0,Oal Kachu,Sep,Oct to Dec,Dec to Feb,0,32,15.0,52,70,77.07684376
29,5.413793103,Nilphamari,Kharif 2,23.5,61.0,Oal Kachu,Sep,Oct to Dec,Dec to Feb,157,32,15.0,52,70,171.2716609
0,,Noakhali,Kharif 2,23.5,61.0,Oal Kachu,Sep,Oct to Dec,Dec to Feb,0,32,15.0,52,70,118.8141344
62,2.322580645,Pabna,Kharif 2,23.5,61.0,Oal Kachu,Sep,Oct to Dec,Dec to Feb,144,32,15.0,52,70,104.3127647
0,,Panchagar,Kharif 2,23.5,61.0,Oal Kachu,Sep,Oct to Dec,Dec to Feb,0,32,15.0,52,70,117.3698898
0,,Patuakhali,Kharif 2,23.5,61.0,Oal Kachu,Sep,Oct to Dec,Dec to Feb,0,32,15.0,52,70,294.6381215
23,4.52173913,Pirojpur,Kharif 2,23.5,61.0,Oal Kachu,Sep,Oct to Dec,Dec to Feb,104,32,15.0,52,70,201.7452668
58,3.137931034,Rajbari,Kharif 2,23.5,61.0,Oal Kachu,Sep,Oct to Dec,Dec to Feb,182,32,15.0,52,70,174.5031495
62,6.112903226,Rajshahi,Kharif 2,23.5,61.0,Oal Kachu,Sep,Oct to Dec,Dec to Feb,379,32,15.0,52,70,178.0336353
392,3.321428571,Rangamati,Kharif 2,23.5,61.0,Oal Kachu,Sep,Oct to Dec,Dec to Feb,1302,32,15.0,52,70,100.5145233
56,3.232142857,Rangpur,Kharif 2,23.5,61.0,Oal Kachu,Sep,Oct to Dec,Dec to Feb,181,32,15.0,52,70,150.9857058
298,4.82885906,Satkhira,Kharif 2,23.5,61.0,Oal Kachu,Sep,Oct to Dec,Dec to Feb,1439,32,15.0,52,70,94.90157764
0,,Shariatpur,Kharif 2,23.5,61.0,Oal Kachu,Sep,Oct to Dec,Dec to Feb,0,32,15.0,52,70,119.3853453
0,,Sherpur,Kharif 2,23.5,61.0,Oal Kachu,Sep,Oct to Dec,Dec to Feb,0,32,15.0,52,70,116.3445344
16,3.0625,Sirajganj,Kharif 2,23.5,61.0,Oal Kachu,Sep,Oct to Dec,Dec to Feb,49,32,15.0,52,70,176.8745862
0,,Sunamganj,Kharif 2,23.5,61.0,Oal Kachu,Sep,Oct to Dec,Dec to Feb,0,32,15.0,52,70,134.2420862
0,,Sylhet,Kharif 2,23.5,61.0,Oal Kachu,Sep,Oct to Dec,Dec to Feb,0,32,15.0,52,70,150.5603468
0,,Tangail,Kharif 2,23.5,61.0,Oal Kachu,Sep,Oct to Dec,Dec to Feb,0,32,15.0,52,70,63.11627563
22,1.0,Thakurgaon,Kharif 2,23.5,61.0,Oal Kachu,Sep,Oct to Dec,Dec to Feb,22,32,15.0,52,70,143.2826248
328,2.259146341,Bagerhat,Rabi,20.0,67.5,Onion,Oct,Nov to Mar,Mar to Apr,741,25,15.0,65,70,221.3206764
127,1.511811024,Bandarban,Rabi,20.0,67.5,Onion,Oct,Nov to Mar,Mar to Apr,192,25,15.0,65,70,210.8079011
104,1.192307692,Barguna,Rabi,20.0,67.5,Onion,Oct,Nov to Mar,Mar to Apr,124,25,15.0,65,70,86.1540779
560,1.569642857,Barishal,Rabi,20.0,67.5,Onion,Oct,Nov to Mar,Mar to Apr,879,25,15.0,65,70,115.6386865
1581,2.269449715,Bhola,Rabi,20.0,67.5,Onion,Oct,Nov to Mar,Mar to Apr,3588,25,15.0,65,70,162.5947023
4797,2.718157182,Bogura,Rabi,20.0,67.5,Onion,Oct,Nov to Mar,Mar to Apr,13039,25,15.0,65,70,151.1792218
1097,2.704649043,Brahmanbaria,Rabi,20.0,67.5,Onion,Oct,Nov to Mar,Mar to Apr,2967,25,15.0,65,70,92.56509546
1796,2.56403118,Chandpur,Rabi,20.0,67.5,Onion,Oct,Nov to Mar,Mar to Apr,4605,25,15.0,65,70,127.8391117
7211,3.602829011,Chapai Nawabganj,Rabi,20.0,67.5,Onion,Oct,Nov to Mar,Mar to Apr,25980,25,15.0,65,70,276.9472084
173,1.433526012,Chattogram,Rabi,20.0,67.5,Onion,Oct,Nov to Mar,Mar to Apr,248,25,15.0,65,70,165.6126896
1699,5.803413773,Chuadanga,Rabi,20.0,67.5,Onion,Oct,Nov to Mar,Mar to Apr,9860,25,15.0,65,70,229.8598255
61,1.37704918,CoxsBazar,Rabi,20.0,67.5,Onion,Oct,Nov to Mar,Mar to Apr,84,25,15.0,65,70,136.7423415
349,2.813753582,Cumilla,Rabi,20.0,67.5,Onion,Oct,Nov to Mar,Mar to Apr,982,25,15.0,65,70,71.16560528
1147,3.585004359,Dhaka,Rabi,20.0,67.5,Onion,Oct,Nov to Mar,Mar to Apr,4112,25,15.0,65,70,231.9427443
5344,3.139595808,Dinajpur,Rabi,20.0,67.5,Onion,Oct,Nov to Mar,Mar to Apr,16778,25,15.0,65,70,190.969888
82105,5.426015468,Faridpur,Rabi,20.0,67.5,Onion,Oct,Nov to Mar,Mar to Apr,445503,25,15.0,65,70,104.3629296
25,1.72,Feni,Rabi,20.0,67.5,Onion,Oct,Nov to Mar,Mar to Apr,43,25,15.0,65,70,76.2828448
2684,2.43219076,Gaibandha,Rabi,20.0,67.5,Onion,Oct,Nov to Mar,Mar to Apr,6528,25,15.0,65,70,203.7238056
495,1.961616162,Gazipur,Rabi,20.0,67.5,Onion,Oct,Nov to Mar,Mar to Apr,971,25,15.0,65,70,199.6429477
4917,2.599145821,Gopalganj,Rabi,20.0,67.5,Onion,Oct,Nov to Mar,Mar to Apr,12780,25,15.0,65,70,160.3841085
156,2.493589744,Habiganj,Rabi,20.0,67.5,Onion,Oct,Nov to Mar,Mar to Apr,389,25,15.0,65,70,272.9452809
3740,2.902139037,Jamalpur,Rabi,20.0,67.5,Onion,Oct,Nov to Mar,Mar to Apr,10854,25,15.0,65,70,41.51914167
3093,4.151632719,Jashore,Rabi,20.0,67.5,Onion,Oct,Nov to Mar,Mar to Apr,12841,25,15.0,65,70,195.4757289
90,1.511111111,Jhallokati,Rabi,20.0,67.5,Onion,Oct,Nov to Mar,Mar to Apr,136,25,15.0,65,70,152.0168308
18557,5.468394676,Jhenaidah,Rabi,20.0,67.5,Onion,Oct,Nov to Mar,Mar to Apr,101477,25,15.0,65,70,168.3595542
1877,4.145444859,Joypurhat,Rabi,20.0,67.5,Onion,Oct,Nov to Mar,Mar to Apr,7781,25,15.0,65,70,109.8429025
54,1.518518519,Khagrachari,Rabi,20.0,67.5,Onion,Oct,Nov to Mar,Mar to Apr,82,25,15.0,65,70,207.3549565
307,3.195439739,Khulna,Rabi,20.0,67.5,Onion,Oct,Nov to Mar,Mar to Apr,981,25,15.0,65,70,183.3126865
1324,3.226586103,Kishoreganj,Rabi,20.0,67.5,Onion,Oct,Nov to Mar,Mar to Apr,4272,25,15.0,65,70,205.4826353
1103,2.334542158,Kurigram,Rabi,20.0,67.5,Onion,Oct,Nov to Mar,Mar to Apr,2575,25,15.0,65,70,135.6746851
26182,5.126957452,Kushtia,Rabi,20.0,67.5,Onion,Oct,Nov to Mar,Mar to Apr,134234,25,15.0,65,70,206.1789766
436,1.839449541,Lakshmipur,Rabi,20.0,67.5,Onion,Oct,Nov to Mar,Mar to Apr,802,25,15.0,65,70,190.9808963
1241,3.161160355,Lalmonirhat,Rabi,20.0,67.5,Onion,Oct,Nov to Mar,Mar to Apr,3923,25,15.0,65,70,126.6660299
8838,4.17413442,Madaripur,Rabi,20.0,67.5,Onion,Oct,Nov to Mar,Mar to Apr,36891,25,15.0,65,70,151.0461351
14096,4.049375709,Magura,Rabi,20.0,67.5,Onion,Oct,Nov to Mar,Mar to Apr,57080,25,15.0,65,70,99.1575896
18285,3.338091332,Manikganj,Rabi,20.0,67.5,Onion,Oct,Nov to Mar,Mar to Apr,61037,25,15.0,65,70,72.1339755
4929,10.57881923,Meherpur,Rabi,20.0,67.5,Onion,Oct,Nov to Mar,Mar to Apr,52143,25,15.0,65,70,138.7093318
90,2.288888889,Moulvibazar,Rabi,20.0,67.5,Onion,Oct,Nov to Mar,Mar to Apr,206,25,15.0,65,70,180.6874777
482,2.935684647,Munshiganj,Rabi,20.0,67.5,Onion,Oct,Nov to Mar,Mar to Apr,1415,25,15.0,65,70,190.1380659
1442,2.673370319,Mymensingh,Rabi,20.0,67.5,Onion,Oct,Nov to Mar,Mar to Apr,3855,25,15.0,65,70,169.1972776
6817,3.883379786,Naogaon,Rabi,20.0,67.5,Onion,Oct,Nov to Mar,Mar to Apr,26473,25,15.0,65,70,137.3932244
1493,3.204956463,Narail,Rabi,20.0,67.5,Onion,Oct,Nov to Mar,Mar to Apr,4785,25,15.0,65,70,118.3436542
648,2.166666667,Narayanganj,Rabi,20.0,67.5,Onion,Oct,Nov to Mar,Mar to Apr,1404,25,15.0,65,70,228.9408666
317,2.694006309,Narsingdi,Rabi,20.0,67.5,Onion,Oct,Nov to Mar,Mar to Apr,854,25,15.0,65,70,149.519285
11652,5.510127017,Natore,Rabi,20.0,67.5,Onion,Oct,Nov to Mar,Mar to Apr,64204,25,15.0,65,70,143.4294476
770,3.055844156,Netrokona,Rabi,20.0,67.5,Onion,Oct,Nov to Mar,Mar to Apr,2353,25,15.0,65,70,152.7427034
2556,3.922926448,Nilphamari,Rabi,20.0,67.5,Onion,Oct,Nov to Mar,Mar to Apr,10027,25,15.0,65,70,118.3765036
483,3.424430642,Noakhali,Rabi,20.0,67.5,Onion,Oct,Nov to Mar,Mar to Apr,1654,25,15.0,65,70,138.8080752
105918,4.807738062,Pabna,Rabi,20.0,67.5,Onion,Oct,Nov to Mar,Mar to Apr,509226,25,15.0,65,70,121.0203558
3521,3.619426299,Panchagar,Rabi,20.0,67.5,Onion,Oct,Nov to Mar,Mar to Apr,12744,25,15.0,65,70,110.9904503
102,1.745098039,Patuakhali,Rabi,20.0,67.5,Onion,Oct,Nov to Mar,Mar to Apr,178,25,15.0,65,70,86.62235882
60,1.166666667,Pirojpur,Rabi,20.0,67.5,Onion,Oct,Nov to Mar,Mar to Apr,70,25,15.0,65,70,201.3282276
67515,4.103280752,Rajbari,Rabi,20.0,67.5,Onion,Oct,Nov to Mar,Mar to Apr,277033,25,15.0,65,70,113.0286757
36170,6.893558197,Rajshahi,Rabi,20.0,67.5,Onion,Oct,Nov to Mar,Mar to Apr,249340,25,15.0,65,70,98.96530912
114,1.98245614,Rangamati,Rabi,20.0,67.5,Onion,Oct,Nov to Mar,Mar to Apr,226,25,15.0,65,70,204.3397924
4980,3.379718876,Rangpur,Rabi,20.0,67.5,Onion,Oct,Nov to Mar,Mar to Apr,16831,25,15.0,65,70,145.3750826
972,3.320987654,Satkhira,Rabi,20.0,67.5,Onion,Oct,Nov to Mar,Mar to Apr,3228,25,15.0,65,70,217.1494654
6555,4.251563692,Shariatpur,Rabi,20.0,67.5,Onion,Oct,Nov to Mar,Mar to Apr,27869,25,15.0,65,70,163.9388908
1278,2.773082942,Sherpur,Rabi,20.0,67.5,Onion,Oct,Nov to Mar,Mar to Apr,3544,25,15.0,65,70,150.0173032
1585,3.303470032,Sirajganj,Rabi,20.0,67.5,Onion,Oct,Nov to Mar,Mar to Apr,5236,25,15.0,65,70,92.40429318
321,2.769470405,Sunamganj,Rabi,20.0,67.5,Onion,Oct,Nov to Mar,Mar to Apr,889,25,15.0,65,70,203.9331797
313,3.24600639,Sylhet,Rabi,20.0,67.5,Onion,Oct,Nov to Mar,Mar to Apr,1016,25,15.0,65,70,207.8200579
2045,2.085574572,Tangail,Rabi,20.0,67.5,Onion,Oct,Nov to Mar,Mar to Apr,4265,25,15.0,65,70,150.4899824
984,2.343495935,Thakurgaon,Rabi,20.0,67.5,Onion,Oct,Nov to Mar,Mar to Apr,2306,25,15.0,65,70,240.4897036
135,23.9037037,Bagerhat,Rabi,20.0,60.0,Palmyra Palm,Sep,Oct to Nov,Nov to Feb,3227,25,15.0,50,70,93.3468076
0,,Bandarban,Rabi,20.0,60.0,Palmyra Palm,Sep,Oct to Nov,Nov to Feb,0,25,15.0,50,70,230.5399894
2219,0.582244254,Barguna,Rabi,20.0,60.0,Palmyra Palm,Sep,Oct to Nov,Nov to Feb,1292,25,15.0,50,70,164.1089494
535,1.304672897,Barishal,Rabi,20.0,60.0,Palmyra Palm,Sep,Oct to Nov,Nov to Feb,698,25,15.0,50,70,117.3168028
0,,Bhola,Rabi,20.0,60.0,Palmyra Palm,Sep,Oct to Nov,Nov to Feb,0,25,15.0,50,70,81.32454279
105,7.228571429,Bogura,Rabi,20.0,60.0,Palmyra Palm,Sep,Oct to Nov,Nov to Feb,759,25,15.0,50,70,60.83776481
0,,Brahmanbaria,Rabi,20.0,60.0,Palmyra Palm,Sep,Oct to Nov,Nov to Feb,0,25,15.0,50,70,80.01581953
0,,Chandpur,Rabi,20.0,60.0,Palmyra Palm,Sep,Oct to Nov,Nov to Feb,0,25,15.0,50,70,129.1311613
55,10.41818182,Chapai Nawabganj,Rabi,20.0,60.0,Palmyra Palm,Sep,Oct to Nov,Nov to Feb,573,25,15.0,50,70,139.107075
0,,Chattogram,Rabi,20.0,60.0,Palmyra Palm,Sep,Oct to Nov,Nov to Feb,0,25,15.0,50,70,197.176324
34,26.47058824,Chuadanga,Rabi,20.0,60.0,Palmyra Palm,Sep,Oct to Nov,Nov to Feb,900,25,15.0,50,70,98.90737348
0,,CoxsBazar,Rabi,20.0,60.0,Palmyra Palm,Sep,Oct to Nov,Nov to Feb,0,25,15.0,50,70,181.1421603
0,,Cumilla,Rabi,20.0,60.0,Palmyra Palm,Sep,Oct to Nov,Nov to Feb,0,25,15.0,50,70,60.6796831
6,21.33333333,Dhaka,Rabi,20.0,60.0,Palmyra Palm,Sep,Oct to Nov,Nov to Feb,128,25,15.0,50,70,145.4380682
45,4.133333333,Dinajpur,Rabi,20.0,60.0,Palmyra Palm,Sep,Oct to Nov,Nov to Feb,186,25,15.0,50,70,219.5061354
167,13.11377246,Faridpur,Rabi,20.0,60.0,Palmyra Palm,Sep,Oct to Nov,Nov to Feb,2190,25,15.0,50,70,20.06876226
0,,Feni,Rabi,20.0,60.0,Palmyra Palm,Sep,Oct to Nov,Nov to Feb,0,25,15.0,50,70,85.03987814
7,3.285714286,Gaibandha,Rabi,20.0,60.0,Palmyra Palm,Sep,Oct to Nov,Nov to Feb,23,25,15.0,50,70,109.442391
196,1.591836735,Gazipur,Rabi,20.0,60.0,Palmyra Palm,Sep,Oct to Nov,Nov to Feb,312,25,15.0,50,70,136.8591913
117,14.69230769,Gopalganj,Rabi,20.0,60.0,Palmyra Palm,Sep,Oct to Nov,Nov to Feb,1719,25,15.0,50,70,186.7328942
0,,Habiganj,Rabi,20.0,60.0,Palmyra Palm,Sep,Oct to Nov,Nov to Feb,0,25,15.0,50,70,190.5964603
42,0.190476191,Jamalpur,Rabi,20.0,60.0,Palmyra Palm,Sep,Oct to Nov,Nov to Feb,8,25,15.0,50,70,204.1120405
155,18.20645161,Jashore,Rabi,20.0,60.0,Palmyra Palm,Sep,Oct to Nov,Nov to Feb,2822,25,15.0,50,70,272.0377638
511,1.536203523,Jhallokati,Rabi,20.0,60.0,Palmyra Palm,Sep,Oct to Nov,Nov to Feb,785,25,15.0,50,70,247.9155106
57,26.14035088,Jhenaidah,Rabi,20.0,60.0,Palmyra Palm,Sep,Oct to Nov,Nov to Feb,1490,25,15.0,50,70,143.3483604
36,7.611111111,Joypurhat,Rabi,20.0,60.0,Palmyra Palm,Sep,Oct to Nov,Nov to Feb,274,25,15.0,50,70,107.7273913
0,,Khagrachari,Rabi,20.0,60.0,Palmyra Palm,Sep,Oct to Nov,Nov to Feb,0,25,15.0,50,70,220.3045812
243,4.913580247,Khulna,Rabi,20.0,60.0,Palmyra Palm,Sep,Oct to Nov,Nov to Feb,1194,25,15.0,50,70,143.6618955
7,10.71428571,Kishoreganj,Rabi,20.0,60.0,Palmyra Palm,Sep,Oct to Nov,Nov to Feb,75,25,15.0,50,70,82.20438226
0,,Kurigram,Rabi,20.0,60.0,Palmyra Palm,Sep,Oct to Nov,Nov to Feb,3,25,15.0,50,70,68.29027175
16,43.5,Kushtia,Rabi,20.0,60.0,Palmyra Palm,Sep,Oct to Nov,Nov to Feb,696,25,15.0,50,70,174.3163665
0,,Lakshmipur,Rabi,20.0,60.0,Palmyra Palm,Sep,Oct to Nov,Nov to Feb,0,25,15.0,50,70,246.9246565
17,9.176470588,Lalmonirhat,Rabi,20.0,60.0,Palmyra Palm,Sep,Oct to Nov,Nov to Feb,156,25,15.0,50,70,83.25348203
420,10.23809524,Madaripur,Rabi,20.0,60.0,Palmyra Palm,Sep,Oct to Nov,Nov to Feb,4300,25,15.0,50,70,109.5254057
131,13.73282443,Magura,Rabi,20.0,60.0,Palmyra Palm,Sep,Oct to Nov,Nov to Feb,1799,25,15.0,50,70,54.82236915
45,4.333333333,Manikganj,Rabi,20.0,60.0,Palmyra Palm,Sep,Oct to Nov,Nov to Feb,195,25,15.0,50,70,240.8201308
22,15.0,Meherpur,Rabi,20.0,60.0,Palmyra Palm,Sep,Oct to Nov,Nov to Feb,330,25,15.0,50,70,94.72784649
2,7.5,Moulvibazar,Rabi,20.0,60.0,Palmyra Palm,Sep,Oct to Nov,Nov to Feb,15,25,15.0,50,70,44.53187919
356,0.053370787,Munshiganj,Rabi,20.0,60.0,Palmyra Palm,Sep,Oct to Nov,Nov to Feb,19,25,15.0,50,70,196.158372
0,,Mymensingh,Rabi,20.0,60.0,Palmyra Palm,Sep,Oct to Nov,Nov to Feb,0,25,15.0,50,70,192.2896373
204,11.90686275,Naogaon,Rabi,20.0,60.0,Palmyra Palm,Sep,Oct to Nov,Nov to Feb,2429,25,15.0,50,70,211.31144
522,12.36781609,Narail,Rabi,20.0,60.0,Palmyra Palm,Sep,Oct to Nov,Nov to Feb,6456,25,15.0,50,70,159.5940878
4,7.75,Narayanganj,Rabi,20.0,60.0,Palmyra Palm,Sep,Oct to Nov,Nov to Feb,31,25,15.0,50,70,236.1684617
0,,Narsingdi,Rabi,20.0,60.0,Palmyra Palm,Sep,Oct to Nov,Nov to Feb,0,25,15.0,50,70,157.777609
151,9.284768212,Natore,Rabi,20.0,60.0,Palmyra Palm,Sep,Oct to Nov,Nov to Feb,1402,25,15.0,50,70,152.3899471
1,4.0,Netrokona,Rabi,20.0,60.0,Palmyra Palm,Sep,Oct to Nov,Nov to Feb,4,25,15.0,50,70,164.2835863
1,13.0,Nilphamari,Rabi,20.0,60.0,Palmyra Palm,Sep,Oct to Nov,Nov to Feb,13,25,15.0,50,70,122.5169068
0,,Noakhali,Rabi,20.0,60.0,Palmyra Palm,Sep,Oct to Nov,Nov to Feb,0,25,15.0,50,70,107.8286657
154,2.876623377,Pabna,Rabi,20.0,60.0,Palmyra Palm,Sep,Oct to Nov,Nov to Feb,443,25,15.0,50,70,134.4318119
2,0.0,Panchagar,Rabi,20.0,60.0,Palmyra Palm,Sep,Oct to Nov,Nov to Feb,0,25,15.0,50,70,182.7904354
1195,3.029288703,Patuakhali,Rabi,20.0,60.0,Palmyra Palm,Sep,Oct to Nov,Nov to Feb,3620,25,15.0,50,70,103.6434672
632,6.762658228,Pirojpur,Rabi,20.0,60.0,Palmyra Palm,Sep,Oct to Nov,Nov to Feb,4274,25,15.0,50,70,111.276947
106,13.60377358,Rajbari,Rabi,20.0,60.0,Palmyra Palm,Sep,Oct to Nov,Nov to Feb,1442,25,15.0,50,70,83.23526725
369,10.20867209,Rajshahi,Rabi,20.0,60.0,Palmyra Palm,Sep,Oct to Nov,Nov to Feb,3767,25,15.0,50,70,79.02055373
5,2.0,Rangamati,Rabi,20.0,60.0,Palmyra Palm,Sep,Oct to Nov,Nov to Feb,10,25,15.0,50,70,37.53586179
16,6.6875,Rangpur,Rabi,20.0,60.0,Palmyra Palm,Sep,Oct to Nov,Nov to Feb,107,25,15.0,50,70,111.9840818
804,7.391791045,Satkhira,Rabi,20.0,60.0,Palmyra Palm,Sep,Oct to Nov,Nov to Feb,5943,25,15.0,50,70,183.1387578
224,5.946428571,Shariatpur,Rabi,20.0,60.0,Palmyra Palm,Sep,Oct to Nov,Nov to Feb,1332,25,15.0,50,70,128.4454569
15,4.733333333,Sherpur,Rabi,20.0,60.0,Palmyra Palm,Sep,Oct to Nov,Nov to Feb,71,25,15.0,50,70,75.43621532
3,7.666666667,Sirajganj,Rabi,20.0,60.0,Palmyra Palm,Sep,Oct to Nov,Nov to Feb,23,25,15.0,50,70,258.5535647
0,,Sunamganj,Rabi,20.0,60.0,Palmyra Palm,Sep,Oct to Nov,Nov to Feb,0,25,15.0,50,70,231.6261707
0,,Sylhet,Rabi,20.0,60.0,Palmyra Palm,Sep,Oct to Nov,Nov to Feb,0,25,15.0,50,70,134.095473
0,,Tangail,Rabi,20.0,60.0,Palmyra Palm,Sep,Oct to Nov,Nov to Feb,0,25,15.0,50,70,147.1229827
1,19.0,Thakurgaon,Rabi,20.0,60.0,Palmyra Palm,Sep,Oct to Nov,Nov to Feb,19,25,15.0,50,70,214.2333503
611,3.024549918,Bagerhat,Kharif 2,21.0,70.0,Palong Shak,Aug,Sep to Jan,Feb,1848,30,12.0,65,75,116.9880648
119,1.445378151,Bandarban,Kharif 2,21.0,70.0,Palong Shak,Aug,Sep to Jan,Feb,172,30,12.0,65,75,159.8619349
86,1.523255814,Barguna,Kharif 2,21.0,70.0,Palong Shak,Aug,Sep to Jan,Feb,131,30,12.0,65,75,80.41705317
472,1.896186441,Barishal,Kharif 2,21.0,70.0,Palong Shak,Aug,Sep to Jan,Feb,895,30,12.0,65,75,106.0630857
230,2.065217391,Bhola,Kharif 2,21.0,70.0,Palong Shak,Aug,Sep to Jan,Feb,475,30,12.0,65,75,33.60300162
346,2.768786127,Bogura,Kharif 2,21.0,70.0,Palong Shak,Aug,Sep to Jan,Feb,958,30,12.0,65,75,152.4735502
274,2.02189781,Brahmanbaria,Kharif 2,21.0,70.0,Palong Shak,Aug,Sep to Jan,Feb,554,30,12.0,65,75,177.9786459
264,1.768939394,Chandpur,Kharif 2,21.0,70.0,Palong Shak,Aug,Sep to Jan,Feb,467,30,12.0,65,75,280.6701415
311,2.337620579,Chapai Nawabganj,Kharif 2,21.0,70.0,Palong Shak,Aug,Sep to Jan,Feb,727,30,12.0,65,75,136.0841673
921,1.989142237,Chattogram,Kharif 2,21.0,70.0,Palong Shak,Aug,Sep to Jan,Feb,1832,30,12.0,65,75,173.7186354
825,3.229090909,Chuadanga,Kharif 2,21.0,70.0,Palong Shak,Aug,Sep to Jan,Feb,2664,30,12.0,65,75,64.4915778
11,2.363636364,CoxsBazar,Kharif 2,21.0,70.0,Palong Shak,Aug,Sep to Jan,Feb,26,30,12.0,65,75,96.54744267
244,2.073770492,Cumilla,Kharif 2,21.0,70.0,Palong Shak,Aug,Sep to Jan,Feb,506,30,12.0,65,75,120.2486192
608,5.582236842,Dhaka,Kharif 2,21.0,70.0,Palong Shak,Aug,Sep to Jan,Feb,3394,30,12.0,65,75,50.56320754
395,1.574683544,Dinajpur,Kharif 2,21.0,70.0,Palong Shak,Aug,Sep to Jan,Feb,622,30,12.0,65,75,144.2391592
1218,1.922003284,Faridpur,Kharif 2,21.0,70.0,Palong Shak,Aug,Sep to Jan,Feb,2341,30,12.0,65,75,219.7997067
280,2.007142857,Feni,Kharif 2,21.0,70.0,Palong Shak,Aug,Sep to Jan,Feb,562,30,12.0,65,75,38.77033871
213,1.596244131,Gaibandha,Kharif 2,21.0,70.0,Palong Shak,Aug,Sep to Jan,Feb,340,30,12.0,65,75,139.4154146
202,2.222772277,Gazipur,Kharif 2,21.0,70.0,Palong Shak,Aug,Sep to Jan,Feb,449,30,12.0,65,75,115.4581114
405,2.565432099,Gopalganj,Kharif 2,21.0,70.0,Palong Shak,Aug,Sep to Jan,Feb,1039,30,12.0,65,75,125.2108474
33,2.939393939,Habiganj,Kharif 2,21.0,70.0,Palong Shak,Aug,Sep to Jan,Feb,97,30,12.0,65,75,80.92316051
1076,1.953531599,Jamalpur,Kharif 2,21.0,70.0,Palong Shak,Aug,Sep to Jan,Feb,2102,30,12.0,65,75,80.23030995
1415,2.909540636,Jashore,Kharif 2,21.0,70.0,Palong Shak,Aug,Sep to Jan,Feb,4117,30,12.0,65,75,173.7536547
182,0.945054945,Jhallokati,Kharif 2,21.0,70.0,Palong Shak,Aug,Sep to Jan,Feb,172,30,12.0,65,75,92.17769235
796,2.462311558,Jhenaidah,Kharif 2,21.0,70.0,Palong Shak,Aug,Sep to Jan,Feb,1960,30,12.0,65,75,176.9021396
177,2.531073446,Joypurhat,Kharif 2,21.0,70.0,Palong Shak,Aug,Sep to Jan,Feb,448,30,12.0,65,75,95.99207425
215,1.739534884,Khagrachari,Kharif 2,21.0,70.0,Palong Shak,Aug,Sep to Jan,Feb,374,30,12.0,65,75,145.2338676
479,2.311064718,Khulna,Kharif 2,21.0,70.0,Palong Shak,Aug,Sep to Jan,Feb,1107,30,12.0,65,75,182.816613
179,1.715083799,Kishoreganj,Kharif 2,21.0,70.0,Palong Shak,Aug,Sep to Jan,Feb,307,30,12.0,65,75,0.0
325,2.547692308,Kurigram,Kharif 2,21.0,70.0,Palong Shak,Aug,Sep to Jan,Feb,828,30,12.0,65,75,147.6447824
793,2.89407314,Kushtia,Kharif 2,21.0,70.0,Palong Shak,Aug,Sep to Jan,Feb,2295,30,12.0,65,75,138.6339344
197,1.274111675,Lakshmipur,Kharif 2,21.0,70.0,Palong Shak,Aug,Sep to Jan,Feb,251,30,12.0,65,75,47.79748506
250,2.412,Lalmonirhat,Kharif 2,21.0,70.0,Palong Shak,Aug,Sep to Jan,Feb,603,30,12.0,65,75,153.3190338
233,1.39055794,Madaripur,Kharif 2,21.0,70.0,Palong Shak,Aug,Sep to Jan,Feb,324,30,12.0,65,75,84.42582252
214,3.294392523,Magura,Kharif 2,21.0,70.0,Palong Shak,Aug,Sep to Jan,Feb,705,30,12.0,65,75,128.1522848
228,1.938596491,Manikganj,Kharif 2,21.0,70.0,Palong Shak,Aug,Sep to Jan,Feb,442,30,12.0,65,75,99.28949639
277,4.173285199,Meherpur,Kharif 2,21.0,70.0,Palong Shak,Aug,Sep to Jan,Feb,1156,30,12.0,65,75,73.90261212
114,0.947368421,Moulvibazar,Kharif 2,21.0,70.0,Palong Shak,Aug,Sep to Jan,Feb,108,30,12.0,65,75,186.5030905
469,1.330490405,Munshiganj,Kharif 2,21.0,70.0,Palong Shak,Aug,Sep to Jan,Feb,624,30,12.0,65,75,177.7001412
593,3.917369309,Mymensingh,Kharif 2,21.0,70.0,Palong Shak,Aug,Sep to Jan,Feb,2323,30,12.0,65,75,187.9091221
524,2.133587786,Naogaon,Kharif 2,21.0,70.0,Palong Shak,Aug,Sep to Jan,Feb,1118,30,12.0,65,75,98.02595538
448,3.075892857,Narail,Kharif 2,21.0,70.0,Palong Shak,Aug,Sep to Jan,Feb,1378,30,12.0,65,75,156.7101186
373,1.563002681,Narayanganj,Kharif 2,21.0,70.0,Palong Shak,Aug,Sep to Jan,Feb,583,30,12.0,65,75,109.1439631
137,1.277372263,Narsingdi,Kharif 2,21.0,70.0,Palong Shak,Aug,Sep to Jan,Feb,175,30,12.0,65,75,219.9757345
270,2.385185185,Natore,Kharif 2,21.0,70.0,Palong Shak,Aug,Sep to Jan,Feb,644,30,12.0,65,75,154.508272
118,2.389830508,Netrokona,Kharif 2,21.0,70.0,Palong Shak,Aug,Sep to Jan,Feb,282,30,12.0,65,75,123.0946723
339,2.439528024,Nilphamari,Kharif 2,21.0,70.0,Palong Shak,Aug,Sep to Jan,Feb,827,30,12.0,65,75,226.0830664
272,1.963235294,Noakhali,Kharif 2,21.0,70.0,Palong Shak,Aug,Sep to Jan,Feb,534,30,12.0,65,75,185.7155805
749,2.618157543,Pabna,Kharif 2,21.0,70.0,Palong Shak,Aug,Sep to Jan,Feb,1961,30,12.0,65,75,147.5176626
479,1.960334029,Panchagar,Kharif 2,21.0,70.0,Palong Shak,Aug,Sep to Jan,Feb,939,30,12.0,65,75,74.10023112
69,1.405797101,Patuakhali,Kharif 2,21.0,70.0,Palong Shak,Aug,Sep to Jan,Feb,97,30,12.0,65,75,157.8619697
123,1.756097561,Pirojpur,Kharif 2,21.0,70.0,Palong Shak,Aug,Sep to Jan,Feb,216,30,12.0,65,75,139.2855521
546,4.402930403,Rajbari,Kharif 2,21.0,70.0,Palong Shak,Aug,Sep to Jan,Feb,2404,30,12.0,65,75,127.097244
1026,2.338206628,Rajshahi,Kharif 2,21.0,70.0,Palong Shak,Aug,Sep to Jan,Feb,2399,30,12.0,65,75,106.8885361
137,0.802919708,Rangamati,Kharif 2,21.0,70.0,Palong Shak,Aug,Sep to Jan,Feb,110,30,12.0,65,75,85.9872923
423,1.617021277,Rangpur,Kharif 2,21.0,70.0,Palong Shak,Aug,Sep to Jan,Feb,684,30,12.0,65,75,41.78613928
590,2.449152542,Satkhira,Kharif 2,21.0,70.0,Palong Shak,Aug,Sep to Jan,Feb,1445,30,12.0,65,75,273.1858952
122,2.270491803,Shariatpur,Kharif 2,21.0,70.0,Palong Shak,Aug,Sep to Jan,Feb,277,30,12.0,65,75,185.7925542
162,3.043209877,Sherpur,Kharif 2,21.0,70.0,Palong Shak,Aug,Sep to Jan,Feb,493,30,12.0,65,75,148.1008282
606,2.554455446,Sirajganj,Kharif 2,21.0,70.0,Palong Shak,Aug,Sep to Jan,Feb,1548,30,12.0,65,75,111.9243604
53,2.056603774,Sunamganj,Kharif 2,21.0,70.0,Palong Shak,Aug,Sep to Jan,Feb,109,30,12.0,65,75,106.8725258
140,1.607142857,Sylhet,Kharif 2,21.0,70.0,Palong Shak,Aug,Sep to Jan,Feb,225,30,12.0,65,75,220.5682224
340,2.126470588,Tangail,Kharif 2,21.0,70.0,Palong Shak,Aug,Sep to Jan,Feb,723,30,12.0,65,75,209.840612
307,3.188925081,Thakurgaon,Kharif 2,21.0,70.0,Palong Shak,Aug,Sep to Jan,Feb,979,30,12.0,65,75,105.4307152
39,1.717948718,Bagerhat,Kharif 2,27.5,72.5,Patal,Aug,Sep to Jan,Jan to Mar,67,35,20.0,60,85,104.8536557
0,,Bandarban,Kharif 2,27.5,72.5,Patal,Aug,Sep to Jan,Jan to Mar,0,35,20.0,60,85,119.2240249
0,,Barguna,Kharif 2,27.5,72.5,Patal,Aug,Sep to Jan,Jan to Mar,0,35,20.0,60,85,267.5793469
0,,Barishal,Kharif 2,27.5,72.5,Patal,Aug,Sep to Jan,Jan to Mar,0,35,20.0,60,85,120.6588377
0,,Bhola,Kharif 2,27.5,72.5,Patal,Aug,Sep to Jan,Jan to Mar,0,35,20.0,60,85,182.0329501
749,3.770360481,Bogura,Kharif 2,27.5,72.5,Patal,Aug,Sep to Jan,Jan to Mar,2824,35,20.0,60,85,124.4720503
7,5.0,Brahmanbaria,Kharif 2,27.5,72.5,Patal,Aug,Sep to Jan,Jan to Mar,35,35,20.0,60,85,117.1358021
0,,Chandpur,Kharif 2,27.5,72.5,Patal,Aug,Sep to Jan,Jan to Mar,0,35,20.0,60,85,77.51174604
465,3.894623656,Chapai Nawabganj,Kharif 2,27.5,72.5,Patal,Aug,Sep to Jan,Jan to Mar,1811,35,20.0,60,85,223.7568792
8,1.25,Chattogram,Kharif 2,27.5,72.5,Patal,Aug,Sep to Jan,Jan to Mar,10,35,20.0,60,85,102.9944531
882,2.672335601,Chuadanga,Kharif 2,27.5,72.5,Patal,Aug,Sep to Jan,Jan to Mar,2357,35,20.0,60,85,102.4170866
5,1.2,CoxsBazar,Kharif 2,27.5,72.5,Patal,Aug,Sep to Jan,Jan to Mar,6,35,20.0,60,85,136.0398899
55,1.327272727,Cumilla,Kharif 2,27.5,72.5,Patal,Aug,Sep to Jan,Jan to Mar,73,35,20.0,60,85,148.9256753
912,1.400219298,Dhaka,Kharif 2,27.5,72.5,Patal,Aug,Sep to Jan,Jan to Mar,1277,35,20.0,60,85,95.17813588
866,2.474595843,Dinajpur,Kharif 2,27.5,72.5,Patal,Aug,Sep to Jan,Jan to Mar,2143,35,20.0,60,85,64.44178966
180,1.544444444,Faridpur,Kharif 2,27.5,72.5,Patal,Aug,Sep to Jan,Jan to Mar,278,35,20.0,60,85,212.0288298
13,2.307692308,Feni,Kharif 2,27.5,72.5,Patal,Aug,Sep to Jan,Jan to Mar,30,35,20.0,60,85,220.5075618
539,3.727272727,Gaibandha,Kharif 2,27.5,72.5,Patal,Aug,Sep to Jan,Jan to Mar,2009,35,20.0,60,85,186.2701713
89,1.483146067,Gazipur,Kharif 2,27.5,72.5,Patal,Aug,Sep to Jan,Jan to Mar,132,35,20.0,60,85,65.91342135
128,2.109375,Gopalganj,Kharif 2,27.5,72.5,Patal,Aug,Sep to Jan,Jan to Mar,270,35,20.0,60,85,127.7488684
0,,Habiganj,Kharif 2,27.5,72.5,Patal,Aug,Sep to Jan,Jan to Mar,0,35,20.0,60,85,121.9591065
343,1.932944606,Jamalpur,Kharif 2,27.5,72.5,Patal,Aug,Sep to Jan,Jan to Mar,663,35,20.0,60,85,274.1521018
3053,5.874222077,Jashore,Kharif 2,27.5,72.5,Patal,Aug,Sep to Jan,Jan to Mar,17934,35,20.0,60,85,179.1077914
0,,Jhallokati,Kharif 2,27.5,72.5,Patal,Aug,Sep to Jan,Jan to Mar,0,35,20.0,60,85,199.9535226
1749,4.427101201,Jhenaidah,Kharif 2,27.5,72.5,Patal,Aug,Sep to Jan,Jan to Mar,7743,35,20.0,60,85,175.4496656
623,3.422150883,Joypurhat,Kharif 2,27.5,72.5,Patal,Aug,Sep to Jan,Jan to Mar,2132,35,20.0,60,85,153.7272917
0,,Khagrachari,Kharif 2,27.5,72.5,Patal,Aug,Sep to Jan,Jan to Mar,0,35,20.0,60,85,100.8787726
106,1.575471698,Khulna,Kharif 2,27.5,72.5,Patal,Aug,Sep to Jan,Jan to Mar,167,35,20.0,60,85,195.8931219
74,2.472972973,Kishoreganj,Kharif 2,27.5,72.5,Patal,Aug,Sep to Jan,Jan to Mar,183,35,20.0,60,85,86.25021436
629,2.457869634,Kurigram,Kharif 2,27.5,72.5,Patal,Aug,Sep to Jan,Jan to Mar,1546,35,20.0,60,85,79.97506909
557,3.9497307,Kushtia,Kharif 2,27.5,72.5,Patal,Aug,Sep to Jan,Jan to Mar,2200,35,20.0,60,85,85.2861364
1,1.0,Lakshmipur,Kharif 2,27.5,72.5,Patal,Aug,Sep to Jan,Jan to Mar,1,35,20.0,60,85,191.6960016
305,2.603278689,Lalmonirhat,Kharif 2,27.5,72.5,Patal,Aug,Sep to Jan,Jan to Mar,794,35,20.0,60,85,186.6301577
18,4.333333333,Madaripur,Kharif 2,27.5,72.5,Patal,Aug,Sep to Jan,Jan to Mar,78,35,20.0,60,85,64.41022865
134,3.059701493,Magura,Kharif 2,27.5,72.5,Patal,Aug,Sep to Jan,Jan to Mar,410,35,20.0,60,85,180.8369351
459,1.806100218,Manikganj,Kharif 2,27.5,72.5,Patal,Aug,Sep to Jan,Jan to Mar,829,35,20.0,60,85,188.1457694
365,4.301369863,Meherpur,Kharif 2,27.5,72.5,Patal,Aug,Sep to Jan,Jan to Mar,1570,35,20.0,60,85,29.2756028
0,,Moulvibazar,Kharif 2,27.5,72.5,Patal,Aug,Sep to Jan,Jan to Mar,0,35,20.0,60,85,64.13584359
122,1.524590164,Munshiganj,Kharif 2,27.5,72.5,Patal,Aug,Sep to Jan,Jan to Mar,186,35,20.0,60,85,67.80945222
373,2.107238606,Mymensingh,Kharif 2,27.5,72.5,Patal,Aug,Sep to Jan,Jan to Mar,786,35,20.0,60,85,128.2217013
1467,4.170415815,Naogaon,Kharif 2,27.5,72.5,Patal,Aug,Sep to Jan,Jan to Mar,6118,35,20.0,60,85,107.1724918
231,4.32034632,Narail,Kharif 2,27.5,72.5,Patal,Aug,Sep to Jan,Jan to Mar,998,35,20.0,60,85,153.3017473
191,3.240837696,Narayanganj,Kharif 2,27.5,72.5,Patal,Aug,Sep to Jan,Jan to Mar,619,35,20.0,60,85,197.9957574
83,2.012048193,Narsingdi,Kharif 2,27.5,72.5,Patal,Aug,Sep to Jan,Jan to Mar,167,35,20.0,60,85,251.279656
493,4.202839757,Natore,Kharif 2,27.5,72.5,Patal,Aug,Sep to Jan,Jan to Mar,2072,35,20.0,60,85,96.77377807
378,4.703703704,Netrokona,Kharif 2,27.5,72.5,Patal,Aug,Sep to Jan,Jan to Mar,1778,35,20.0,60,85,179.5018197
332,3.18373494,Nilphamari,Kharif 2,27.5,72.5,Patal,Aug,Sep to Jan,Jan to Mar,1057,35,20.0,60,85,197.6605514
0,,Noakhali,Kharif 2,27.5,72.5,Patal,Aug,Sep to Jan,Jan to Mar,0,35,20.0,60,85,176.9805787
3019,4.001656178,Pabna,Kharif 2,27.5,72.5,Patal,Aug,Sep to Jan,Jan to Mar,12081,35,20.0,60,85,138.1008832
248,2.108870968,Panchagar,Kharif 2,27.5,72.5,Patal,Aug,Sep to Jan,Jan to Mar,523,35,20.0,60,85,205.6060341
0,,Patuakhali,Kharif 2,27.5,72.5,Patal,Aug,Sep to Jan,Jan to Mar,0,35,20.0,60,85,179.3964252
0,,Pirojpur,Kharif 2,27.5,72.5,Patal,Aug,Sep to Jan,Jan to Mar,0,35,20.0,60,85,231.7834413
670,4.965671642,Rajbari,Kharif 2,27.5,72.5,Patal,Aug,Sep to Jan,Jan to Mar,3327,35,20.0,60,85,138.6343921
1709,5.61732007,Rajshahi,Kharif 2,27.5,72.5,Patal,Aug,Sep to Jan,Jan to Mar,9600,35,20.0,60,85,165.8270491
7,1.714285714,Rangamati,Kharif 2,27.5,72.5,Patal,Aug,Sep to Jan,Jan to Mar,12,35,20.0,60,85,201.7712183
830,2.893975904,Rangpur,Kharif 2,27.5,72.5,Patal,Aug,Sep to Jan,Jan to Mar,2402,35,20.0,60,85,222.3735415
1049,2.984747378,Satkhira,Kharif 2,27.5,72.5,Patal,Aug,Sep to Jan,Jan to Mar,3131,35,20.0,60,85,42.98460233
42,1.952380952,Shariatpur,Kharif 2,27.5,72.5,Patal,Aug,Sep to Jan,Jan to Mar,82,35,20.0,60,85,95.14259189
285,3.438596491,Sherpur,Kharif 2,27.5,72.5,Patal,Aug,Sep to Jan,Jan to Mar,980,35,20.0,60,85,75.91663915
169,3.698224852,Sirajganj,Kharif 2,27.5,72.5,Patal,Aug,Sep to Jan,Jan to Mar,625,35,20.0,60,85,111.2825649
6,2.333333333,Sunamganj,Kharif 2,27.5,72.5,Patal,Aug,Sep to Jan,Jan to Mar,14,35,20.0,60,85,222.1238433
26,1.576923077,Sylhet,Kharif 2,27.5,72.5,Patal,Aug,Sep to Jan,Jan to Mar,41,35,20.0,60,85,133.0271033
296,3.084459459,Tangail,Kharif 2,27.5,72.5,Patal,Aug,Sep to Jan,Jan to Mar,913,35,20.0,60,85,237.6795959
664,2.042168675,Thakurgaon,Kharif 2,27.5,72.5,Patal,Aug,Sep to Jan,Jan to Mar,1356,35,20.0,60,85,170.9738288
46,1.326086957,Bagerhat,Kharif 2,26.5,75.0,Pineapple,Sep,Sep to May,Jun to Aug,61,35,18.0,70,80,188.246789
1541,4.063595068,Bandarban,Kharif 2,26.5,75.0,Pineapple,Sep,Sep to May,Jun to Aug,6262,35,18.0,70,80,191.5237793
82,1.646341463,Barguna,Kharif 2,26.5,75.0,Pineapple,Sep,Sep to May,Jun to Aug,135,35,18.0,70,80,156.3126521
28,1.607142857,Barishal,Kharif 2,26.5,75.0,Pineapple,Sep,Sep to May,Jun to Aug,45,35,18.0,70,80,146.1681387
53,1.924528302,Bhola,Kharif 2,26.5,75.0,Pineapple,Sep,Sep to May,Jun to Aug,102,35,18.0,70,80,259.5480529
6,3.0,Bogura,Kharif 2,26.5,75.0,Pineapple,Sep,Sep to May,Jun to Aug,18,35,18.0,70,80,151.9345058
36,1.388888889,Brahmanbaria,Kharif 2,26.5,75.0,Pineapple,Sep,Sep to May,Jun to Aug,50,35,18.0,70,80,104.1382062
5,1.2,Chandpur,Kharif 2,26.5,75.0,Pineapple,Sep,Sep to May,Jun to Aug,6,35,18.0,70,80,94.42394455
0,,Chapai Nawabganj,Kharif 2,26.5,75.0,Pineapple,Sep,Sep to May,Jun to Aug,0,35,18.0,70,80,113.887664
2122,3.885485391,Chattogram,Kharif 2,26.5,75.0,Pineapple,Sep,Sep to May,Jun to Aug,8245,35,18.0,70,80,139.6569922
0,,Chuadanga,Kharif 2,26.5,75.0,Pineapple,Sep,Sep to May,Jun to Aug,0,35,18.0,70,80,186.4918668
328,6.463414634,CoxsBazar,Kharif 2,26.5,75.0,Pineapple,Sep,Sep to May,Jun to Aug,2120,35,18.0,70,80,184.9200467
32,3.46875,Cumilla,Kharif 2,26.5,75.0,Pineapple,Sep,Sep to May,Jun to Aug,111,35,18.0,70,80,209.0174772
0,,Dhaka,Kharif 2,26.5,75.0,Pineapple,Sep,Sep to May,Jun to Aug,0,35,18.0,70,80,119.8042791
0,,Dinajpur,Kharif 2,26.5,75.0,Pineapple,Sep,Sep to May,Jun to Aug,0,35,18.0,70,80,27.33986775
0,,Faridpur,Kharif 2,26.5,75.0,Pineapple,Sep,Sep to May,Jun to Aug,0,35,18.0,70,80,17.68953163
20,2.6,Feni,Kharif 2,26.5,75.0,Pineapple,Sep,Sep to May,Jun to Aug,52,35,18.0,70,80,174.3600275
0,,Gaibandha,Kharif 2,26.5,75.0,Pineapple,Sep,Sep to May,Jun to Aug,0,35,18.0,70,80,141.7423944
2867,3.705615626,Gazipur,Kharif 2,26.5,75.0,Pineapple,Sep,Sep to May,Jun to Aug,10624,35,18.0,70,80,16.66521803
0,,Gopalganj,Kharif 2,26.5,75.0,Pineapple,Sep,Sep to May,Jun to Aug,0,35,18.0,70,80,146.569163
467,3.406852248,Habiganj,Kharif 2,26.5,75.0,Pineapple,Sep,Sep to May,Jun to Aug,1591,35,18.0,70,80,140.6777914
101,2.910891089,Jamalpur,Kharif 2,26.5,75.0,Pineapple,Sep,Sep to May,Jun to Aug,294,35,18.0,70,80,0.0
107,3.485981308,Jashore,Kharif 2,26.5,75.0,Pineapple,Sep,Sep to May,Jun to Aug,373,35,18.0,70,80,96.33742153
0,,Jhallokati,Kharif 2,26.5,75.0,Pineapple,Sep,Sep to May,Jun to Aug,0,35,18.0,70,80,231.4818111
1,2.0,Jhenaidah,Kharif 2,26.5,75.0,Pineapple,Sep,Sep to May,Jun to Aug,2,35,18.0,70,80,47.55331022
0,,Joypurhat,Kharif 2,26.5,75.0,Pineapple,Sep,Sep to May,Jun to Aug,0,35,18.0,70,80,144.0839584
2133,3.953117675,Khagrachari,Kharif 2,26.5,75.0,Pineapple,Sep,Sep to May,Jun to Aug,8432,35,18.0,70,80,10.14802139
17,3.470588235,Khulna,Kharif 2,26.5,75.0,Pineapple,Sep,Sep to May,Jun to Aug,59,35,18.0,70,80,48.86072865
10,4.8,Kishoreganj,Kharif 2,26.5,75.0,Pineapple,Sep,Sep to May,Jun to Aug,48,35,18.0,70,80,81.22293612
24,3.958333333,Kurigram,Kharif 2,26.5,75.0,Pineapple,Sep,Sep to May,Jun to Aug,95,35,18.0,70,80,191.0391838
0,,Kushtia,Kharif 2,26.5,75.0,Pineapple,Sep,Sep to May,Jun to Aug,0,35,18.0,70,80,158.3072783
28,2.714285714,Lakshmipur,Kharif 2,26.5,75.0,Pineapple,Sep,Sep to May,Jun to Aug,76,35,18.0,70,80,301.3106345
10,2.1,Lalmonirhat,Kharif 2,26.5,75.0,Pineapple,Sep,Sep to May,Jun to Aug,21,35,18.0,70,80,146.6981604
0,,Madaripur,Kharif 2,26.5,75.0,Pineapple,Sep,Sep to May,Jun to Aug,0,35,18.0,70,80,179.1296357
0,,Magura,Kharif 2,26.5,75.0,Pineapple,Sep,Sep to May,Jun to Aug,0,35,18.0,70,80,51.9975439
0,,Manikganj,Kharif 2,26.5,75.0,Pineapple,Sep,Sep to May,Jun to Aug,0,35,18.0,70,80,123.645568
0,,Meherpur,Kharif 2,26.5,75.0,Pineapple,Sep,Sep to May,Jun to Aug,0,35,18.0,70,80,77.14361389
1099,5.700636943,Moulvibazar,Kharif 2,26.5,75.0,Pineapple,Sep,Sep to May,Jun to Aug,6265,35,18.0,70,80,117.6216736
0,,Munshiganj,Kharif 2,26.5,75.0,Pineapple,Sep,Sep to May,Jun to Aug,0,35,18.0,70,80,200.5610187
739,8.765899865,Mymensingh,Kharif 2,26.5,75.0,Pineapple,Sep,Sep to May,Jun to Aug,6478,35,18.0,70,80,197.7119298
0,,Naogaon,Kharif 2,26.5,75.0,Pineapple,Sep,Sep to May,Jun to Aug,0,35,18.0,70,80,155.6661758
0,,Narail,Kharif 2,26.5,75.0,Pineapple,Sep,Sep to May,Jun to Aug,0,35,18.0,70,80,260.1801531
12,4.5,Narayanganj,Kharif 2,26.5,75.0,Pineapple,Sep,Sep to May,Jun to Aug,54,35,18.0,70,80,123.3711185
273,4.652014652,Narsingdi,Kharif 2,26.5,75.0,Pineapple,Sep,Sep to May,Jun to Aug,1270,35,18.0,70,80,60.25382306
0,,Natore,Kharif 2,26.5,75.0,Pineapple,Sep,Sep to May,Jun to Aug,0,35,18.0,70,80,225.2096848
34,4.823529412,Netrokona,Kharif 2,26.5,75.0,Pineapple,Sep,Sep to May,Jun to Aug,164,35,18.0,70,80,179.0985404
9,6.222222222,Nilphamari,Kharif 2,26.5,75.0,Pineapple,Sep,Sep to May,Jun to Aug,56,35,18.0,70,80,26.32015339
23,1.217391304,Noakhali,Kharif 2,26.5,75.0,Pineapple,Sep,Sep to May,Jun to Aug,28,35,18.0,70,80,119.7341501
0,,Pabna,Kharif 2,26.5,75.0,Pineapple,Sep,Sep to May,Jun to Aug,0,35,18.0,70,80,94.97439904
17,2.588235294,Panchagar,Kharif 2,26.5,75.0,Pineapple,Sep,Sep to May,Jun to Aug,44,35,18.0,70,80,55.69788883
130,2.569230769,Patuakhali,Kharif 2,26.5,75.0,Pineapple,Sep,Sep to May,Jun to Aug,334,35,18.0,70,80,157.0942445
36,2.472222222,Pirojpur,Kharif 2,26.5,75.0,Pineapple,Sep,Sep to May,Jun to Aug,89,35,18.0,70,80,159.5405311
0,,Rajbari,Kharif 2,26.5,75.0,Pineapple,Sep,Sep to May,Jun to Aug,0,35,18.0,70,80,86.80575644
0,,Rajshahi,Kharif 2,26.5,75.0,Pineapple,Sep,Sep to May,Jun to Aug,0,35,18.0,70,80,126.5405783
3314,7.592033796,Rangamati,Kharif 2,26.5,75.0,Pineapple,Sep,Sep to May,Jun to Aug,25160,35,18.0,70,80,154.4042092
46,2.086956522,Rangpur,Kharif 2,26.5,75.0,Pineapple,Sep,Sep to May,Jun to Aug,96,35,18.0,70,80,278.1863858
24,2.75,Satkhira,Kharif 2,26.5,75.0,Pineapple,Sep,Sep to May,Jun to Aug,66,35,18.0,70,80,191.197421
0,,Shariatpur,Kharif 2,26.5,75.0,Pineapple,Sep,Sep to May,Jun to Aug,0,35,18.0,70,80,31.23318762
45,5.777777778,Sherpur,Kharif 2,26.5,75.0,Pineapple,Sep,Sep to May,Jun to Aug,260,35,18.0,70,80,162.6331222
0,,Sirajganj,Kharif 2,26.5,75.0,Pineapple,Sep,Sep to May,Jun to Aug,0,35,18.0,70,80,188.3928343
32,2.75,Sunamganj,Kharif 2,26.5,75.0,Pineapple,Sep,Sep to May,Jun to Aug,88,35,18.0,70,80,225.0789669
340,3.047058824,Sylhet,Kharif 2,26.5,75.0,Pineapple,Sep,Sep to May,Jun to Aug,1036,35,18.0,70,80,91.95965509
17992,7.102879057,Tangail,Kharif 2,26.5,75.0,Pineapple,Sep,Sep to May,Jun to Aug,127795,35,18.0,70,80,58.24505693
17,2.117647059,Thakurgaon,Kharif 2,26.5,75.0,Pineapple,Sep,Sep to May,Jun to Aug,36,35,18.0,70,80,191.4993245
459,2.851851852,Bagerhat,Kharif 2,21.0,70.0,Puishak,Aug,Sep to Jan,Feb,1309,30,12.0,65,75,196.1698596
192,1.671875,Bandarban,Kharif 2,21.0,70.0,Puishak,Aug,Sep to Jan,Feb,321,30,12.0,65,75,141.3761895
116,2.422413793,Barguna,Kharif 2,21.0,70.0,Puishak,Aug,Sep to Jan,Feb,281,30,12.0,65,75,110.8514535
681,2.720998532,Barishal,Kharif 2,21.0,70.0,Puishak,Aug,Sep to Jan,Feb,1853,30,12.0,65,75,159.8772315
521,2.775431862,Bhola,Kharif 2,21.0,70.0,Puishak,Aug,Sep to Jan,Feb,1446,30,12.0,65,75,150.5107914
273,3.139194139,Bogura,Kharif 2,21.0,70.0,Puishak,Aug,Sep to Jan,Feb,857,30,12.0,65,75,225.893247
626,4.083067093,Brahmanbaria,Kharif 2,21.0,70.0,Puishak,Aug,Sep to Jan,Feb,2556,30,12.0,65,75,208.2503631
268,2.320895522,Chandpur,Kharif 2,21.0,70.0,Puishak,Aug,Sep to Jan,Feb,622,30,12.0,65,75,151.7978977
189,2.714285714,Chapai Nawabganj,Kharif 2,21.0,70.0,Puishak,Aug,Sep to Jan,Feb,513,30,12.0,65,75,187.6630624
824,3.858009709,Chattogram,Kharif 2,21.0,70.0,Puishak,Aug,Sep to Jan,Feb,3179,30,12.0,65,75,150.469583
751,2.952063915,Chuadanga,Kharif 2,21.0,70.0,Puishak,Aug,Sep to Jan,Feb,2217,30,12.0,65,75,149.4898862
104,1.961538462,CoxsBazar,Kharif 2,21.0,70.0,Puishak,Aug,Sep to Jan,Feb,204,30,12.0,65,75,165.6740301
936,3.003205128,Cumilla,Kharif 2,21.0,70.0,Puishak,Aug,Sep to Jan,Feb,2811,30,12.0,65,75,41.86351642
914,2.214442013,Dhaka,Kharif 2,21.0,70.0,Puishak,Aug,Sep to Jan,Feb,2024,30,12.0,65,75,87.79850325
562,3.224199288,Dinajpur,Kharif 2,21.0,70.0,Puishak,Aug,Sep to Jan,Feb,1812,30,12.0,65,75,67.0359537
564,2.25177305,Faridpur,Kharif 2,21.0,70.0,Puishak,Aug,Sep to Jan,Feb,1270,30,12.0,65,75,169.8878508
145,1.875862069,Feni,Kharif 2,21.0,70.0,Puishak,Aug,Sep to Jan,Feb,272,30,12.0,65,75,261.1694403
254,2.035433071,Gaibandha,Kharif 2,21.0,70.0,Puishak,Aug,Sep to Jan,Feb,517,30,12.0,65,75,235.6522327
399,2.127819549,Gazipur,Kharif 2,21.0,70.0,Puishak,Aug,Sep to Jan,Feb,849,30,12.0,65,75,142.3360011
403,5.76426799,Gopalganj,Kharif 2,21.0,70.0,Puishak,Aug,Sep to Jan,Feb,2323,30,12.0,65,75,59.78373641
109,4.018348624,Habiganj,Kharif 2,21.0,70.0,Puishak,Aug,Sep to Jan,Feb,438,30,12.0,65,75,200.476932
415,2.708433735,Jamalpur,Kharif 2,21.0,70.0,Puishak,Aug,Sep to Jan,Feb,1124,30,12.0,65,75,177.8058174
1063,5.380997178,Jashore,Kharif 2,21.0,70.0,Puishak,Aug,Sep to Jan,Feb,5720,30,12.0,65,75,143.0198453
454,2.625550661,Jhallokati,Kharif 2,21.0,70.0,Puishak,Aug,Sep to Jan,Feb,1192,30,12.0,65,75,81.19604125
742,6.080862534,Jhenaidah,Kharif 2,21.0,70.0,Puishak,Aug,Sep to Jan,Feb,4512,30,12.0,65,75,166.2093962
157,4.299363057,Joypurhat,Kharif 2,21.0,70.0,Puishak,Aug,Sep to Jan,Feb,675,30,12.0,65,75,193.2539537
457,1.934354486,Khagrachari,Kharif 2,21.0,70.0,Puishak,Aug,Sep to Jan,Feb,884,30,12.0,65,75,125.4378502
408,3.600490196,Khulna,Kharif 2,21.0,70.0,Puishak,Aug,Sep to Jan,Feb,1469,30,12.0,65,75,129.9038948
293,3.122866894,Kishoreganj,Kharif 2,21.0,70.0,Puishak,Aug,Sep to Jan,Feb,915,30,12.0,65,75,165.0610296
180,2.877777778,Kurigram,Kharif 2,21.0,70.0,Puishak,Aug,Sep to Jan,Feb,518,30,12.0,65,75,177.5320991
664,7.682228916,Kushtia,Kharif 2,21.0,70.0,Puishak,Aug,Sep to Jan,Feb,5101,30,12.0,65,75,105.6257296
246,1.963414634,Lakshmipur,Kharif 2,21.0,70.0,Puishak,Aug,Sep to Jan,Feb,483,30,12.0,65,75,224.1347677
275,2.265454545,Lalmonirhat,Kharif 2,21.0,70.0,Puishak,Aug,Sep to Jan,Feb,623,30,12.0,65,75,108.1173057
175,3.508571429,Madaripur,Kharif 2,21.0,70.0,Puishak,Aug,Sep to Jan,Feb,614,30,12.0,65,75,107.4108626
228,4.938596491,Magura,Kharif 2,21.0,70.0,Puishak,Aug,Sep to Jan,Feb,1126,30,12.0,65,75,113.8649154
435,2.834482759,Manikganj,Kharif 2,21.0,70.0,Puishak,Aug,Sep to Jan,Feb,1233,30,12.0,65,75,128.1680972
358,11.09776536,Meherpur,Kharif 2,21.0,70.0,Puishak,Aug,Sep to Jan,Feb,3973,30,12.0,65,75,264.5649484
167,2.550898204,Moulvibazar,Kharif 2,21.0,70.0,Puishak,Aug,Sep to Jan,Feb,426,30,12.0,65,75,122.5545708
393,1.590330789,Munshiganj,Kharif 2,21.0,70.0,Puishak,Aug,Sep to Jan,Feb,625,30,12.0,65,75,84.53406927
991,3.144298688,Mymensingh,Kharif 2,21.0,70.0,Puishak,Aug,Sep to Jan,Feb,3116,30,12.0,65,75,253.3903126
366,4.265027322,Naogaon,Kharif 2,21.0,70.0,Puishak,Aug,Sep to Jan,Feb,1561,30,12.0,65,75,141.5771674
309,6.368932039,Narail,Kharif 2,21.0,70.0,Puishak,Aug,Sep to Jan,Feb,1968,30,12.0,65,75,186.3034622
679,2.459499264,Narayanganj,Kharif 2,21.0,70.0,Puishak,Aug,Sep to Jan,Feb,1670,30,12.0,65,75,324.7070131
177,2.971751412,Narsingdi,Kharif 2,21.0,70.0,Puishak,Aug,Sep to Jan,Feb,526,30,12.0,65,75,140.3458
343,3.903790087,Natore,Kharif 2,21.0,70.0,Puishak,Aug,Sep to Jan,Feb,1339,30,12.0,65,75,142.0172402
243,4.905349794,Netrokona,Kharif 2,21.0,70.0,Puishak,Aug,Sep to Jan,Feb,1192,30,12.0,65,75,120.5133962
312,3.871794872,Nilphamari,Kharif 2,21.0,70.0,Puishak,Aug,Sep to Jan,Feb,1208,30,12.0,65,75,114.975452
474,1.305907173,Noakhali,Kharif 2,21.0,70.0,Puishak,Aug,Sep to Jan,Feb,619,30,12.0,65,75,206.0656761
844,4.356635071,Pabna,Kharif 2,21.0,70.0,Puishak,Aug,Sep to Jan,Feb,3677,30,12.0,65,75,189.5772462
311,2.610932476,Panchagar,Kharif 2,21.0,70.0,Puishak,Aug,Sep to Jan,Feb,812,30,12.0,65,75,262.8870619
166,2.530120482,Patuakhali,Kharif 2,21.0,70.0,Puishak,Aug,Sep to Jan,Feb,420,30,12.0,65,75,113.9929966
268,2.182835821,Pirojpur,Kharif 2,21.0,70.0,Puishak,Aug,Sep to Jan,Feb,585,30,12.0,65,75,218.4392176
577,6.405545927,Rajbari,Kharif 2,21.0,70.0,Puishak,Aug,Sep to Jan,Feb,3696,30,12.0,65,75,188.6025923
682,4.54398827,Rajshahi,Kharif 2,21.0,70.0,Puishak,Aug,Sep to Jan,Feb,3099,30,12.0,65,75,285.4239998
466,1.673819742,Rangamati,Kharif 2,21.0,70.0,Puishak,Aug,Sep to Jan,Feb,780,30,12.0,65,75,147.6664569
418,2.227272727,Rangpur,Kharif 2,21.0,70.0,Puishak,Aug,Sep to Jan,Feb,931,30,12.0,65,75,271.548015
861,4.178861789,Satkhira,Kharif 2,21.0,70.0,Puishak,Aug,Sep to Jan,Feb,3598,30,12.0,65,75,153.080024
239,4.041841004,Shariatpur,Kharif 2,21.0,70.0,Puishak,Aug,Sep to Jan,Feb,966,30,12.0,65,75,146.0995195
367,4.081743869,Sherpur,Kharif 2,21.0,70.0,Puishak,Aug,Sep to Jan,Feb,1498,30,12.0,65,75,216.893855
270,5.47037037,Sirajganj,Kharif 2,21.0,70.0,Puishak,Aug,Sep to Jan,Feb,1477,30,12.0,65,75,282.0558563
166,3.36746988,Sunamganj,Kharif 2,21.0,70.0,Puishak,Aug,Sep to Jan,Feb,559,30,12.0,65,75,251.3824454
115,1.634782609,Sylhet,Kharif 2,21.0,70.0,Puishak,Aug,Sep to Jan,Feb,188,30,12.0,65,75,123.4425414
914,2.915754923,Tangail,Kharif 2,21.0,70.0,Puishak,Aug,Sep to Jan,Feb,2665,30,12.0,65,75,174.9890699
318,3.022012579,Thakurgaon,Kharif 2,21.0,70.0,Puishak,Aug,Sep to Jan,Feb,961,30,12.0,65,75,141.4639346
565,3.408849558,Bagerhat,Rabi,20.0,60.0,Pumpkin,Sep,Oct to Nov,Nov to Feb,1926,25,15.0,50,70,239.3058218
356,2.629213483,Bandarban,Rabi,20.0,60.0,Pumpkin,Sep,Oct to Nov,Nov to Feb,936,25,15.0,50,70,0.0
224,3.053571429,Barguna,Rabi,20.0,60.0,Pumpkin,Sep,Oct to Nov,Nov to Feb,684,25,15.0,50,70,105.0579562
761,3.494086728,Barishal,Rabi,20.0,60.0,Pumpkin,Sep,Oct to Nov,Nov to Feb,2659,25,15.0,50,70,104.3428164
513,6.966861598,Bhola,Rabi,20.0,60.0,Pumpkin,Sep,Oct to Nov,Nov to Feb,3574,25,15.0,50,70,92.30429318
697,3.901004304,Bogura,Rabi,20.0,60.0,Pumpkin,Sep,Oct to Nov,Nov to Feb,2719,25,15.0,50,70,287.2773835
415,3.122891566,Brahmanbaria,Rabi,20.0,60.0,Pumpkin,Sep,Oct to Nov,Nov to Feb,1296,25,15.0,50,70,56.26732897
684,4.875730994,Chandpur,Rabi,20.0,60.0,Pumpkin,Sep,Oct to Nov,Nov to Feb,3335,25,15.0,50,70,145.548391
346,3.315028902,Chapai Nawabganj,Rabi,20.0,60.0,Pumpkin,Sep,Oct to Nov,Nov to Feb,1147,25,15.0,50,70,169.7901181
2067,4.892114175,Chattogram,Rabi,20.0,60.0,Pumpkin,Sep,Oct to Nov,Nov to Feb,10112,25,15.0,50,70,94.8089184
1788,6.016778523,Chuadanga,Rabi,20.0,60.0,Pumpkin,Sep,Oct to Nov,Nov to Feb,10758,25,15.0,50,70,147.7350123
218,4.775229358,CoxsBazar,Rabi,20.0,60.0,Pumpkin,Sep,Oct to Nov,Nov to Feb,1041,25,15.0,50,70,161.5076993
2089,4.973192915,Cumilla,Rabi,20.0,60.0,Pumpkin,Sep,Oct to Nov,Nov to Feb,10389,25,15.0,50,70,121.7298767
855,8.022222222,Dhaka,Rabi,20.0,60.0,Pumpkin,Sep,Oct to Nov,Nov to Feb,6859,25,15.0,50,70,188.5460521
614,3.892508143,Dinajpur,Rabi,20.0,60.0,Pumpkin,Sep,Oct to Nov,Nov to Feb,2390,25,15.0,50,70,175.9594153
466,3.379828326,Faridpur,Rabi,20.0,60.0,Pumpkin,Sep,Oct to Nov,Nov to Feb,1575,25,15.0,50,70,222.8384571
459,2.488017429,Feni,Rabi,20.0,60.0,Pumpkin,Sep,Oct to Nov,Nov to Feb,1142,25,15.0,50,70,227.0552812
575,3.56,Gaibandha,Rabi,20.0,60.0,Pumpkin,Sep,Oct to Nov,Nov to Feb,2047,25,15.0,50,70,89.73979321
355,2.363380282,Gazipur,Rabi,20.0,60.0,Pumpkin,Sep,Oct to Nov,Nov to Feb,839,25,15.0,50,70,279.9713907
793,5.253467844,Gopalganj,Rabi,20.0,60.0,Pumpkin,Sep,Oct to Nov,Nov to Feb,4166,25,15.0,50,70,147.1096434
373,5.016085791,Habiganj,Rabi,20.0,60.0,Pumpkin,Sep,Oct to Nov,Nov to Feb,1871,25,15.0,50,70,245.2670747
925,4.0,Jamalpur,Rabi,20.0,60.0,Pumpkin,Sep,Oct to Nov,Nov to Feb,3700,25,15.0,50,70,251.2261654
1652,6.137409201,Jashore,Rabi,20.0,60.0,Pumpkin,Sep,Oct to Nov,Nov to Feb,10139,25,15.0,50,70,239.4691355
509,6.243614931,Jhallokati,Rabi,20.0,60.0,Pumpkin,Sep,Oct to Nov,Nov to Feb,3178,25,15.0,50,70,80.2682892
1185,5.974683544,Jhenaidah,Rabi,20.0,60.0,Pumpkin,Sep,Oct to Nov,Nov to Feb,7080,25,15.0,50,70,176.061115
252,4.817460317,Joypurhat,Rabi,20.0,60.0,Pumpkin,Sep,Oct to Nov,Nov to Feb,1214,25,15.0,50,70,104.2942592
811,3.532675709,Khagrachari,Rabi,20.0,60.0,Pumpkin,Sep,Oct to Nov,Nov to Feb,2865,25,15.0,50,70,256.887593
732,3.023224044,Khulna,Rabi,20.0,60.0,Pumpkin,Sep,Oct to Nov,Nov to Feb,2213,25,15.0,50,70,162.7839852
768,6.764322917,Kishoreganj,Rabi,20.0,60.0,Pumpkin,Sep,Oct to Nov,Nov to Feb,5195,25,15.0,50,70,152.3087925
480,4.602083333,Kurigram,Rabi,20.0,60.0,Pumpkin,Sep,Oct to Nov,Nov to Feb,2209,25,15.0,50,70,232.5657024
710,7.438028169,Kushtia,Rabi,20.0,60.0,Pumpkin,Sep,Oct to Nov,Nov to Feb,5281,25,15.0,50,70,10.73685255
935,2.231016043,Lakshmipur,Rabi,20.0,60.0,Pumpkin,Sep,Oct to Nov,Nov to Feb,2086,25,15.0,50,70,153.4533276
279,3.064516129,Lalmonirhat,Rabi,20.0,60.0,Pumpkin,Sep,Oct to Nov,Nov to Feb,855,25,15.0,50,70,183.6238161
547,4.736745887,Madaripur,Rabi,20.0,60.0,Pumpkin,Sep,Oct to Nov,Nov to Feb,2591,25,15.0,50,70,227.9250638
253,5.4743083,Magura,Rabi,20.0,60.0,Pumpkin,Sep,Oct to Nov,Nov to Feb,1385,25,15.0,50,70,234.8110383
835,7.141317365,Manikganj,Rabi,20.0,60.0,Pumpkin,Sep,Oct to Nov,Nov to Feb,5963,25,15.0,50,70,92.65787242
183,8.371584699,Meherpur,Rabi,20.0,60.0,Pumpkin,Sep,Oct to Nov,Nov to Feb,1532,25,15.0,50,70,129.076085
470,4.9,Moulvibazar,Rabi,20.0,60.0,Pumpkin,Sep,Oct to Nov,Nov to Feb,2303,25,15.0,50,70,251.2067099
470,5.582978723,Munshiganj,Rabi,20.0,60.0,Pumpkin,Sep,Oct to Nov,Nov to Feb,2624,25,15.0,50,70,202.9866698
871,7.977037887,Mymensingh,Rabi,20.0,60.0,Pumpkin,Sep,Oct to Nov,Nov to Feb,6948,25,15.0,50,70,134.3407371
525,4.036190476,Naogaon,Rabi,20.0,60.0,Pumpkin,Sep,Oct to Nov,Nov to Feb,2119,25,15.0,50,70,0.0
359,5.161559889,Narail,Rabi,20.0,60.0,Pumpkin,Sep,Oct to Nov,Nov to Feb,1853,25,15.0,50,70,179.7715669
325,4.532307692,Narayanganj,Rabi,20.0,60.0,Pumpkin,Sep,Oct to Nov,Nov to Feb,1473,25,15.0,50,70,125.7043633
417,3.997601918,Narsingdi,Rabi,20.0,60.0,Pumpkin,Sep,Oct to Nov,Nov to Feb,1667,25,15.0,50,70,103.1161566
481,3.276507277,Natore,Rabi,20.0,60.0,Pumpkin,Sep,Oct to Nov,Nov to Feb,1576,25,15.0,50,70,157.7167225
444,6.578828829,Netrokona,Rabi,20.0,60.0,Pumpkin,Sep,Oct to Nov,Nov to Feb,2921,25,15.0,50,70,59.90548894
623,5.974317817,Nilphamari,Rabi,20.0,60.0,Pumpkin,Sep,Oct to Nov,Nov to Feb,3722,25,15.0,50,70,161.9867393
1258,4.392686804,Noakhali,Rabi,20.0,60.0,Pumpkin,Sep,Oct to Nov,Nov to Feb,5526,25,15.0,50,70,121.4941844
647,3.72488408,Pabna,Rabi,20.0,60.0,Pumpkin,Sep,Oct to Nov,Nov to Feb,2410,25,15.0,50,70,150.4680854
334,6.796407186,Panchagar,Rabi,20.0,60.0,Pumpkin,Sep,Oct to Nov,Nov to Feb,2270,25,15.0,50,70,149.8616097
310,3.958064516,Patuakhali,Rabi,20.0,60.0,Pumpkin,Sep,Oct to Nov,Nov to Feb,1227,25,15.0,50,70,232.648953
681,2.881057269,Pirojpur,Rabi,20.0,60.0,Pumpkin,Sep,Oct to Nov,Nov to Feb,1962,25,15.0,50,70,114.5300407
569,4.725834798,Rajbari,Rabi,20.0,60.0,Pumpkin,Sep,Oct to Nov,Nov to Feb,2689,25,15.0,50,70,215.7201032
1112,7.850719424,Rajshahi,Rabi,20.0,60.0,Pumpkin,Sep,Oct to Nov,Nov to Feb,8730,25,15.0,50,70,262.369053
635,2.759055118,Rangamati,Rabi,20.0,60.0,Pumpkin,Sep,Oct to Nov,Nov to Feb,1752,25,15.0,50,70,108.5987551
914,4.479212254,Rangpur,Rabi,20.0,60.0,Pumpkin,Sep,Oct to Nov,Nov to Feb,4094,25,15.0,50,70,187.7552402
835,5.361676647,Satkhira,Rabi,20.0,60.0,Pumpkin,Sep,Oct to Nov,Nov to Feb,4477,25,15.0,50,70,185.0118581
361,8.739612188,Shariatpur,Rabi,20.0,60.0,Pumpkin,Sep,Oct to Nov,Nov to Feb,3155,25,15.0,50,70,158.3545836
284,5.144366197,Sherpur,Rabi,20.0,60.0,Pumpkin,Sep,Oct to Nov,Nov to Feb,1461,25,15.0,50,70,98.03914223
506,3.903162055,Sirajganj,Rabi,20.0,60.0,Pumpkin,Sep,Oct to Nov,Nov to Feb,1975,25,15.0,50,70,186.1842361
633,4.823064771,Sunamganj,Rabi,20.0,60.0,Pumpkin,Sep,Oct to Nov,Nov to Feb,3053,25,15.0,50,70,56.88790382
1437,3.288100209,Sylhet,Rabi,20.0,60.0,Pumpkin,Sep,Oct to Nov,Nov to Feb,4725,25,15.0,50,70,191.5912751
1288,5.22826087,Tangail,Rabi,20.0,60.0,Pumpkin,Sep,Oct to Nov,Nov to Feb,6734,25,15.0,50,70,215.0011131
817,3.793145655,Thakurgaon,Rabi,20.0,60.0,Pumpkin,Sep,Oct to Nov,Nov to Feb,3099,25,15.0,50,70,154.3446262
721,5.140083218,Bagerhat,Kharif 2,16.0,85.0,Radish,Oct,Nov to Feb,Mar,3706,22,10.0,75,95,160.541692
665,3.076691729,Bandarban,Kharif 2,16.0,85.0,Radish,Oct,Nov to Feb,Mar,2046,22,10.0,75,95,209.3248333
340,4.791176471,Barguna,Kharif 2,16.0,85.0,Radish,Oct,Nov to Feb,Mar,1629,22,10.0,75,95,46.18527761
827,2.828295042,Barishal,Kharif 2,16.0,85.0,Radish,Oct,Nov to Feb,Mar,2339,22,10.0,75,95,83.25050276
780,2.925641026,Bhola,Kharif 2,16.0,85.0,Radish,Oct,Nov to Feb,Mar,2282,22,10.0,75,95,154.5002719
2447,4.17041275,Bogura,Kharif 2,16.0,85.0,Radish,Oct,Nov to Feb,Mar,10205,22,10.0,75,95,220.4567668
1067,6.321462043,Brahmanbaria,Kharif 2,16.0,85.0,Radish,Oct,Nov to Feb,Mar,6745,22,10.0,75,95,188.1264892
970,5.543298969,Chandpur,Kharif 2,16.0,85.0,Radish,Oct,Nov to Feb,Mar,5377,22,10.0,75,95,132.8681255
408,3.495098039,Chapai Nawabganj,Kharif 2,16.0,85.0,Radish,Oct,Nov to Feb,Mar,1426,22,10.0,75,95,140.8110533
2892,4.860650069,Chattogram,Kharif 2,16.0,85.0,Radish,Oct,Nov to Feb,Mar,14057,22,10.0,75,95,100.0702635
1057,4.153263955,Chuadanga,Kharif 2,16.0,85.0,Radish,Oct,Nov to Feb,Mar,4390,22,10.0,75,95,188.5454205
822,5.307785888,CoxsBazar,Kharif 2,16.0,85.0,Radish,Oct,Nov to Feb,Mar,4363,22,10.0,75,95,162.28954
1365,4.973626374,Cumilla,Kharif 2,16.0,85.0,Radish,Oct,Nov to Feb,Mar,6789,22,10.0,75,95,247.8463367
1059,7.805476865,Dhaka,Kharif 2,16.0,85.0,Radish,Oct,Nov to Feb,Mar,8266,22,10.0,75,95,97.03165038
1331,3.336589031,Dinajpur,Kharif 2,16.0,85.0,Radish,Oct,Nov to Feb,Mar,4441,22,10.0,75,95,104.2737792
598,4.60367893,Faridpur,Kharif 2,16.0,85.0,Radish,Oct,Nov to Feb,Mar,2753,22,10.0,75,95,125.2792227
432,3.046296296,Feni,Kharif 2,16.0,85.0,Radish,Oct,Nov to Feb,Mar,1316,22,10.0,75,95,189.4091104
802,3.961346633,Gaibandha,Kharif 2,16.0,85.0,Radish,Oct,Nov to Feb,Mar,3177,22,10.0,75,95,126.1252984
898,4.334075724,Gazipur,Kharif 2,16.0,85.0,Radish,Oct,Nov to Feb,Mar,3892,22,10.0,75,95,48.85586505
386,5.89119171,Gopalganj,Kharif 2,16.0,85.0,Radish,Oct,Nov to Feb,Mar,2274,22,10.0,75,95,214.8421061
1037,7.462873674,Habiganj,Kharif 2,16.0,85.0,Radish,Oct,Nov to Feb,Mar,7739,22,10.0,75,95,146.6694229
2379,4.088272383,Jamalpur,Kharif 2,16.0,85.0,Radish,Oct,Nov to Feb,Mar,9726,22,10.0,75,95,151.4171637
1998,4.068568569,Jashore,Kharif 2,16.0,85.0,Radish,Oct,Nov to Feb,Mar,8129,22,10.0,75,95,66.82891684
274,1.733576642,Jhallokati,Kharif 2,16.0,85.0,Radish,Oct,Nov to Feb,Mar,475,22,10.0,75,95,110.4285789
1313,5.04950495,Jhenaidah,Kharif 2,16.0,85.0,Radish,Oct,Nov to Feb,Mar,6630,22,10.0,75,95,160.3926778
504,4.607142857,Joypurhat,Kharif 2,16.0,85.0,Radish,Oct,Nov to Feb,Mar,2322,22,10.0,75,95,142.1883077
1570,3.065605096,Khagrachari,Kharif 2,16.0,85.0,Radish,Oct,Nov to Feb,Mar,4813,22,10.0,75,95,94.87527881
519,3.759152216,Khulna,Kharif 2,16.0,85.0,Radish,Oct,Nov to Feb,Mar,1951,22,10.0,75,95,70.28268872
1204,5.664451827,Kishoreganj,Kharif 2,16.0,85.0,Radish,Oct,Nov to Feb,Mar,6820,22,10.0,75,95,91.28446169
1103,4.192203083,Kurigram,Kharif 2,16.0,85.0,Radish,Oct,Nov to Feb,Mar,4624,22,10.0,75,95,169.0029352
1002,6.052894212,Kushtia,Kharif 2,16.0,85.0,Radish,Oct,Nov to Feb,Mar,6065,22,10.0,75,95,48.80570255
751,2.507323569,Lakshmipur,Kharif 2,16.0,85.0,Radish,Oct,Nov to Feb,Mar,1883,22,10.0,75,95,214.3620673
685,4.386861314,Lalmonirhat,Kharif 2,16.0,85.0,Radish,Oct,Nov to Feb,Mar,3005,22,10.0,75,95,243.4346281
410,7.382926829,Madaripur,Kharif 2,16.0,85.0,Radish,Oct,Nov to Feb,Mar,3027,22,10.0,75,95,185.3914978
400,3.965,Magura,Kharif 2,16.0,85.0,Radish,Oct,Nov to Feb,Mar,1586,22,10.0,75,95,137.1161571
978,5.738241309,Manikganj,Kharif 2,16.0,85.0,Radish,Oct,Nov to Feb,Mar,5612,22,10.0,75,95,164.0066517
367,4.741144414,Meherpur,Kharif 2,16.0,85.0,Radish,Oct,Nov to Feb,Mar,1740,22,10.0,75,95,157.3250071
765,5.769934641,Moulvibazar,Kharif 2,16.0,85.0,Radish,Oct,Nov to Feb,Mar,4414,22,10.0,75,95,142.4969696
468,5.241452991,Munshiganj,Kharif 2,16.0,85.0,Radish,Oct,Nov to Feb,Mar,2453,22,10.0,75,95,101.6843929
2619,4.974417717,Mymensingh,Kharif 2,16.0,85.0,Radish,Oct,Nov to Feb,Mar,13028,22,10.0,75,95,89.15587709
1180,7.109322034,Naogaon,Kharif 2,16.0,85.0,Radish,Oct,Nov to Feb,Mar,8389,22,10.0,75,95,75.26387461
363,3.845730028,Narail,Kharif 2,16.0,85.0,Radish,Oct,Nov to Feb,Mar,1396,22,10.0,75,95,165.1576244
387,3.560723514,Narayanganj,Kharif 2,16.0,85.0,Radish,Oct,Nov to Feb,Mar,1378,22,10.0,75,95,144.7745689
804,4.074626866,Narsingdi,Kharif 2,16.0,85.0,Radish,Oct,Nov to Feb,Mar,3276,22,10.0,75,95,179.5431149
804,3.843283582,Natore,Kharif 2,16.0,85.0,Radish,Oct,Nov to Feb,Mar,3090,22,10.0,75,95,111.4245846
875,2.819428571,Netrokona,Kharif 2,16.0,85.0,Radish,Oct,Nov to Feb,Mar,2467,22,10.0,75,95,39.91602633
1498,4.615487316,Nilphamari,Kharif 2,16.0,85.0,Radish,Oct,Nov to Feb,Mar,6914,22,10.0,75,95,169.9218002
1198,3.569282137,Noakhali,Kharif 2,16.0,85.0,Radish,Oct,Nov to Feb,Mar,4276,22,10.0,75,95,211.8389863
1440,4.2125,Pabna,Kharif 2,16.0,85.0,Radish,Oct,Nov to Feb,Mar,6066,22,10.0,75,95,154.9592995
1716,6.973193473,Panchagar,Kharif 2,16.0,85.0,Radish,Oct,Nov to Feb,Mar,11966,22,10.0,75,95,137.1732923
216,1.518518519,Patuakhali,Kharif 2,16.0,85.0,Radish,Oct,Nov to Feb,Mar,328,22,10.0,75,95,189.3597621
306,3.751633987,Pirojpur,Kharif 2,16.0,85.0,Radish,Oct,Nov to Feb,Mar,1148,22,10.0,75,95,184.0658501
1132,4.149293286,Rajbari,Kharif 2,16.0,85.0,Radish,Oct,Nov to Feb,Mar,4697,22,10.0,75,95,118.8666975
2223,6.426900585,Rajshahi,Kharif 2,16.0,85.0,Radish,Oct,Nov to Feb,Mar,14287,22,10.0,75,95,198.1612895
986,4.004056795,Rangamati,Kharif 2,16.0,85.0,Radish,Oct,Nov to Feb,Mar,3948,22,10.0,75,95,76.3827477
1128,3.27748227,Rangpur,Kharif 2,16.0,85.0,Radish,Oct,Nov to Feb,Mar,3697,22,10.0,75,95,138.2805277
500,4.258,Satkhira,Kharif 2,16.0,85.0,Radish,Oct,Nov to Feb,Mar,2129,22,10.0,75,95,187.5890786
386,7.738341969,Shariatpur,Kharif 2,16.0,85.0,Radish,Oct,Nov to Feb,Mar,2987,22,10.0,75,95,134.2770141
1541,6.429591175,Sherpur,Kharif 2,16.0,85.0,Radish,Oct,Nov to Feb,Mar,9908,22,10.0,75,95,216.985961
1319,5.893858984,Sirajganj,Kharif 2,16.0,85.0,Radish,Oct,Nov to Feb,Mar,7774,22,10.0,75,95,204.1986195
1028,5.173151751,Sunamganj,Kharif 2,16.0,85.0,Radish,Oct,Nov to Feb,Mar,5318,22,10.0,75,95,202.9903296
2389,3.337798242,Sylhet,Kharif 2,16.0,85.0,Radish,Oct,Nov to Feb,Mar,7974,22,10.0,75,95,117.6556239
2718,4.658940397,Tangail,Kharif 2,16.0,85.0,Radish,Oct,Nov to Feb,Mar,12663,22,10.0,75,95,160.6660971
886,2.269751693,Thakurgaon,Kharif 2,16.0,85.0,Radish,Oct,Nov to Feb,Mar,2011,22,10.0,75,95,157.0942954
1465,0.254607509,Bagerhat,Kharif 2,22.5,75.0,Rape & Mustard,Oct,Nov to Feb,Feb to Apr,373,30,15.0,65,85,133.7828532
325,0.267692308,Bandarban,Kharif 2,22.5,75.0,Rape & Mustard,Oct,Nov to Feb,Feb to Apr,87,30,15.0,65,85,160.8913581
91,0.604395604,Barguna,Kharif 2,22.5,75.0,Rape & Mustard,Oct,Nov to Feb,Feb to Apr,55,30,15.0,65,85,219.3052865
2026,0.511352419,Barishal,Kharif 2,22.5,75.0,Rape & Mustard,Oct,Nov to Feb,Feb to Apr,1036,30,15.0,65,85,276.0243055
2129,0.521371536,Bhola,Kharif 2,22.5,75.0,Rape & Mustard,Oct,Nov to Feb,Feb to Apr,1110,30,15.0,65,85,164.8655875
42687,0.543608124,Bogura,Kharif 2,22.5,75.0,Rape & Mustard,Oct,Nov to Feb,Feb to Apr,23205,30,15.0,65,85,169.632383
28980,0.459489303,Brahmanbaria,Kharif 2,22.5,75.0,Rape & Mustard,Oct,Nov to Feb,Feb to Apr,13316,30,15.0,65,85,217.6185882
3856,0.439834025,Chandpur,Kharif 2,22.5,75.0,Rape & Mustard,Oct,Nov to Feb,Feb to Apr,1696,30,15.0,65,85,188.0566351
24786,0.356895021,Chapai Nawabganj,Kharif 2,22.5,75.0,Rape & Mustard,Oct,Nov to Feb,Feb to Apr,8846,30,15.0,65,85,165.9574998
1034,0.332688588,Chattogram,Kharif 2,22.5,75.0,Rape & Mustard,Oct,Nov to Feb,Feb to Apr,344,30,15.0,65,85,187.6626188
4295,0.635622817,Chuadanga,Kharif 2,22.5,75.0,Rape & Mustard,Oct,Nov to Feb,Feb to Apr,2730,30,15.0,65,85,162.0948871
0,,CoxsBazar,Kharif 2,22.5,75.0,Rape & Mustard,Oct,Nov to Feb,Feb to Apr,0,30,15.0,65,85,77.77510106
7590,0.467061924,Cumilla,Kharif 2,22.5,75.0,Rape & Mustard,Oct,Nov to Feb,Feb to Apr,3545,30,15.0,65,85,161.9621176
26402,0.484432998,Dhaka,Kharif 2,22.5,75.0,Rape & Mustard,Oct,Nov to Feb,Feb to Apr,12790,30,15.0,65,85,124.5096014
28839,0.5505392,Dinajpur,Kharif 2,22.5,75.0,Rape & Mustard,Oct,Nov to Feb,Feb to Apr,15877,30,15.0,65,85,76.81559215
19943,0.322067894,Faridpur,Kharif 2,22.5,75.0,Rape & Mustard,Oct,Nov to Feb,Feb to Apr,6423,30,15.0,65,85,115.6694089
1207,0.251035626,Feni,Kharif 2,22.5,75.0,Rape & Mustard,Oct,Nov to Feb,Feb to Apr,303,30,15.0,65,85,141.2262829
4913,0.442906574,Gaibandha,Kharif 2,22.5,75.0,Rape & Mustard,Oct,Nov to Feb,Feb to Apr,2176,30,15.0,65,85,248.7120821
3474,0.267127231,Gazipur,Kharif 2,22.5,75.0,Rape & Mustard,Oct,Nov to Feb,Feb to Apr,928,30,15.0,65,85,185.5091182
6334,0.448689612,Gopalganj,Kharif 2,22.5,75.0,Rape & Mustard,Oct,Nov to Feb,Feb to Apr,2842,30,15.0,65,85,109.4031341
542,0.501845019,Habiganj,Kharif 2,22.5,75.0,Rape & Mustard,Oct,Nov to Feb,Feb to Apr,272,30,15.0,65,85,122.9145068
29425,0.439966015,Jamalpur,Kharif 2,22.5,75.0,Rape & Mustard,Oct,Nov to Feb,Feb to Apr,12946,30,15.0,65,85,88.11549304
25420,0.758025177,Jashore,Kharif 2,22.5,75.0,Rape & Mustard,Oct,Nov to Feb,Feb to Apr,19269,30,15.0,65,85,110.3625734
412,0.349514563,Jhallokati,Kharif 2,22.5,75.0,Rape & Mustard,Oct,Nov to Feb,Feb to Apr,144,30,15.0,65,85,167.2977028
6818,0.530067469,Jhenaidah,Kharif 2,22.5,75.0,Rape & Mustard,Oct,Nov to Feb,Feb to Apr,3614,30,15.0,65,85,238.0100807
15883,0.736447774,Joypurhat,Kharif 2,22.5,75.0,Rape & Mustard,Oct,Nov to Feb,Feb to Apr,11697,30,15.0,65,85,46.08975217
371,0.431266846,Khagrachari,Kharif 2,22.5,75.0,Rape & Mustard,Oct,Nov to Feb,Feb to Apr,160,30,15.0,65,85,168.891079
441,0.337868481,Khulna,Kharif 2,22.5,75.0,Rape & Mustard,Oct,Nov to Feb,Feb to Apr,149,30,15.0,65,85,274.016984
2513,0.440907282,Kishoreganj,Kharif 2,22.5,75.0,Rape & Mustard,Oct,Nov to Feb,Feb to Apr,1108,30,15.0,65,85,81.71522407
9275,0.452830189,Kurigram,Kharif 2,22.5,75.0,Rape & Mustard,Oct,Nov to Feb,Feb to Apr,4200,30,15.0,65,85,66.58114978
3328,0.577223558,Kushtia,Kharif 2,22.5,75.0,Rape & Mustard,Oct,Nov to Feb,Feb to Apr,1921,30,15.0,65,85,137.4798301
236,0.313559322,Lakshmipur,Kharif 2,22.5,75.0,Rape & Mustard,Oct,Nov to Feb,Feb to Apr,74,30,15.0,65,85,358.3006233
1133,0.643424537,Lalmonirhat,Kharif 2,22.5,75.0,Rape & Mustard,Oct,Nov to Feb,Feb to Apr,729,30,15.0,65,85,154.6755658
16235,0.465475824,Madaripur,Kharif 2,22.5,75.0,Rape & Mustard,Oct,Nov to Feb,Feb to Apr,7557,30,15.0,65,85,113.8175272
9553,0.509787501,Magura,Kharif 2,22.5,75.0,Rape & Mustard,Oct,Nov to Feb,Feb to Apr,4870,30,15.0,65,85,82.36687454
45293,0.491908242,Manikganj,Kharif 2,22.5,75.0,Rape & Mustard,Oct,Nov to Feb,Feb to Apr,22280,30,15.0,65,85,220.1004001
11893,0.615740352,Meherpur,Kharif 2,22.5,75.0,Rape & Mustard,Oct,Nov to Feb,Feb to Apr,7323,30,15.0,65,85,95.52134776
736,0.485054348,Moulvibazar,Kharif 2,22.5,75.0,Rape & Mustard,Oct,Nov to Feb,Feb to Apr,357,30,15.0,65,85,215.9226178
5416,0.471011817,Munshiganj,Kharif 2,22.5,75.0,Rape & Mustard,Oct,Nov to Feb,Feb to Apr,2551,30,15.0,65,85,191.3941377
2976,0.44186828,Mymensingh,Kharif 2,22.5,75.0,Rape & Mustard,Oct,Nov to Feb,Feb to Apr,1315,30,15.0,65,85,62.81797967
55702,0.573031489,Naogaon,Kharif 2,22.5,75.0,Rape & Mustard,Oct,Nov to Feb,Feb to Apr,31919,30,15.0,65,85,221.8986602
11027,0.396481364,Narail,Kharif 2,22.5,75.0,Rape & Mustard,Oct,Nov to Feb,Feb to Apr,4372,30,15.0,65,85,212.9008361
1596,0.374686717,Narayanganj,Kharif 2,22.5,75.0,Rape & Mustard,Oct,Nov to Feb,Feb to Apr,598,30,15.0,65,85,60.15888635
756,0.387566138,Narsingdi,Kharif 2,22.5,75.0,Rape & Mustard,Oct,Nov to Feb,Feb to Apr,293,30,15.0,65,85,135.3309504
4171,0.526971949,Natore,Kharif 2,22.5,75.0,Rape & Mustard,Oct,Nov to Feb,Feb to Apr,2198,30,15.0,65,85,140.6520636
2461,0.46728972,Netrokona,Kharif 2,22.5,75.0,Rape & Mustard,Oct,Nov to Feb,Feb to Apr,1150,30,15.0,65,85,109.8746476
2327,0.547056296,Nilphamari,Kharif 2,22.5,75.0,Rape & Mustard,Oct,Nov to Feb,Feb to Apr,1273,30,15.0,65,85,192.7319929
38,0.157894737,Noakhali,Kharif 2,22.5,75.0,Rape & Mustard,Oct,Nov to Feb,Feb to Apr,6,30,15.0,65,85,80.10569921
43686,0.428375223,Pabna,Kharif 2,22.5,75.0,Rape & Mustard,Oct,Nov to Feb,Feb to Apr,18714,30,15.0,65,85,164.1799125
4241,0.343551049,Panchagar,Kharif 2,22.5,75.0,Rape & Mustard,Oct,Nov to Feb,Feb to Apr,1457,30,15.0,65,85,142.7659296
112,0.321428571,Patuakhali,Kharif 2,22.5,75.0,Rape & Mustard,Oct,Nov to Feb,Feb to Apr,36,30,15.0,65,85,169.2822092
101,0.346534654,Pirojpur,Kharif 2,22.5,75.0,Rape & Mustard,Oct,Nov to Feb,Feb to Apr,35,30,15.0,65,85,142.7006273
4012,0.479062812,Rajbari,Kharif 2,22.5,75.0,Rape & Mustard,Oct,Nov to Feb,Feb to Apr,1922,30,15.0,65,85,132.9651552
40975,0.561732764,Rajshahi,Kharif 2,22.5,75.0,Rape & Mustard,Oct,Nov to Feb,Feb to Apr,23017,30,15.0,65,85,267.3435892
423,0.463356974,Rangamati,Kharif 2,22.5,75.0,Rape & Mustard,Oct,Nov to Feb,Feb to Apr,196,30,15.0,65,85,63.74048337
4351,0.475522868,Rangpur,Kharif 2,22.5,75.0,Rape & Mustard,Oct,Nov to Feb,Feb to Apr,2069,30,15.0,65,85,165.3794237
11778,0.534216336,Satkhira,Kharif 2,22.5,75.0,Rape & Mustard,Oct,Nov to Feb,Feb to Apr,6292,30,15.0,65,85,153.9386959
10417,0.41998656,Shariatpur,Kharif 2,22.5,75.0,Rape & Mustard,Oct,Nov to Feb,Feb to Apr,4375,30,15.0,65,85,130.0430081
4523,0.482423171,Sherpur,Kharif 2,22.5,75.0,Rape & Mustard,Oct,Nov to Feb,Feb to Apr,2182,30,15.0,65,85,180.9072135
127853,0.432355909,Sirajganj,Kharif 2,22.5,75.0,Rape & Mustard,Oct,Nov to Feb,Feb to Apr,55278,30,15.0,65,85,147.8759238
1294,0.405718702,Sunamganj,Kharif 2,22.5,75.0,Rape & Mustard,Oct,Nov to Feb,Feb to Apr,525,30,15.0,65,85,100.1253246
1624,0.579433498,Sylhet,Kharif 2,22.5,75.0,Rape & Mustard,Oct,Nov to Feb,Feb to Apr,941,30,15.0,65,85,95.45226429
67761,0.46265551,Tangail,Kharif 2,22.5,75.0,Rape & Mustard,Oct,Nov to Feb,Feb to Apr,31350,30,15.0,65,85,0.0
14774,0.416813321,Thakurgaon,Kharif 2,22.5,75.0,Rape & Mustard,Oct,Nov to Feb,Feb to Apr,6158,30,15.0,65,85,120.6786726
90,11.4,Bagerhat,Kharif 1,30.0,80.0,Ripe Papaya,Apr,No need to do,Apr to May,1026,35,25.0,70,90,84.27170266
100,21.8,Bandarban,Kharif 1,30.0,80.0,Ripe Papaya,Apr,No need to do,Apr to May,2180,35,25.0,70,90,165.7354712
150,3.773333333,Barguna,Kharif 1,30.0,80.0,Ripe Papaya,Apr,No need to do,Apr to May,566,35,25.0,70,90,266.2382312
170,13.70588235,Barishal,Kharif 1,30.0,80.0,Ripe Papaya,Apr,No need to do,Apr to May,2330,35,25.0,70,90,291.7218411
62,15.35483871,Bhola,Kharif 1,30.0,80.0,Ripe Papaya,Apr,No need to do,Apr to May,952,35,25.0,70,90,101.4624619
277,17.55234657,Bogura,Kharif 1,30.0,80.0,Ripe Papaya,Apr,No need to do,Apr to May,4862,35,25.0,70,90,60.07120164
39,14.58974359,Brahmanbaria,Kharif 1,30.0,80.0,Ripe Papaya,Apr,No need to do,Apr to May,569,35,25.0,70,90,178.2290278
191,8.806282723,Chandpur,Kharif 1,30.0,80.0,Ripe Papaya,Apr,No need to do,Apr to May,1682,35,25.0,70,90,238.0309539
86,15.98837209,Chapai Nawabganj,Kharif 1,30.0,80.0,Ripe Papaya,Apr,No need to do,Apr to May,1375,35,25.0,70,90,109.8633302
200,13.695,Chattogram,Kharif 1,30.0,80.0,Ripe Papaya,Apr,No need to do,Apr to May,2739,35,25.0,70,90,187.9198544
69,28.10144928,Chuadanga,Kharif 1,30.0,80.0,Ripe Papaya,Apr,No need to do,Apr to May,1939,35,25.0,70,90,229.9727145
100,40.86,CoxsBazar,Kharif 1,30.0,80.0,Ripe Papaya,Apr,No need to do,Apr to May,4086,35,25.0,70,90,6.673625773
190,12.67894737,Cumilla,Kharif 1,30.0,80.0,Ripe Papaya,Apr,No need to do,Apr to May,2409,35,25.0,70,90,231.9384828
160,10.0875,Dhaka,Kharif 1,30.0,80.0,Ripe Papaya,Apr,No need to do,Apr to May,1614,35,25.0,70,90,255.8958009
158,15.64556962,Dinajpur,Kharif 1,30.0,80.0,Ripe Papaya,Apr,No need to do,Apr to May,2472,35,25.0,70,90,192.2539766
55,19.8,Faridpur,Kharif 1,30.0,80.0,Ripe Papaya,Apr,No need to do,Apr to May,1089,35,25.0,70,90,117.0500777
60,8.2,Feni,Kharif 1,30.0,80.0,Ripe Papaya,Apr,No need to do,Apr to May,492,35,25.0,70,90,172.910062
147,10.37414966,Gaibandha,Kharif 1,30.0,80.0,Ripe Papaya,Apr,No need to do,Apr to May,1525,35,25.0,70,90,258.2606583
200,8.595,Gazipur,Kharif 1,30.0,80.0,Ripe Papaya,Apr,No need to do,Apr to May,1719,35,25.0,70,90,196.8841403
114,9.333333333,Gopalganj,Kharif 1,30.0,80.0,Ripe Papaya,Apr,No need to do,Apr to May,1064,35,25.0,70,90,117.3522277
20,25.5,Habiganj,Kharif 1,30.0,80.0,Ripe Papaya,Apr,No need to do,Apr to May,510,35,25.0,70,90,305.1644551
155,21.0,Jamalpur,Kharif 1,30.0,80.0,Ripe Papaya,Apr,No need to do,Apr to May,3255,35,25.0,70,90,177.6017984
150,22.04666667,Jashore,Kharif 1,30.0,80.0,Ripe Papaya,Apr,No need to do,Apr to May,3307,35,25.0,70,90,147.8457963
130,10.13846154,Jhallokati,Kharif 1,30.0,80.0,Ripe Papaya,Apr,No need to do,Apr to May,1318,35,25.0,70,90,144.036052
107,11.12149533,Jhenaidah,Kharif 1,30.0,80.0,Ripe Papaya,Apr,No need to do,Apr to May,1190,35,25.0,70,90,161.8889145
47,11.9787234,Joypurhat,Kharif 1,30.0,80.0,Ripe Papaya,Apr,No need to do,Apr to May,563,35,25.0,70,90,85.45241665
150,16.02666667,Khagrachari,Kharif 1,30.0,80.0,Ripe Papaya,Apr,No need to do,Apr to May,2404,35,25.0,70,90,137.5391909
200,5.495,Khulna,Kharif 1,30.0,80.0,Ripe Papaya,Apr,No need to do,Apr to May,1099,35,25.0,70,90,127.9139001
90,12.96666667,Kishoreganj,Kharif 1,30.0,80.0,Ripe Papaya,Apr,No need to do,Apr to May,1167,35,25.0,70,90,121.9005745
70,15.32857143,Kurigram,Kharif 1,30.0,80.0,Ripe Papaya,Apr,No need to do,Apr to May,1073,35,25.0,70,90,286.3149271
126,43.79365079,Kushtia,Kharif 1,30.0,80.0,Ripe Papaya,Apr,No need to do,Apr to May,5518,35,25.0,70,90,286.5780486
165,21.6,Lakshmipur,Kharif 1,30.0,80.0,Ripe Papaya,Apr,No need to do,Apr to May,3564,35,25.0,70,90,205.3089368
75,10.30666667,Lalmonirhat,Kharif 1,30.0,80.0,Ripe Papaya,Apr,No need to do,Apr to May,773,35,25.0,70,90,277.2873185
134,8.171641791,Madaripur,Kharif 1,30.0,80.0,Ripe Papaya,Apr,No need to do,Apr to May,1095,35,25.0,70,90,209.481391
95,25.77894737,Magura,Kharif 1,30.0,80.0,Ripe Papaya,Apr,No need to do,Apr to May,2449,35,25.0,70,90,98.1044673
110,13.80909091,Manikganj,Kharif 1,30.0,80.0,Ripe Papaya,Apr,No need to do,Apr to May,1519,35,25.0,70,90,11.92149339
55,28.90909091,Meherpur,Kharif 1,30.0,80.0,Ripe Papaya,Apr,No need to do,Apr to May,1590,35,25.0,70,90,147.3548438
45,20.42222222,Moulvibazar,Kharif 1,30.0,80.0,Ripe Papaya,Apr,No need to do,Apr to May,919,35,25.0,70,90,197.8058417
92,5.608695652,Munshiganj,Kharif 1,30.0,80.0,Ripe Papaya,Apr,No need to do,Apr to May,516,35,25.0,70,90,149.0664702
400,11.995,Mymensingh,Kharif 1,30.0,80.0,Ripe Papaya,Apr,No need to do,Apr to May,4798,35,25.0,70,90,152.5490988
70,22.22857143,Naogaon,Kharif 1,30.0,80.0,Ripe Papaya,Apr,No need to do,Apr to May,1556,35,25.0,70,90,159.2516551
29,47.86206897,Narail,Kharif 1,30.0,80.0,Ripe Papaya,Apr,No need to do,Apr to May,1388,35,25.0,70,90,97.88206921
57,16.33333333,Narayanganj,Kharif 1,30.0,80.0,Ripe Papaya,Apr,No need to do,Apr to May,931,35,25.0,70,90,77.16615556
147,10.00680272,Narsingdi,Kharif 1,30.0,80.0,Ripe Papaya,Apr,No need to do,Apr to May,1471,35,25.0,70,90,123.7231659
330,24.65151515,Natore,Kharif 1,30.0,80.0,Ripe Papaya,Apr,No need to do,Apr to May,8135,35,25.0,70,90,212.6774875
60,15.83333333,Netrokona,Kharif 1,30.0,80.0,Ripe Papaya,Apr,No need to do,Apr to May,950,35,25.0,70,90,139.5536854
72,19.20833333,Nilphamari,Kharif 1,30.0,80.0,Ripe Papaya,Apr,No need to do,Apr to May,1383,35,25.0,70,90,77.44572588
150,14.30666667,Noakhali,Kharif 1,30.0,80.0,Ripe Papaya,Apr,No need to do,Apr to May,2146,35,25.0,70,90,152.9935278
399,11.37092732,Pabna,Kharif 1,30.0,80.0,Ripe Papaya,Apr,No need to do,Apr to May,4537,35,25.0,70,90,215.2779192
65,19.53846154,Panchagar,Kharif 1,30.0,80.0,Ripe Papaya,Apr,No need to do,Apr to May,1270,35,25.0,70,90,188.3172582
120,2.425,Patuakhali,Kharif 1,30.0,80.0,Ripe Papaya,Apr,No need to do,Apr to May,291,35,25.0,70,90,32.57648716
52,17.30769231,Pirojpur,Kharif 1,30.0,80.0,Ripe Papaya,Apr,No need to do,Apr to May,900,35,25.0,70,90,151.4662215
90,22.23333333,Rajbari,Kharif 1,30.0,80.0,Ripe Papaya,Apr,No need to do,Apr to May,2001,35,25.0,70,90,182.7121433
175,16.46285714,Rajshahi,Kharif 1,30.0,80.0,Ripe Papaya,Apr,No need to do,Apr to May,2881,35,25.0,70,90,162.3256294
300,15.46,Rangamati,Kharif 1,30.0,80.0,Ripe Papaya,Apr,No need to do,Apr to May,4638,35,25.0,70,90,227.8088498
100,14.82,Rangpur,Kharif 1,30.0,80.0,Ripe Papaya,Apr,No need to do,Apr to May,1482,35,25.0,70,90,109.9348426
200,8.465,Satkhira,Kharif 1,30.0,80.0,Ripe Papaya,Apr,No need to do,Apr to May,1693,35,25.0,70,90,49.00477721
120,16.075,Shariatpur,Kharif 1,30.0,80.0,Ripe Papaya,Apr,No need to do,Apr to May,1929,35,25.0,70,90,159.5681604
115,9.12173913,Sherpur,Kharif 1,30.0,80.0,Ripe Papaya,Apr,No need to do,Apr to May,1049,35,25.0,70,90,185.5016104
180,16.00555556,Sirajganj,Kharif 1,30.0,80.0,Ripe Papaya,Apr,No need to do,Apr to May,2881,35,25.0,70,90,53.66419976
60,7.833333333,Sunamganj,Kharif 1,30.0,80.0,Ripe Papaya,Apr,No need to do,Apr to May,470,35,25.0,70,90,150.8783025
55,11.01818182,Sylhet,Kharif 1,30.0,80.0,Ripe Papaya,Apr,No need to do,Apr to May,606,35,25.0,70,90,205.9831771
390,13.52051282,Tangail,Kharif 1,30.0,80.0,Ripe Papaya,Apr,No need to do,Apr to May,5273,35,25.0,70,90,156.4352883
44,13.18181818,Thakurgaon,Kharif 1,30.0,80.0,Ripe Papaya,Apr,No need to do,Apr to May,580,35,25.0,70,90,222.2119818
58,22.96551724,Bagerhat,Kharif 1,24.0,70.0,Safeda,Apr,No need to do,Jan to Mar,1332,38,10.0,60,80,50.72971756
40,0.2,Bandarban,Kharif 1,24.0,70.0,Safeda,Apr,No need to do,Jan to Mar,8,38,10.0,60,80,194.6252491
119,0.294117647,Barguna,Kharif 1,24.0,70.0,Safeda,Apr,No need to do,Jan to Mar,35,38,10.0,60,80,83.79441958
106,1.452830189,Barishal,Kharif 1,24.0,70.0,Safeda,Apr,No need to do,Jan to Mar,154,38,10.0,60,80,141.2630297
1,4.0,Bhola,Kharif 1,24.0,70.0,Safeda,Apr,No need to do,Jan to Mar,4,38,10.0,60,80,109.0587011
4,13.25,Bogura,Kharif 1,24.0,70.0,Safeda,Apr,No need to do,Jan to Mar,53,38,10.0,60,80,230.234795
13,3.0,Brahmanbaria,Kharif 1,24.0,70.0,Safeda,Apr,No need to do,Jan to Mar,39,38,10.0,60,80,7.846433765
0,,Chandpur,Kharif 1,24.0,70.0,Safeda,Apr,No need to do,Jan to Mar,0,38,10.0,60,80,70.8558831
17,1.294117647,Chapai Nawabganj,Kharif 1,24.0,70.0,Safeda,Apr,No need to do,Jan to Mar,22,38,10.0,60,80,181.3556365
45,1.311111111,Chattogram,Kharif 1,24.0,70.0,Safeda,Apr,No need to do,Jan to Mar,59,38,10.0,60,80,179.5584085
10,1.3,Chuadanga,Kharif 1,24.0,70.0,Safeda,Apr,No need to do,Jan to Mar,13,38,10.0,60,80,182.8649425
5,1.6,CoxsBazar,Kharif 1,24.0,70.0,Safeda,Apr,No need to do,Jan to Mar,8,38,10.0,60,80,25.6290803
13,0.538461539,Cumilla,Kharif 1,24.0,70.0,Safeda,Apr,No need to do,Jan to Mar,7,38,10.0,60,80,182.2574106
16,4.4375,Dhaka,Kharif 1,24.0,70.0,Safeda,Apr,No need to do,Jan to Mar,71,38,10.0,60,80,102.8641398
2,1.5,Dinajpur,Kharif 1,24.0,70.0,Safeda,Apr,No need to do,Jan to Mar,3,38,10.0,60,80,156.0411247
141,6.943262411,Faridpur,Kharif 1,24.0,70.0,Safeda,Apr,No need to do,Jan to Mar,979,38,10.0,60,80,119.0505073
2,1.0,Feni,Kharif 1,24.0,70.0,Safeda,Apr,No need to do,Jan to Mar,2,38,10.0,60,80,26.28678377
0,,Gaibandha,Kharif 1,24.0,70.0,Safeda,Apr,No need to do,Jan to Mar,0,38,10.0,60,80,176.1611979
7,5.857142857,Gazipur,Kharif 1,24.0,70.0,Safeda,Apr,No need to do,Jan to Mar,41,38,10.0,60,80,257.1341095
15,3.533333333,Gopalganj,Kharif 1,24.0,70.0,Safeda,Apr,No need to do,Jan to Mar,53,38,10.0,60,80,196.3235157
0,,Habiganj,Kharif 1,24.0,70.0,Safeda,Apr,No need to do,Jan to Mar,0,38,10.0,60,80,80.10525753
0,,Jamalpur,Kharif 1,24.0,70.0,Safeda,Apr,No need to do,Jan to Mar,0,38,10.0,60,80,192.8151536
165,8.4,Jashore,Kharif 1,24.0,70.0,Safeda,Apr,No need to do,Jan to Mar,1386,38,10.0,60,80,117.2022829
35,0.885714286,Jhallokati,Kharif 1,24.0,70.0,Safeda,Apr,No need to do,Jan to Mar,31,38,10.0,60,80,176.3638297
6,4.833333333,Jhenaidah,Kharif 1,24.0,70.0,Safeda,Apr,No need to do,Jan to Mar,29,38,10.0,60,80,117.8342282
0,,Joypurhat,Kharif 1,24.0,70.0,Safeda,Apr,No need to do,Jan to Mar,0,38,10.0,60,80,97.49680646
99,0.828282828,Khagrachari,Kharif 1,24.0,70.0,Safeda,Apr,No need to do,Jan to Mar,82,38,10.0,60,80,98.57175464
90,5.666666667,Khulna,Kharif 1,24.0,70.0,Safeda,Apr,No need to do,Jan to Mar,510,38,10.0,60,80,134.9344845
4,0.5,Kishoreganj,Kharif 1,24.0,70.0,Safeda,Apr,No need to do,Jan to Mar,2,38,10.0,60,80,140.3153725
0,,Kurigram,Kharif 1,24.0,70.0,Safeda,Apr,No need to do,Jan to Mar,0,38,10.0,60,80,148.3041183
8,8.0,Kushtia,Kharif 1,24.0,70.0,Safeda,Apr,No need to do,Jan to Mar,64,38,10.0,60,80,228.513312
14,0.928571429,Lakshmipur,Kharif 1,24.0,70.0,Safeda,Apr,No need to do,Jan to Mar,13,38,10.0,60,80,250.5810322
0,,Lalmonirhat,Kharif 1,24.0,70.0,Safeda,Apr,No need to do,Jan to Mar,0,38,10.0,60,80,256.3621333
44,8.204545455,Madaripur,Kharif 1,24.0,70.0,Safeda,Apr,No need to do,Jan to Mar,361,38,10.0,60,80,208.3912395
29,6.827586207,Magura,Kharif 1,24.0,70.0,Safeda,Apr,No need to do,Jan to Mar,198,38,10.0,60,80,214.821303
10,0.9,Manikganj,Kharif 1,24.0,70.0,Safeda,Apr,No need to do,Jan to Mar,9,38,10.0,60,80,237.3260911
0,,Meherpur,Kharif 1,24.0,70.0,Safeda,Apr,No need to do,Jan to Mar,0,38,10.0,60,80,142.785251
11,0.454545455,Moulvibazar,Kharif 1,24.0,70.0,Safeda,Apr,No need to do,Jan to Mar,5,38,10.0,60,80,96.70954408
4,2.0,Munshiganj,Kharif 1,24.0,70.0,Safeda,Apr,No need to do,Jan to Mar,8,38,10.0,60,80,87.9550186
0,,Mymensingh,Kharif 1,24.0,70.0,Safeda,Apr,No need to do,Jan to Mar,0,38,10.0,60,80,215.6689995
0,,Naogaon,Kharif 1,24.0,70.0,Safeda,Apr,No need to do,Jan to Mar,0,38,10.0,60,80,165.5170354
240,2.029166667,Narail,Kharif 1,24.0,70.0,Safeda,Apr,No need to do,Jan to Mar,487,38,10.0,60,80,68.60293283
4,7.0,Narayanganj,Kharif 1,24.0,70.0,Safeda,Apr,No need to do,Jan to Mar,28,38,10.0,60,80,115.2434551
0,,Narsingdi,Kharif 1,24.0,70.0,Safeda,Apr,No need to do,Jan to Mar,0,38,10.0,60,80,84.5813793
5,9.0,Natore,Kharif 1,24.0,70.0,Safeda,Apr,No need to do,Jan to Mar,45,38,10.0,60,80,72.96949273
0,,Netrokona,Kharif 1,24.0,70.0,Safeda,Apr,No need to do,Jan to Mar,0,38,10.0,60,80,141.9821372
2,1.0,Nilphamari,Kharif 1,24.0,70.0,Safeda,Apr,No need to do,Jan to Mar,2,38,10.0,60,80,59.14859503
1,3.0,Noakhali,Kharif 1,24.0,70.0,Safeda,Apr,No need to do,Jan to Mar,3,38,10.0,60,80,246.1296095
2,7.5,Pabna,Kharif 1,24.0,70.0,Safeda,Apr,No need to do,Jan to Mar,15,38,10.0,60,80,155.9932471
14,1.428571429,Panchagar,Kharif 1,24.0,70.0,Safeda,Apr,No need to do,Jan to Mar,20,38,10.0,60,80,70.02137111
11,1.181818182,Patuakhali,Kharif 1,24.0,70.0,Safeda,Apr,No need to do,Jan to Mar,13,38,10.0,60,80,140.4759323
64,5.78125,Pirojpur,Kharif 1,24.0,70.0,Safeda,Apr,No need to do,Jan to Mar,370,38,10.0,60,80,105.0238673
11,4.363636364,Rajbari,Kharif 1,24.0,70.0,Safeda,Apr,No need to do,Jan to Mar,48,38,10.0,60,80,158.1341366
16,1.1875,Rajshahi,Kharif 1,24.0,70.0,Safeda,Apr,No need to do,Jan to Mar,19,38,10.0,60,80,109.9212952
37,0.540540541,Rangamati,Kharif 1,24.0,70.0,Safeda,Apr,No need to do,Jan to Mar,20,38,10.0,60,80,118.9140528
0,,Rangpur,Kharif 1,24.0,70.0,Safeda,Apr,No need to do,Jan to Mar,0,38,10.0,60,80,201.6447133
392,1.693877551,Satkhira,Kharif 1,24.0,70.0,Safeda,Apr,No need to do,Jan to Mar,664,38,10.0,60,80,145.4375081
33,6.151515152,Shariatpur,Kharif 1,24.0,70.0,Safeda,Apr,No need to do,Jan to Mar,203,38,10.0,60,80,148.1738681
0,,Sherpur,Kharif 1,24.0,70.0,Safeda,Apr,No need to do,Jan to Mar,0,38,10.0,60,80,94.3031992
1,5.0,Sirajganj,Kharif 1,24.0,70.0,Safeda,Apr,No need to do,Jan to Mar,5,38,10.0,60,80,205.5615581
0,,Sunamganj,Kharif 1,24.0,70.0,Safeda,Apr,No need to do,Jan to Mar,0,38,10.0,60,80,142.0690843
0,,Sylhet,Kharif 1,24.0,70.0,Safeda,Apr,No need to do,Jan to Mar,0,38,10.0,60,80,247.0682094
0,,Tangail,Kharif 1,24.0,70.0,Safeda,Apr,No need to do,Jan to Mar,2,38,10.0,60,80,154.6118792
3,9.666666667,Thakurgaon,Kharif 1,24.0,70.0,Safeda,Apr,No need to do,Jan to Mar,29,38,10.0,60,80,251.1668647
265,0.283018868,Bagerhat,Rabi,31.0,45.0,Sesame,Nov,Dec to Jan,Feb,75,35,27.0,40,50,218.0265013
520,0.305769231,Bandarban,Rabi,31.0,45.0,Sesame,Nov,Dec to Jan,Feb,159,35,27.0,40,50,174.8625745
82,0.365853659,Barguna,Rabi,31.0,45.0,Sesame,Nov,Dec to Jan,Feb,30,35,27.0,40,50,191.7348003
1510,0.472847682,Barishal,Rabi,31.0,45.0,Sesame,Nov,Dec to Jan,Feb,714,35,27.0,40,50,103.2063015
160,0.3625,Bhola,Rabi,31.0,45.0,Sesame,Nov,Dec to Jan,Feb,58,35,27.0,40,50,97.90398047
134,0.313432836,Bogura,Rabi,31.0,45.0,Sesame,Nov,Dec to Jan,Feb,42,35,27.0,40,50,110.0387895
1158,0.412780656,Brahmanbaria,Rabi,31.0,45.0,Sesame,Nov,Dec to Jan,Feb,478,35,27.0,40,50,199.9913444
201,0.28358209,Chandpur,Rabi,31.0,45.0,Sesame,Nov,Dec to Jan,Feb,57,35,27.0,40,50,192.6395858
153,0.248366013,Chapai Nawabganj,Rabi,31.0,45.0,Sesame,Nov,Dec to Jan,Feb,38,35,27.0,40,50,128.3947355
20,0.1,Chattogram,Rabi,31.0,45.0,Sesame,Nov,Dec to Jan,Feb,2,35,27.0,40,50,133.8408058
624,0.389423077,Chuadanga,Rabi,31.0,45.0,Sesame,Nov,Dec to Jan,Feb,243,35,27.0,40,50,175.7782073
0,,CoxsBazar,Rabi,31.0,45.0,Sesame,Nov,Dec to Jan,Feb,0,35,27.0,40,50,209.142883
1801,0.42865075,Cumilla,Rabi,31.0,45.0,Sesame,Nov,Dec to Jan,Feb,772,35,27.0,40,50,193.1745487
522,0.450191571,Dhaka,Rabi,31.0,45.0,Sesame,Nov,Dec to Jan,Feb,235,35,27.0,40,50,185.4330534
35,0.285714286,Dinajpur,Rabi,31.0,45.0,Sesame,Nov,Dec to Jan,Feb,10,35,27.0,40,50,178.8534039
3799,0.410897605,Faridpur,Rabi,31.0,45.0,Sesame,Nov,Dec to Jan,Feb,1561,35,27.0,40,50,224.7907629
6,0.166666667,Feni,Rabi,31.0,45.0,Sesame,Nov,Dec to Jan,Feb,1,35,27.0,40,50,166.3459834
715,0.588811189,Gaibandha,Rabi,31.0,45.0,Sesame,Nov,Dec to Jan,Feb,421,35,27.0,40,50,269.6663314
110,0.345454546,Gazipur,Rabi,31.0,45.0,Sesame,Nov,Dec to Jan,Feb,38,35,27.0,40,50,248.205371
691,0.261939219,Gopalganj,Rabi,31.0,45.0,Sesame,Nov,Dec to Jan,Feb,181,35,27.0,40,50,125.8799756
20,0.35,Habiganj,Rabi,31.0,45.0,Sesame,Nov,Dec to Jan,Feb,7,35,27.0,40,50,110.2572071
598,0.346153846,Jamalpur,Rabi,31.0,45.0,Sesame,Nov,Dec to Jan,Feb,207,35,27.0,40,50,158.8924427
6208,0.363402062,Jashore,Rabi,31.0,45.0,Sesame,Nov,Dec to Jan,Feb,2256,35,27.0,40,50,224.8115739
625,0.4816,Jhallokati,Rabi,31.0,45.0,Sesame,Nov,Dec to Jan,Feb,301,35,27.0,40,50,194.0474839
5554,0.346056896,Jhenaidah,Rabi,31.0,45.0,Sesame,Nov,Dec to Jan,Feb,1922,35,27.0,40,50,203.6799169
62,0.387096774,Joypurhat,Rabi,31.0,45.0,Sesame,Nov,Dec to Jan,Feb,24,35,27.0,40,50,83.53954586
156,0.217948718,Khagrachari,Rabi,31.0,45.0,Sesame,Nov,Dec to Jan,Feb,34,35,27.0,40,50,254.7494484
3627,0.121588089,Khulna,Rabi,31.0,45.0,Sesame,Nov,Dec to Jan,Feb,441,35,27.0,40,50,10.30812219
32,0.25,Kishoreganj,Rabi,31.0,45.0,Sesame,Nov,Dec to Jan,Feb,8,35,27.0,40,50,29.75893566
625,0.4368,Kurigram,Rabi,31.0,45.0,Sesame,Nov,Dec to Jan,Feb,273,35,27.0,40,50,113.1347581
6643,0.491645341,Kushtia,Rabi,31.0,45.0,Sesame,Nov,Dec to Jan,Feb,3266,35,27.0,40,50,126.8322311
15,0.0,Lakshmipur,Rabi,31.0,45.0,Sesame,Nov,Dec to Jan,Feb,0,35,27.0,40,50,145.482789
105,0.476190476,Lalmonirhat,Rabi,31.0,45.0,Sesame,Nov,Dec to Jan,Feb,50,35,27.0,40,50,59.19637444
599,0.442404007,Madaripur,Rabi,31.0,45.0,Sesame,Nov,Dec to Jan,Feb,265,35,27.0,40,50,149.3633182
2295,0.388671024,Magura,Rabi,31.0,45.0,Sesame,Nov,Dec to Jan,Feb,892,35,27.0,40,50,149.2224329
5210,0.311516315,Manikganj,Rabi,31.0,45.0,Sesame,Nov,Dec to Jan,Feb,1623,35,27.0,40,50,97.80058793
354,0.466101695,Meherpur,Rabi,31.0,45.0,Sesame,Nov,Dec to Jan,Feb,165,35,27.0,40,50,69.19065846
20,0.3,Moulvibazar,Rabi,31.0,45.0,Sesame,Nov,Dec to Jan,Feb,6,35,27.0,40,50,134.5357416
526,0.157794677,Munshiganj,Rabi,31.0,45.0,Sesame,Nov,Dec to Jan,Feb,83,35,27.0,40,50,155.6934437
241,0.336099585,Mymensingh,Rabi,31.0,45.0,Sesame,Nov,Dec to Jan,Feb,81,35,27.0,40,50,148.8866278
444,0.416666667,Naogaon,Rabi,31.0,45.0,Sesame,Nov,Dec to Jan,Feb,185,35,27.0,40,50,214.1097482
2264,0.400176678,Narail,Rabi,31.0,45.0,Sesame,Nov,Dec to Jan,Feb,906,35,27.0,40,50,151.4193886
82,0.475609756,Narayanganj,Rabi,31.0,45.0,Sesame,Nov,Dec to Jan,Feb,39,35,27.0,40,50,175.6766856
776,0.350515464,Narsingdi,Rabi,31.0,45.0,Sesame,Nov,Dec to Jan,Feb,272,35,27.0,40,50,194.0198951
1412,0.53470255,Natore,Rabi,31.0,45.0,Sesame,Nov,Dec to Jan,Feb,755,35,27.0,40,50,119.7946811
48,0.416666667,Netrokona,Rabi,31.0,45.0,Sesame,Nov,Dec to Jan,Feb,20,35,27.0,40,50,248.7096685
37,0.405405405,Nilphamari,Rabi,31.0,45.0,Sesame,Nov,Dec to Jan,Feb,15,35,27.0,40,50,121.138923
0,,Noakhali,Rabi,31.0,45.0,Sesame,Nov,Dec to Jan,Feb,0,35,27.0,40,50,143.2395793
8627,0.412426104,Pabna,Rabi,31.0,45.0,Sesame,Nov,Dec to Jan,Feb,3558,35,27.0,40,50,75.24526369
3458,0.348756507,Panchagar,Rabi,31.0,45.0,Sesame,Nov,Dec to Jan,Feb,1206,35,27.0,40,50,106.0985524
536,0.319029851,Patuakhali,Rabi,31.0,45.0,Sesame,Nov,Dec to Jan,Feb,171,35,27.0,40,50,23.8523071
36,0.222222222,Pirojpur,Rabi,31.0,45.0,Sesame,Nov,Dec to Jan,Feb,8,35,27.0,40,50,196.6750168
4827,0.464885022,Rajbari,Rabi,31.0,45.0,Sesame,Nov,Dec to Jan,Feb,2244,35,27.0,40,50,255.4224331
2631,0.396807298,Rajshahi,Rabi,31.0,45.0,Sesame,Nov,Dec to Jan,Feb,1044,35,27.0,40,50,188.6012332
2140,0.403271028,Rangamati,Rabi,31.0,45.0,Sesame,Nov,Dec to Jan,Feb,863,35,27.0,40,50,210.4653335
144,0.416666667,Rangpur,Rabi,31.0,45.0,Sesame,Nov,Dec to Jan,Feb,60,35,27.0,40,50,177.2203895
328,0.289634146,Satkhira,Rabi,31.0,45.0,Sesame,Nov,Dec to Jan,Feb,95,35,27.0,40,50,128.4808983
65,0.246153846,Shariatpur,Rabi,31.0,45.0,Sesame,Nov,Dec to Jan,Feb,16,35,27.0,40,50,209.615155
82,0.378048781,Sherpur,Rabi,31.0,45.0,Sesame,Nov,Dec to Jan,Feb,31,35,27.0,40,50,154.6299357
5827,0.361249356,Sirajganj,Rabi,31.0,45.0,Sesame,Nov,Dec to Jan,Feb,2105,35,27.0,40,50,187.7202149
13,1.0,Sunamganj,Rabi,31.0,45.0,Sesame,Nov,Dec to Jan,Feb,13,35,27.0,40,50,137.6977819
17,0.647058824,Sylhet,Rabi,31.0,45.0,Sesame,Nov,Dec to Jan,Feb,11,35,27.0,40,50,210.2011541
5755,0.300086881,Tangail,Rabi,31.0,45.0,Sesame,Nov,Dec to Jan,Feb,1727,35,27.0,40,50,131.9422265
175,0.308571429,Thakurgaon,Rabi,31.0,45.0,Sesame,Nov,Dec to Jan,Feb,54,35,27.0,40,50,115.2373018
596,2.412751678,Bagerhat,Kharif 2,14.5,82.5,Shalgom,Sep,Oct to Nov,Nov to Feb,1438,24,5.0,70,95,64.33541853
23,0.956521739,Bandarban,Kharif 2,14.5,82.5,Shalgom,Sep,Oct to Nov,Nov to Feb,22,24,5.0,70,95,125.0088018
72,1.652777778,Barguna,Kharif 2,14.5,82.5,Shalgom,Sep,Oct to Nov,Nov to Feb,119,24,5.0,70,95,58.69839347
289,3.453287197,Barishal,Kharif 2,14.5,82.5,Shalgom,Sep,Oct to Nov,Nov to Feb,998,24,5.0,70,95,43.754916
81,2.864197531,Bhola,Kharif 2,14.5,82.5,Shalgom,Sep,Oct to Nov,Nov to Feb,232,24,5.0,70,95,249.889388
0,,Bogura,Kharif 2,14.5,82.5,Shalgom,Sep,Oct to Nov,Nov to Feb,0,24,5.0,70,95,159.1235106
33,1.545454545,Brahmanbaria,Kharif 2,14.5,82.5,Shalgom,Sep,Oct to Nov,Nov to Feb,51,24,5.0,70,95,222.2859034
0,,Chandpur,Kharif 2,14.5,82.5,Shalgom,Sep,Oct to Nov,Nov to Feb,0,24,5.0,70,95,176.0085562
0,,Chapai Nawabganj,Kharif 2,14.5,82.5,Shalgom,Sep,Oct to Nov,Nov to Feb,0,24,5.0,70,95,54.86129465
85,2.447058824,Chattogram,Kharif 2,14.5,82.5,Shalgom,Sep,Oct to Nov,Nov to Feb,208,24,5.0,70,95,106.8576994
32,4.59375,Chuadanga,Kharif 2,14.5,82.5,Shalgom,Sep,Oct to Nov,Nov to Feb,147,24,5.0,70,95,174.8356364
0,,CoxsBazar,Kharif 2,14.5,82.5,Shalgom,Sep,Oct to Nov,Nov to Feb,0,24,5.0,70,95,99.3425183
3,5.0,Cumilla,Kharif 2,14.5,82.5,Shalgom,Sep,Oct to Nov,Nov to Feb,15,24,5.0,70,95,231.813893
41,1.512195122,Dhaka,Kharif 2,14.5,82.5,Shalgom,Sep,Oct to Nov,Nov to Feb,62,24,5.0,70,95,163.3685282
11,1.818181818,Dinajpur,Kharif 2,14.5,82.5,Shalgom,Sep,Oct to Nov,Nov to Feb,20,24,5.0,70,95,111.0880969
112,1.758928571,Faridpur,Kharif 2,14.5,82.5,Shalgom,Sep,Oct to Nov,Nov to Feb,197,24,5.0,70,95,113.6018708
0,,Feni,Kharif 2,14.5,82.5,Shalgom,Sep,Oct to Nov,Nov to Feb,0,24,5.0,70,95,54.64003827
0,,Gaibandha,Kharif 2,14.5,82.5,Shalgom,Sep,Oct to Nov,Nov to Feb,0,24,5.0,70,95,1.974303675
61,4.360655738,Gazipur,Kharif 2,14.5,82.5,Shalgom,Sep,Oct to Nov,Nov to Feb,266,24,5.0,70,95,229.9808583
16,1.6875,Gopalganj,Kharif 2,14.5,82.5,Shalgom,Sep,Oct to Nov,Nov to Feb,27,24,5.0,70,95,35.95489973
0,,Habiganj,Kharif 2,14.5,82.5,Shalgom,Sep,Oct to Nov,Nov to Feb,0,24,5.0,70,95,141.5348836
33,1.878787879,Jamalpur,Kharif 2,14.5,82.5,Shalgom,Sep,Oct to Nov,Nov to Feb,62,24,5.0,70,95,155.7427769
0,,Jashore,Kharif 2,14.5,82.5,Shalgom,Sep,Oct to Nov,Nov to Feb,0,24,5.0,70,95,145.6346185
320,3.9625,Jhallokati,Kharif 2,14.5,82.5,Shalgom,Sep,Oct to Nov,Nov to Feb,1268,24,5.0,70,95,149.9611557
125,2.92,Jhenaidah,Kharif 2,14.5,82.5,Shalgom,Sep,Oct to Nov,Nov to Feb,365,24,5.0,70,95,137.9694564
0,,Joypurhat,Kharif 2,14.5,82.5,Shalgom,Sep,Oct to Nov,Nov to Feb,0,24,5.0,70,95,170.5884642
12,1.583333333,Khagrachari,Kharif 2,14.5,82.5,Shalgom,Sep,Oct to Nov,Nov to Feb,19,24,5.0,70,95,129.4733606
463,2.220302376,Khulna,Kharif 2,14.5,82.5,Shalgom,Sep,Oct to Nov,Nov to Feb,1028,24,5.0,70,95,152.3702736
36,2.583333333,Kishoreganj,Kharif 2,14.5,82.5,Shalgom,Sep,Oct to Nov,Nov to Feb,93,24,5.0,70,95,120.274515
0,,Kurigram,Kharif 2,14.5,82.5,Shalgom,Sep,Oct to Nov,Nov to Feb,0,24,5.0,70,95,229.882474
0,,Kushtia,Kharif 2,14.5,82.5,Shalgom,Sep,Oct to Nov,Nov to Feb,0,24,5.0,70,95,224.0516062
0,,Lakshmipur,Kharif 2,14.5,82.5,Shalgom,Sep,Oct to Nov,Nov to Feb,0,24,5.0,70,95,176.5739009
0,,Lalmonirhat,Kharif 2,14.5,82.5,Shalgom,Sep,Oct to Nov,Nov to Feb,0,24,5.0,70,95,183.5030956
36,4.527777778,Madaripur,Kharif 2,14.5,82.5,Shalgom,Sep,Oct to Nov,Nov to Feb,163,24,5.0,70,95,226.3806324
0,,Magura,Kharif 2,14.5,82.5,Shalgom,Sep,Oct to Nov,Nov to Feb,0,24,5.0,70,95,217.3394002
0,,Manikganj,Kharif 2,14.5,82.5,Shalgom,Sep,Oct to Nov,Nov to Feb,0,24,5.0,70,95,249.4334712
0,,Meherpur,Kharif 2,14.5,82.5,Shalgom,Sep,Oct to Nov,Nov to Feb,0,24,5.0,70,95,96.02061327
27,3.333333333,Moulvibazar,Kharif 2,14.5,82.5,Shalgom,Sep,Oct to Nov,Nov to Feb,90,24,5.0,70,95,0.0
18,1.555555556,Munshiganj,Kharif 2,14.5,82.5,Shalgom,Sep,Oct to Nov,Nov to Feb,28,24,5.0,70,95,245.3143156
9,1.333333333,Mymensingh,Kharif 2,14.5,82.5,Shalgom,Sep,Oct to Nov,Nov to Feb,12,24,5.0,70,95,88.74672991
0,,Naogaon,Kharif 2,14.5,82.5,Shalgom,Sep,Oct to Nov,Nov to Feb,0,24,5.0,70,95,132.2507185
0,,Narail,Kharif 2,14.5,82.5,Shalgom,Sep,Oct to Nov,Nov to Feb,0,24,5.0,70,95,150.9293594
17,1.0,Narayanganj,Kharif 2,14.5,82.5,Shalgom,Sep,Oct to Nov,Nov to Feb,17,24,5.0,70,95,260.2044845
63,1.53968254,Narsingdi,Kharif 2,14.5,82.5,Shalgom,Sep,Oct to Nov,Nov to Feb,97,24,5.0,70,95,120.4556536
0,,Natore,Kharif 2,14.5,82.5,Shalgom,Sep,Oct to Nov,Nov to Feb,0,24,5.0,70,95,160.2937887
0,,Netrokona,Kharif 2,14.5,82.5,Shalgom,Sep,Oct to Nov,Nov to Feb,0,24,5.0,70,95,236.9729015
0,,Nilphamari,Kharif 2,14.5,82.5,Shalgom,Sep,Oct to Nov,Nov to Feb,0,24,5.0,70,95,184.6291894
0,,Noakhali,Kharif 2,14.5,82.5,Shalgom,Sep,Oct to Nov,Nov to Feb,0,24,5.0,70,95,108.3649301
0,,Pabna,Kharif 2,14.5,82.5,Shalgom,Sep,Oct to Nov,Nov to Feb,0,24,5.0,70,95,33.89962217
37,1.783783784,Panchagar,Kharif 2,14.5,82.5,Shalgom,Sep,Oct to Nov,Nov to Feb,66,24,5.0,70,95,165.893391
47,2.553191489,Patuakhali,Kharif 2,14.5,82.5,Shalgom,Sep,Oct to Nov,Nov to Feb,120,24,5.0,70,95,126.4317882
466,2.800429185,Pirojpur,Kharif 2,14.5,82.5,Shalgom,Sep,Oct to Nov,Nov to Feb,1305,24,5.0,70,95,210.5251733
32,3.25,Rajbari,Kharif 2,14.5,82.5,Shalgom,Sep,Oct to Nov,Nov to Feb,104,24,5.0,70,95,135.3611893
0,,Rajshahi,Kharif 2,14.5,82.5,Shalgom,Sep,Oct to Nov,Nov to Feb,0,24,5.0,70,95,176.156935
9,0.777777778,Rangamati,Kharif 2,14.5,82.5,Shalgom,Sep,Oct to Nov,Nov to Feb,7,24,5.0,70,95,148.7198244
0,,Rangpur,Kharif 2,14.5,82.5,Shalgom,Sep,Oct to Nov,Nov to Feb,0,24,5.0,70,95,176.5561024
75,4.08,Satkhira,Kharif 2,14.5,82.5,Shalgom,Sep,Oct to Nov,Nov to Feb,306,24,5.0,70,95,67.39536517
0,,Shariatpur,Kharif 2,14.5,82.5,Shalgom,Sep,Oct to Nov,Nov to Feb,0,24,5.0,70,95,157.4131916
0,,Sherpur,Kharif 2,14.5,82.5,Shalgom,Sep,Oct to Nov,Nov to Feb,0,24,5.0,70,95,165.6384586
0,,Sirajganj,Kharif 2,14.5,82.5,Shalgom,Sep,Oct to Nov,Nov to Feb,0,24,5.0,70,95,225.3553943
0,,Sunamganj,Kharif 2,14.5,82.5,Shalgom,Sep,Oct to Nov,Nov to Feb,0,24,5.0,70,95,123.4127093
4,2.5,Sylhet,Kharif 2,14.5,82.5,Shalgom,Sep,Oct to Nov,Nov to Feb,10,24,5.0,70,95,127.1300956
24,2.333333333,Tangail,Kharif 2,14.5,82.5,Shalgom,Sep,Oct to Nov,Nov to Feb,56,24,5.0,70,95,120.0458082
39,4.820512821,Thakurgaon,Kharif 2,14.5,82.5,Shalgom,Sep,Oct to Nov,Nov to Feb,188,24,5.0,70,95,185.6090309
852,10.71948357,Bagerhat,Kharif 2,29.0,65.0,Sugarcane,Oct,Nov to Aug,Aug to Sep,9133,38,20.0,45,85,195.3602496
217,4.156682028,Bandarban,Kharif 2,29.0,65.0,Sugarcane,Oct,Nov to Aug,Aug to Sep,902,38,20.0,45,85,241.4076195
120,3.183333333,Barguna,Kharif 2,29.0,65.0,Sugarcane,Oct,Nov to Aug,Aug to Sep,382,38,20.0,45,85,229.1214096
1222,5.373977087,Barishal,Kharif 2,29.0,65.0,Sugarcane,Oct,Nov to Aug,Aug to Sep,6567,38,20.0,45,85,246.5643183
961,6.316337149,Bhola,Kharif 2,29.0,65.0,Sugarcane,Oct,Nov to Aug,Aug to Sep,6070,38,20.0,45,85,267.6887002
283,22.80918728,Bogura,Kharif 2,29.0,65.0,Sugarcane,Oct,Nov to Aug,Aug to Sep,6455,38,20.0,45,85,101.8546285
43,3.906976744,Brahmanbaria,Kharif 2,29.0,65.0,Sugarcane,Oct,Nov to Aug,Aug to Sep,168,38,20.0,45,85,128.849391
1412,11.00212465,Chandpur,Kharif 2,29.0,65.0,Sugarcane,Oct,Nov to Aug,Aug to Sep,15535,38,20.0,45,85,268.7534728
3456,17.20688657,Chapai Nawabganj,Kharif 2,29.0,65.0,Sugarcane,Oct,Nov to Aug,Aug to Sep,59467,38,20.0,45,85,148.2965253
1927,9.35858848,Chattogram,Kharif 2,29.0,65.0,Sugarcane,Oct,Nov to Aug,Aug to Sep,18034,38,20.0,45,85,63.78693594
4826,24.2708247,Chuadanga,Kharif 2,29.0,65.0,Sugarcane,Oct,Nov to Aug,Aug to Sep,117131,38,20.0,45,85,146.2787997
613,6.086460033,CoxsBazar,Kharif 2,29.0,65.0,Sugarcane,Oct,Nov to Aug,Aug to Sep,3731,38,20.0,45,85,72.48606866
894,6.109619687,Cumilla,Kharif 2,29.0,65.0,Sugarcane,Oct,Nov to Aug,Aug to Sep,5462,38,20.0,45,85,79.57668663
139,7.107913669,Dhaka,Kharif 2,29.0,65.0,Sugarcane,Oct,Nov to Aug,Aug to Sep,988,38,20.0,45,85,214.2368552
3320,14.51987952,Dinajpur,Kharif 2,29.0,65.0,Sugarcane,Oct,Nov to Aug,Aug to Sep,48206,38,20.0,45,85,234.6576021
6528,15.73789828,Faridpur,Kharif 2,29.0,65.0,Sugarcane,Oct,Nov to Aug,Aug to Sep,102737,38,20.0,45,85,40.40379187
208,12.62019231,Feni,Kharif 2,29.0,65.0,Sugarcane,Oct,Nov to Aug,Aug to Sep,2625,38,20.0,45,85,116.5807844
5821,24.69489778,Gaibandha,Kharif 2,29.0,65.0,Sugarcane,Oct,Nov to Aug,Aug to Sep,143749,38,20.0,45,85,48.64332169
3135,8.558532695,Gazipur,Kharif 2,29.0,65.0,Sugarcane,Oct,Nov to Aug,Aug to Sep,26831,38,20.0,45,85,122.3750826
734,13.1866485,Gopalganj,Kharif 2,29.0,65.0,Sugarcane,Oct,Nov to Aug,Aug to Sep,9679,38,20.0,45,85,92.30122197
2387,15.95643067,Habiganj,Kharif 2,29.0,65.0,Sugarcane,Oct,Nov to Aug,Aug to Sep,38088,38,20.0,45,85,330.9643245
10398,20.587613,Jamalpur,Kharif 2,29.0,65.0,Sugarcane,Oct,Nov to Aug,Aug to Sep,214070,38,20.0,45,85,0.0
481,17.73596674,Jashore,Kharif 2,29.0,65.0,Sugarcane,Oct,Nov to Aug,Aug to Sep,8531,38,20.0,45,85,117.6513304
279,6.910394265,Jhallokati,Kharif 2,29.0,65.0,Sugarcane,Oct,Nov to Aug,Aug to Sep,1928,38,20.0,45,85,106.2254491
2670,22.24157303,Jhenaidah,Kharif 2,29.0,65.0,Sugarcane,Oct,Nov to Aug,Aug to Sep,59385,38,20.0,45,85,209.4537776
2208,19.90398551,Joypurhat,Kharif 2,29.0,65.0,Sugarcane,Oct,Nov to Aug,Aug to Sep,43948,38,20.0,45,85,80.54190913
641,9.071762871,Khagrachari,Kharif 2,29.0,65.0,Sugarcane,Oct,Nov to Aug,Aug to Sep,5815,38,20.0,45,85,114.6928641
105,13.8952381,Khulna,Kharif 2,29.0,65.0,Sugarcane,Oct,Nov to Aug,Aug to Sep,1459,38,20.0,45,85,143.9927019
49,12.12244898,Kishoreganj,Kharif 2,29.0,65.0,Sugarcane,Oct,Nov to Aug,Aug to Sep,594,38,20.0,45,85,77.53420865
703,14.74110953,Kurigram,Kharif 2,29.0,65.0,Sugarcane,Oct,Nov to Aug,Aug to Sep,10363,38,20.0,45,85,32.49009636
8532,19.3830286,Kushtia,Kharif 2,29.0,65.0,Sugarcane,Oct,Nov to Aug,Aug to Sep,165376,38,20.0,45,85,127.5232273
335,11.08059701,Lakshmipur,Kharif 2,29.0,65.0,Sugarcane,Oct,Nov to Aug,Aug to Sep,3712,38,20.0,45,85,170.4998378
289,13.35986159,Lalmonirhat,Kharif 2,29.0,65.0,Sugarcane,Oct,Nov to Aug,Aug to Sep,3861,38,20.0,45,85,150.43602
843,18.85172005,Madaripur,Kharif 2,29.0,65.0,Sugarcane,Oct,Nov to Aug,Aug to Sep,15892,38,20.0,45,85,65.86348392
246,12.91869919,Magura,Kharif 2,29.0,65.0,Sugarcane,Oct,Nov to Aug,Aug to Sep,3178,38,20.0,45,85,176.391902
4696,19.84199319,Manikganj,Kharif 2,29.0,65.0,Sugarcane,Oct,Nov to Aug,Aug to Sep,93178,38,20.0,45,85,107.8367336
745,18.10201342,Meherpur,Kharif 2,29.0,65.0,Sugarcane,Oct,Nov to Aug,Aug to Sep,13486,38,20.0,45,85,213.2660513
50,6.18,Moulvibazar,Kharif 2,29.0,65.0,Sugarcane,Oct,Nov to Aug,Aug to Sep,309,38,20.0,45,85,172.3441356
311,8.090032154,Munshiganj,Kharif 2,29.0,65.0,Sugarcane,Oct,Nov to Aug,Aug to Sep,2516,38,20.0,45,85,219.606724
5643,14.95605175,Mymensingh,Kharif 2,29.0,65.0,Sugarcane,Oct,Nov to Aug,Aug to Sep,84397,38,20.0,45,85,129.1318571
1022,19.63405088,Naogaon,Kharif 2,29.0,65.0,Sugarcane,Oct,Nov to Aug,Aug to Sep,20066,38,20.0,45,85,191.6892128
1654,15.58403869,Narail,Kharif 2,29.0,65.0,Sugarcane,Oct,Nov to Aug,Aug to Sep,25776,38,20.0,45,85,181.2897796
124,5.0,Narayanganj,Kharif 2,29.0,65.0,Sugarcane,Oct,Nov to Aug,Aug to Sep,620,38,20.0,45,85,85.89986007
188,9.265957447,Narsingdi,Kharif 2,29.0,65.0,Sugarcane,Oct,Nov to Aug,Aug to Sep,1742,38,20.0,45,85,296.3961884
53100,18.22988701,Natore,Kharif 2,29.0,65.0,Sugarcane,Oct,Nov to Aug,Aug to Sep,968007,38,20.0,45,85,233.363637
48,13.25,Netrokona,Kharif 2,29.0,65.0,Sugarcane,Oct,Nov to Aug,Aug to Sep,636,38,20.0,45,85,71.40733424
289,23.11418685,Nilphamari,Kharif 2,29.0,65.0,Sugarcane,Oct,Nov to Aug,Aug to Sep,6680,38,20.0,45,85,107.0261186
210,8.8,Noakhali,Kharif 2,29.0,65.0,Sugarcane,Oct,Nov to Aug,Aug to Sep,1848,38,20.0,45,85,219.2678912
8016,19.0612525,Pabna,Kharif 2,29.0,65.0,Sugarcane,Oct,Nov to Aug,Aug to Sep,152795,38,20.0,45,85,147.3224134
6516,11.49324739,Panchagar,Kharif 2,29.0,65.0,Sugarcane,Oct,Nov to Aug,Aug to Sep,74890,38,20.0,45,85,16.9886282
68,4.205882353,Patuakhali,Kharif 2,29.0,65.0,Sugarcane,Oct,Nov to Aug,Aug to Sep,286,38,20.0,45,85,43.97504516
361,6.360110803,Pirojpur,Kharif 2,29.0,65.0,Sugarcane,Oct,Nov to Aug,Aug to Sep,2296,38,20.0,45,85,136.3559371
3301,17.64950015,Rajbari,Kharif 2,29.0,65.0,Sugarcane,Oct,Nov to Aug,Aug to Sep,58261,38,20.0,45,85,110.1016998
17582,18.25776362,Rajshahi,Kharif 2,29.0,65.0,Sugarcane,Oct,Nov to Aug,Aug to Sep,321008,38,20.0,45,85,44.01462139
534,14.4906367,Rangamati,Kharif 2,29.0,65.0,Sugarcane,Oct,Nov to Aug,Aug to Sep,7738,38,20.0,45,85,15.55547377
3134,22.99649011,Rangpur,Kharif 2,29.0,65.0,Sugarcane,Oct,Nov to Aug,Aug to Sep,72071,38,20.0,45,85,124.5145609
281,15.5088968,Satkhira,Kharif 2,29.0,65.0,Sugarcane,Oct,Nov to Aug,Aug to Sep,4358,38,20.0,45,85,158.1707508
1052,15.18726236,Shariatpur,Kharif 2,29.0,65.0,Sugarcane,Oct,Nov to Aug,Aug to Sep,15977,38,20.0,45,85,178.1798659
238,21.45798319,Sherpur,Kharif 2,29.0,65.0,Sugarcane,Oct,Nov to Aug,Aug to Sep,5107,38,20.0,45,85,152.0384379
2358,16.32145886,Sirajganj,Kharif 2,29.0,65.0,Sugarcane,Oct,Nov to Aug,Aug to Sep,38486,38,20.0,45,85,207.6283382
179,17.61452514,Sunamganj,Kharif 2,29.0,65.0,Sugarcane,Oct,Nov to Aug,Aug to Sep,3153,38,20.0,45,85,151.1118213
20,13.75,Sylhet,Kharif 2,29.0,65.0,Sugarcane,Oct,Nov to Aug,Aug to Sep,275,38,20.0,45,85,124.2568479
2895,17.35233161,Tangail,Kharif 2,29.0,65.0,Sugarcane,Oct,Nov to Aug,Aug to Sep,50235,38,20.0,45,85,167.6382321
10807,13.53557879,Thakurgaon,Kharif 2,29.0,65.0,Sugarcane,Oct,Nov to Aug,Aug to Sep,146279,38,20.0,45,85,8.447180268
627,3.50877193,Bagerhat,Rabi,20.5,80.0,Sweet Potato,Nov,Dec to Mar,Apr,2200,24,17.0,70,90,44.27336981
382,3.795811518,Bandarban,Rabi,20.5,80.0,Sweet Potato,Nov,Dec to Mar,Apr,1450,24,17.0,70,90,123.4884618
1539,3.768680962,Barguna,Rabi,20.5,80.0,Sweet Potato,Nov,Dec to Mar,Apr,5800,24,17.0,70,90,97.02555357
4580,3.672925764,Barishal,Rabi,20.5,80.0,Sweet Potato,Nov,Dec to Mar,Apr,16822,24,17.0,70,90,76.09775243
4892,3.990596893,Bhola,Rabi,20.5,80.0,Sweet Potato,Nov,Dec to Mar,Apr,19522,24,17.0,70,90,151.8946925
1505,4.403986711,Bogura,Rabi,20.5,80.0,Sweet Potato,Nov,Dec to Mar,Apr,6628,24,17.0,70,90,97.85583801
2502,3.922861711,Brahmanbaria,Rabi,20.5,80.0,Sweet Potato,Nov,Dec to Mar,Apr,9815,24,17.0,70,90,90.77245101
1358,3.406480118,Chandpur,Rabi,20.5,80.0,Sweet Potato,Nov,Dec to Mar,Apr,4626,24,17.0,70,90,132.3396296
148,4.641891892,Chapai Nawabganj,Rabi,20.5,80.0,Sweet Potato,Nov,Dec to Mar,Apr,687,24,17.0,70,90,139.6157784
4439,3.484118045,Chattogram,Rabi,20.5,80.0,Sweet Potato,Nov,Dec to Mar,Apr,15466,24,17.0,70,90,31.94284033
116,6.051724138,Chuadanga,Rabi,20.5,80.0,Sweet Potato,Nov,Dec to Mar,Apr,702,24,17.0,70,90,80.3181849
811,4.294697904,CoxsBazar,Rabi,20.5,80.0,Sweet Potato,Nov,Dec to Mar,Apr,3483,24,17.0,70,90,150.4594367
2203,4.785746709,Cumilla,Rabi,20.5,80.0,Sweet Potato,Nov,Dec to Mar,Apr,10543,24,17.0,70,90,97.93652835
393,5.419847328,Dhaka,Rabi,20.5,80.0,Sweet Potato,Nov,Dec to Mar,Apr,2130,24,17.0,70,90,151.8442597
482,3.910788382,Dinajpur,Rabi,20.5,80.0,Sweet Potato,Nov,Dec to Mar,Apr,1885,24,17.0,70,90,215.9649848
539,3.788497217,Faridpur,Rabi,20.5,80.0,Sweet Potato,Nov,Dec to Mar,Apr,2042,24,17.0,70,90,207.140685
1221,3.83046683,Feni,Rabi,20.5,80.0,Sweet Potato,Nov,Dec to Mar,Apr,4677,24,17.0,70,90,172.9867477
593,3.397976391,Gaibandha,Rabi,20.5,80.0,Sweet Potato,Nov,Dec to Mar,Apr,2015,24,17.0,70,90,119.3965362
357,3.495798319,Gazipur,Rabi,20.5,80.0,Sweet Potato,Nov,Dec to Mar,Apr,1248,24,17.0,70,90,144.894079
28,4.928571429,Gopalganj,Rabi,20.5,80.0,Sweet Potato,Nov,Dec to Mar,Apr,138,24,17.0,70,90,130.5377371
686,4.648688047,Habiganj,Rabi,20.5,80.0,Sweet Potato,Nov,Dec to Mar,Apr,3189,24,17.0,70,90,214.5865928
4034,5.808874566,Jamalpur,Rabi,20.5,80.0,Sweet Potato,Nov,Dec to Mar,Apr,23433,24,17.0,70,90,169.1322028
225,3.942222222,Jashore,Rabi,20.5,80.0,Sweet Potato,Nov,Dec to Mar,Apr,887,24,17.0,70,90,23.67427205
740,3.810810811,Jhallokati,Rabi,20.5,80.0,Sweet Potato,Nov,Dec to Mar,Apr,2820,24,17.0,70,90,124.2068835
146,4.726027397,Jhenaidah,Rabi,20.5,80.0,Sweet Potato,Nov,Dec to Mar,Apr,690,24,17.0,70,90,103.9106865
235,4.127659574,Joypurhat,Rabi,20.5,80.0,Sweet Potato,Nov,Dec to Mar,Apr,970,24,17.0,70,90,159.1625943
878,3.724373576,Khagrachari,Rabi,20.5,80.0,Sweet Potato,Nov,Dec to Mar,Apr,3270,24,17.0,70,90,189.6285784
27,2.62962963,Khulna,Rabi,20.5,80.0,Sweet Potato,Nov,Dec to Mar,Apr,71,24,17.0,70,90,202.536395
2074,5.677917068,Kishoreganj,Rabi,20.5,80.0,Sweet Potato,Nov,Dec to Mar,Apr,11776,24,17.0,70,90,182.2929011
1043,5.777564717,Kurigram,Rabi,20.5,80.0,Sweet Potato,Nov,Dec to Mar,Apr,6026,24,17.0,70,90,163.0343276
296,4.635135135,Kushtia,Rabi,20.5,80.0,Sweet Potato,Nov,Dec to Mar,Apr,1372,24,17.0,70,90,241.5915151
968,2.555785124,Lakshmipur,Rabi,20.5,80.0,Sweet Potato,Nov,Dec to Mar,Apr,2474,24,17.0,70,90,148.0348994
222,3.085585586,Lalmonirhat,Rabi,20.5,80.0,Sweet Potato,Nov,Dec to Mar,Apr,685,24,17.0,70,90,201.7161862
425,4.122352941,Madaripur,Rabi,20.5,80.0,Sweet Potato,Nov,Dec to Mar,Apr,1752,24,17.0,70,90,98.81895251
90,3.911111111,Magura,Rabi,20.5,80.0,Sweet Potato,Nov,Dec to Mar,Apr,352,24,17.0,70,90,133.6187088
330,4.851515152,Manikganj,Rabi,20.5,80.0,Sweet Potato,Nov,Dec to Mar,Apr,1601,24,17.0,70,90,174.7089628
70,5.257142857,Meherpur,Rabi,20.5,80.0,Sweet Potato,Nov,Dec to Mar,Apr,368,24,17.0,70,90,91.63184525
230,4.791304348,Moulvibazar,Rabi,20.5,80.0,Sweet Potato,Nov,Dec to Mar,Apr,1102,24,17.0,70,90,329.45598
154,3.837662338,Munshiganj,Rabi,20.5,80.0,Sweet Potato,Nov,Dec to Mar,Apr,591,24,17.0,70,90,112.4118656
1193,4.099748533,Mymensingh,Rabi,20.5,80.0,Sweet Potato,Nov,Dec to Mar,Apr,4891,24,17.0,70,90,234.8136021
904,4.07079646,Naogaon,Rabi,20.5,80.0,Sweet Potato,Nov,Dec to Mar,Apr,3680,24,17.0,70,90,126.453792
64,4.140625,Narail,Rabi,20.5,80.0,Sweet Potato,Nov,Dec to Mar,Apr,265,24,17.0,70,90,64.52027396
432,4.766203704,Narayanganj,Rabi,20.5,80.0,Sweet Potato,Nov,Dec to Mar,Apr,2059,24,17.0,70,90,169.0640782
1851,5.774176121,Narsingdi,Rabi,20.5,80.0,Sweet Potato,Nov,Dec to Mar,Apr,10688,24,17.0,70,90,64.76340091
794,3.802267003,Natore,Rabi,20.5,80.0,Sweet Potato,Nov,Dec to Mar,Apr,3019,24,17.0,70,90,138.5079252
653,5.747320061,Netrokona,Rabi,20.5,80.0,Sweet Potato,Nov,Dec to Mar,Apr,3753,24,17.0,70,90,244.8386481
352,4.642045455,Nilphamari,Rabi,20.5,80.0,Sweet Potato,Nov,Dec to Mar,Apr,1634,24,17.0,70,90,180.9120503
7068,3.886955291,Noakhali,Rabi,20.5,80.0,Sweet Potato,Nov,Dec to Mar,Apr,27473,24,17.0,70,90,14.08929485
397,4.264483627,Pabna,Rabi,20.5,80.0,Sweet Potato,Nov,Dec to Mar,Apr,1693,24,17.0,70,90,158.0150812
371,5.318059299,Panchagar,Rabi,20.5,80.0,Sweet Potato,Nov,Dec to Mar,Apr,1973,24,17.0,70,90,99.86934171
1347,3.689680772,Patuakhali,Rabi,20.5,80.0,Sweet Potato,Nov,Dec to Mar,Apr,4970,24,17.0,70,90,141.7300791
461,3.856832972,Pirojpur,Rabi,20.5,80.0,Sweet Potato,Nov,Dec to Mar,Apr,1778,24,17.0,70,90,99.77388134
348,3.827586207,Rajbari,Rabi,20.5,80.0,Sweet Potato,Nov,Dec to Mar,Apr,1332,24,17.0,70,90,149.3256882
240,5.658333333,Rajshahi,Rabi,20.5,80.0,Sweet Potato,Nov,Dec to Mar,Apr,1358,24,17.0,70,90,113.1116021
606,3.679867987,Rangamati,Rabi,20.5,80.0,Sweet Potato,Nov,Dec to Mar,Apr,2230,24,17.0,70,90,74.83145009
725,3.020689655,Rangpur,Rabi,20.5,80.0,Sweet Potato,Nov,Dec to Mar,Apr,2190,24,17.0,70,90,164.9149127
39,4.512820513,Satkhira,Rabi,20.5,80.0,Sweet Potato,Nov,Dec to Mar,Apr,176,24,17.0,70,90,134.3890441
1181,4.552921253,Shariatpur,Rabi,20.5,80.0,Sweet Potato,Nov,Dec to Mar,Apr,5377,24,17.0,70,90,190.7298422
1042,6.452015355,Sherpur,Rabi,20.5,80.0,Sweet Potato,Nov,Dec to Mar,Apr,6723,24,17.0,70,90,261.2441618
825,4.535757576,Sirajganj,Rabi,20.5,80.0,Sweet Potato,Nov,Dec to Mar,Apr,3742,24,17.0,70,90,147.1069069
703,6.230440967,Sunamganj,Rabi,20.5,80.0,Sweet Potato,Nov,Dec to Mar,Apr,4380,24,17.0,70,90,224.2187787
303,2.722772277,Sylhet,Rabi,20.5,80.0,Sweet Potato,Nov,Dec to Mar,Apr,825,24,17.0,70,90,158.6679744
1623,4.189772027,Tangail,Rabi,20.5,80.0,Sweet Potato,Nov,Dec to Mar,Apr,6800,24,17.0,70,90,109.7127911
399,3.676691729,Thakurgaon,Rabi,20.5,80.0,Sweet Potato,Nov,Dec to Mar,Apr,1467,24,17.0,70,90,124.2044988
51,2.843137255,Bagerhat,Kharif 1,32.5,65.0,Taramind,Feb,Mar to Apr,Feb to May,145,40,25.0,50,80,169.3134675
756,0.941798942,Bandarban,Kharif 1,32.5,65.0,Taramind,Feb,Mar to Apr,Feb to May,712,40,25.0,50,80,125.745467
214,0.635514019,Barguna,Kharif 1,32.5,65.0,Taramind,Feb,Mar to Apr,Feb to May,136,40,25.0,50,80,305.6248629
281,0.879003559,Barishal,Kharif 1,32.5,65.0,Taramind,Feb,Mar to Apr,Feb to May,247,40,25.0,50,80,148.7414134
21,8.761904762,Bhola,Kharif 1,32.5,65.0,Taramind,Feb,Mar to Apr,Feb to May,184,40,25.0,50,80,248.1510593
94,3.627659574,Bogura,Kharif 1,32.5,65.0,Taramind,Feb,Mar to Apr,Feb to May,341,40,25.0,50,80,257.0113946
629,0.168521463,Brahmanbaria,Kharif 1,32.5,65.0,Taramind,Feb,Mar to Apr,Feb to May,106,40,25.0,50,80,182.7160878
43,2.627906977,Chandpur,Kharif 1,32.5,65.0,Taramind,Feb,Mar to Apr,Feb to May,113,40,25.0,50,80,136.4368781
13,1.769230769,Chapai Nawabganj,Kharif 1,32.5,65.0,Taramind,Feb,Mar to Apr,Feb to May,23,40,25.0,50,80,40.99654972
26,4.5,Chattogram,Kharif 1,32.5,65.0,Taramind,Feb,Mar to Apr,Feb to May,117,40,25.0,50,80,176.1486481
7,8.0,Chuadanga,Kharif 1,32.5,65.0,Taramind,Feb,Mar to Apr,Feb to May,56,40,25.0,50,80,224.6880061
21,2.904761905,CoxsBazar,Kharif 1,32.5,65.0,Taramind,Feb,Mar to Apr,Feb to May,61,40,25.0,50,80,25.04622388
312,0.445512821,Cumilla,Kharif 1,32.5,65.0,Taramind,Feb,Mar to Apr,Feb to May,139,40,25.0,50,80,179.6067537
19,9.894736842,Dhaka,Kharif 1,32.5,65.0,Taramind,Feb,Mar to Apr,Feb to May,188,40,25.0,50,80,125.279031
18,2.944444444,Dinajpur,Kharif 1,32.5,65.0,Taramind,Feb,Mar to Apr,Feb to May,53,40,25.0,50,80,48.37447198
156,1.448717949,Faridpur,Kharif 1,32.5,65.0,Taramind,Feb,Mar to Apr,Feb to May,226,40,25.0,50,80,213.0285154
70,0.3,Feni,Kharif 1,32.5,65.0,Taramind,Feb,Mar to Apr,Feb to May,21,40,25.0,50,80,176.5428217
23,1.173913043,Gaibandha,Kharif 1,32.5,65.0,Taramind,Feb,Mar to Apr,Feb to May,27,40,25.0,50,80,164.692224
52,2.596153846,Gazipur,Kharif 1,32.5,65.0,Taramind,Feb,Mar to Apr,Feb to May,135,40,25.0,50,80,162.5112486
35,4.028571429,Gopalganj,Kharif 1,32.5,65.0,Taramind,Feb,Mar to Apr,Feb to May,141,40,25.0,50,80,131.5131192
23,0.695652174,Habiganj,Kharif 1,32.5,65.0,Taramind,Feb,Mar to Apr,Feb to May,16,40,25.0,50,80,41.49007539
65,1.938461538,Jamalpur,Kharif 1,32.5,65.0,Taramind,Feb,Mar to Apr,Feb to May,126,40,25.0,50,80,176.6812653
69,5.014492754,Jashore,Kharif 1,32.5,65.0,Taramind,Feb,Mar to Apr,Feb to May,346,40,25.0,50,80,179.8225895
56,0.982142857,Jhallokati,Kharif 1,32.5,65.0,Taramind,Feb,Mar to Apr,Feb to May,55,40,25.0,50,80,295.3782268
25,7.48,Jhenaidah,Kharif 1,32.5,65.0,Taramind,Feb,Mar to Apr,Feb to May,187,40,25.0,50,80,193.4785989
17,4.823529412,Joypurhat,Kharif 1,32.5,65.0,Taramind,Feb,Mar to Apr,Feb to May,82,40,25.0,50,80,202.5083276
115,2.27826087,Khagrachari,Kharif 1,32.5,65.0,Taramind,Feb,Mar to Apr,Feb to May,262,40,25.0,50,80,0.0
131,2.022900763,Khulna,Kharif 1,32.5,65.0,Taramind,Feb,Mar to Apr,Feb to May,265,40,25.0,50,80,176.8060755
46,2.782608696,Kishoreganj,Kharif 1,32.5,65.0,Taramind,Feb,Mar to Apr,Feb to May,128,40,25.0,50,80,111.0616918
17,1.764705882,Kurigram,Kharif 1,32.5,65.0,Taramind,Feb,Mar to Apr,Feb to May,30,40,25.0,50,80,82.14604273
51,3.019607843,Kushtia,Kharif 1,32.5,65.0,Taramind,Feb,Mar to Apr,Feb to May,154,40,25.0,50,80,155.4467017
42,1.880952381,Lakshmipur,Kharif 1,32.5,65.0,Taramind,Feb,Mar to Apr,Feb to May,79,40,25.0,50,80,45.62742863
9,3.666666667,Lalmonirhat,Kharif 1,32.5,65.0,Taramind,Feb,Mar to Apr,Feb to May,33,40,25.0,50,80,199.6603068
36,8.555555556,Madaripur,Kharif 1,32.5,65.0,Taramind,Feb,Mar to Apr,Feb to May,308,40,25.0,50,80,128.757253
18,4.888888889,Magura,Kharif 1,32.5,65.0,Taramind,Feb,Mar to Apr,Feb to May,88,40,25.0,50,80,126.2051989
17,3.411764706,Manikganj,Kharif 1,32.5,65.0,Taramind,Feb,Mar to Apr,Feb to May,58,40,25.0,50,80,182.9854912
25,1.28,Meherpur,Kharif 1,32.5,65.0,Taramind,Feb,Mar to Apr,Feb to May,32,40,25.0,50,80,195.6624428
40,3.0,Moulvibazar,Kharif 1,32.5,65.0,Taramind,Feb,Mar to Apr,Feb to May,120,40,25.0,50,80,150.5415096
10,5.0,Munshiganj,Kharif 1,32.5,65.0,Taramind,Feb,Mar to Apr,Feb to May,50,40,25.0,50,80,187.5261862
216,1.546296296,Mymensingh,Kharif 1,32.5,65.0,Taramind,Feb,Mar to Apr,Feb to May,334,40,25.0,50,80,110.6024346
26,6.538461538,Naogaon,Kharif 1,32.5,65.0,Taramind,Feb,Mar to Apr,Feb to May,170,40,25.0,50,80,151.9870193
107,0.878504673,Narail,Kharif 1,32.5,65.0,Taramind,Feb,Mar to Apr,Feb to May,94,40,25.0,50,80,99.40662883
10,10.8,Narayanganj,Kharif 1,32.5,65.0,Taramind,Feb,Mar to Apr,Feb to May,108,40,25.0,50,80,179.7315832
22,8.363636364,Narsingdi,Kharif 1,32.5,65.0,Taramind,Feb,Mar to Apr,Feb to May,184,40,25.0,50,80,141.175451
47,4.340425532,Natore,Kharif 1,32.5,65.0,Taramind,Feb,Mar to Apr,Feb to May,204,40,25.0,50,80,32.26485481
31,3.483870968,Netrokona,Kharif 1,32.5,65.0,Taramind,Feb,Mar to Apr,Feb to May,108,40,25.0,50,80,223.8565816
5,6.2,Nilphamari,Kharif 1,32.5,65.0,Taramind,Feb,Mar to Apr,Feb to May,31,40,25.0,50,80,149.8921187
24,2.5,Noakhali,Kharif 1,32.5,65.0,Taramind,Feb,Mar to Apr,Feb to May,60,40,25.0,50,80,157.4258879
306,1.104575163,Pabna,Kharif 1,32.5,65.0,Taramind,Feb,Mar to Apr,Feb to May,338,40,25.0,50,80,252.5053708
10,2.9,Panchagar,Kharif 1,32.5,65.0,Taramind,Feb,Mar to Apr,Feb to May,29,40,25.0,50,80,153.0981678
346,0.468208093,Patuakhali,Kharif 1,32.5,65.0,Taramind,Feb,Mar to Apr,Feb to May,162,40,25.0,50,80,74.98334952
76,2.328947368,Pirojpur,Kharif 1,32.5,65.0,Taramind,Feb,Mar to Apr,Feb to May,177,40,25.0,50,80,126.9195002
23,7.391304348,Rajbari,Kharif 1,32.5,65.0,Taramind,Feb,Mar to Apr,Feb to May,170,40,25.0,50,80,243.5868368
71,2.211267606,Rajshahi,Kharif 1,32.5,65.0,Taramind,Feb,Mar to Apr,Feb to May,157,40,25.0,50,80,168.0437698
523,0.75334608,Rangamati,Kharif 1,32.5,65.0,Taramind,Feb,Mar to Apr,Feb to May,394,40,25.0,50,80,128.7438679
19,6.263157895,Rangpur,Kharif 1,32.5,65.0,Taramind,Feb,Mar to Apr,Feb to May,119,40,25.0,50,80,206.3430966
580,0.470689655,Satkhira,Kharif 1,32.5,65.0,Taramind,Feb,Mar to Apr,Feb to May,273,40,25.0,50,80,107.2706746
31,4.064516129,Shariatpur,Kharif 1,32.5,65.0,Taramind,Feb,Mar to Apr,Feb to May,126,40,25.0,50,80,60.59467154
57,5.631578947,Sherpur,Kharif 1,32.5,65.0,Taramind,Feb,Mar to Apr,Feb to May,321,40,25.0,50,80,103.8640837
8,19.375,Sirajganj,Kharif 1,32.5,65.0,Taramind,Feb,Mar to Apr,Feb to May,155,40,25.0,50,80,230.2574429
11,1.0,Sunamganj,Kharif 1,32.5,65.0,Taramind,Feb,Mar to Apr,Feb to May,11,40,25.0,50,80,138.8975693
17,1.470588235,Sylhet,Kharif 1,32.5,65.0,Taramind,Feb,Mar to Apr,Feb to May,25,40,25.0,50,80,214.6433456
29,5.034482759,Tangail,Kharif 1,32.5,65.0,Taramind,Feb,Mar to Apr,Feb to May,146,40,25.0,50,80,61.067927
5,8.4,Thakurgaon,Kharif 1,32.5,65.0,Taramind,Feb,Mar to Apr,Feb to May,42,40,25.0,50,80,42.25778764
0,,Bagerhat,Kharif 2,17.5,67.5,Tobacco,Oct,Nov to Feb,Feb to Apr,0,20,15.0,50,85,164.8775907
6641,0.485770215,Bandarban,Kharif 2,17.5,67.5,Tobacco,Oct,Nov to Feb,Feb to Apr,3226,20,15.0,50,85,184.6943585
0,,Barguna,Kharif 2,17.5,67.5,Tobacco,Oct,Nov to Feb,Feb to Apr,0,20,15.0,50,85,156.7391886
0,,Barishal,Kharif 2,17.5,67.5,Tobacco,Oct,Nov to Feb,Feb to Apr,0,20,15.0,50,85,181.6140087
0,,Bhola,Kharif 2,17.5,67.5,Tobacco,Oct,Nov to Feb,Feb to Apr,0,20,15.0,50,85,173.3420974
0,,Bogura,Kharif 2,17.5,67.5,Tobacco,Oct,Nov to Feb,Feb to Apr,0,20,15.0,50,85,94.06366552
0,,Brahmanbaria,Kharif 2,17.5,67.5,Tobacco,Oct,Nov to Feb,Feb to Apr,0,20,15.0,50,85,223.1135456
0,,Chandpur,Kharif 2,17.5,67.5,Tobacco,Oct,Nov to Feb,Feb to Apr,0,20,15.0,50,85,25.12405743
0,,Chapai Nawabganj,Kharif 2,17.5,67.5,Tobacco,Oct,Nov to Feb,Feb to Apr,0,20,15.0,50,85,0.0
21,0.285714286,Chattogram,Kharif 2,17.5,67.5,Tobacco,Oct,Nov to Feb,Feb to Apr,6,20,15.0,50,85,208.2031216
2485,0.985915493,Chuadanga,Kharif 2,17.5,67.5,Tobacco,Oct,Nov to Feb,Feb to Apr,2450,20,15.0,50,85,137.5268946
385,1.096103896,CoxsBazar,Kharif 2,17.5,67.5,Tobacco,Oct,Nov to Feb,Feb to Apr,422,20,15.0,50,85,262.0214577
0,,Cumilla,Kharif 2,17.5,67.5,Tobacco,Oct,Nov to Feb,Feb to Apr,0,20,15.0,50,85,106.535996
0,,Dhaka,Kharif 2,17.5,67.5,Tobacco,Oct,Nov to Feb,Feb to Apr,0,20,15.0,50,85,163.6042041
9,0.444444444,Dinajpur,Kharif 2,17.5,67.5,Tobacco,Oct,Nov to Feb,Feb to Apr,4,20,15.0,50,85,136.5093194
95,0.810526316,Faridpur,Kharif 2,17.5,67.5,Tobacco,Oct,Nov to Feb,Feb to Apr,77,20,15.0,50,85,59.23912045
0,,Feni,Kharif 2,17.5,67.5,Tobacco,Oct,Nov to Feb,Feb to Apr,0,20,15.0,50,85,124.9428866
82,0.731707317,Gaibandha,Kharif 2,17.5,67.5,Tobacco,Oct,Nov to Feb,Feb to Apr,60,20,15.0,50,85,124.6457585
0,,Gazipur,Kharif 2,17.5,67.5,Tobacco,Oct,Nov to Feb,Feb to Apr,0,20,15.0,50,85,256.4257235
0,,Gopalganj,Kharif 2,17.5,67.5,Tobacco,Oct,Nov to Feb,Feb to Apr,0,20,15.0,50,85,83.31148528
0,,Habiganj,Kharif 2,17.5,67.5,Tobacco,Oct,Nov to Feb,Feb to Apr,0,20,15.0,50,85,60.89209331
33,0.484848485,Jamalpur,Kharif 2,17.5,67.5,Tobacco,Oct,Nov to Feb,Feb to Apr,16,20,15.0,50,85,138.6425766
0,,Jashore,Kharif 2,17.5,67.5,Tobacco,Oct,Nov to Feb,Feb to Apr,0,20,15.0,50,85,112.2261065
0,,Jhallokati,Kharif 2,17.5,67.5,Tobacco,Oct,Nov to Feb,Feb to Apr,0,20,15.0,50,85,94.79549767
4002,0.826336832,Jhenaidah,Kharif 2,17.5,67.5,Tobacco,Oct,Nov to Feb,Feb to Apr,3307,20,15.0,50,85,26.35207003
0,,Joypurhat,Kharif 2,17.5,67.5,Tobacco,Oct,Nov to Feb,Feb to Apr,0,20,15.0,50,85,92.71689994
2046,0.96627566,Khagrachari,Kharif 2,17.5,67.5,Tobacco,Oct,Nov to Feb,Feb to Apr,1977,20,15.0,50,85,221.4415379
0,,Khulna,Kharif 2,17.5,67.5,Tobacco,Oct,Nov to Feb,Feb to Apr,0,20,15.0,50,85,53.52227917
0,,Kishoreganj,Kharif 2,17.5,67.5,Tobacco,Oct,Nov to Feb,Feb to Apr,0,20,15.0,50,85,297.8204091
393,0.613231552,Kurigram,Kharif 2,17.5,67.5,Tobacco,Oct,Nov to Feb,Feb to Apr,241,20,15.0,50,85,56.32538565
32376,1.067920682,Kushtia,Kharif 2,17.5,67.5,Tobacco,Oct,Nov to Feb,Feb to Apr,34575,20,15.0,50,85,98.99602859
0,,Lakshmipur,Kharif 2,17.5,67.5,Tobacco,Oct,Nov to Feb,Feb to Apr,0,20,15.0,50,85,109.2720288
17404,0.838830154,Lalmonirhat,Kharif 2,17.5,67.5,Tobacco,Oct,Nov to Feb,Feb to Apr,14599,20,15.0,50,85,77.46406913
0,,Madaripur,Kharif 2,17.5,67.5,Tobacco,Oct,Nov to Feb,Feb to Apr,0,20,15.0,50,85,63.65098687
1,0.0,Magura,Kharif 2,17.5,67.5,Tobacco,Oct,Nov to Feb,Feb to Apr,0,20,15.0,50,85,325.4460093
5365,0.832059646,Manikganj,Kharif 2,17.5,67.5,Tobacco,Oct,Nov to Feb,Feb to Apr,4464,20,15.0,50,85,123.0165887
6057,1.134885257,Meherpur,Kharif 2,17.5,67.5,Tobacco,Oct,Nov to Feb,Feb to Apr,6874,20,15.0,50,85,219.4813023
0,,Moulvibazar,Kharif 2,17.5,67.5,Tobacco,Oct,Nov to Feb,Feb to Apr,0,20,15.0,50,85,108.9792996
4,0.5,Munshiganj,Kharif 2,17.5,67.5,Tobacco,Oct,Nov to Feb,Feb to Apr,2,20,15.0,50,85,105.0950634
0,,Mymensingh,Kharif 2,17.5,67.5,Tobacco,Oct,Nov to Feb,Feb to Apr,0,20,15.0,50,85,107.6992449
0,,Naogaon,Kharif 2,17.5,67.5,Tobacco,Oct,Nov to Feb,Feb to Apr,0,20,15.0,50,85,100.9822516
0,,Narail,Kharif 2,17.5,67.5,Tobacco,Oct,Nov to Feb,Feb to Apr,0,20,15.0,50,85,266.6687449
0,,Narayanganj,Kharif 2,17.5,67.5,Tobacco,Oct,Nov to Feb,Feb to Apr,0,20,15.0,50,85,200.9114285
0,,Narsingdi,Kharif 2,17.5,67.5,Tobacco,Oct,Nov to Feb,Feb to Apr,0,20,15.0,50,85,204.2132559
87,0.436781609,Natore,Kharif 2,17.5,67.5,Tobacco,Oct,Nov to Feb,Feb to Apr,38,20,15.0,50,85,207.3749148
36,1.0,Netrokona,Kharif 2,17.5,67.5,Tobacco,Oct,Nov to Feb,Feb to Apr,36,20,15.0,50,85,137.4993675
12075,0.756107661,Nilphamari,Kharif 2,17.5,67.5,Tobacco,Oct,Nov to Feb,Feb to Apr,9130,20,15.0,50,85,148.4492763
0,,Noakhali,Kharif 2,17.5,67.5,Tobacco,Oct,Nov to Feb,Feb to Apr,0,20,15.0,50,85,61.65575183
0,,Pabna,Kharif 2,17.5,67.5,Tobacco,Oct,Nov to Feb,Feb to Apr,0,20,15.0,50,85,71.94505955
10,0.2,Panchagar,Kharif 2,17.5,67.5,Tobacco,Oct,Nov to Feb,Feb to Apr,2,20,15.0,50,85,2.185498112
0,,Patuakhali,Kharif 2,17.5,67.5,Tobacco,Oct,Nov to Feb,Feb to Apr,0,20,15.0,50,85,165.4906419
0,,Pirojpur,Kharif 2,17.5,67.5,Tobacco,Oct,Nov to Feb,Feb to Apr,0,20,15.0,50,85,191.3152196
103,0.912621359,Rajbari,Kharif 2,17.5,67.5,Tobacco,Oct,Nov to Feb,Feb to Apr,94,20,15.0,50,85,193.2867407
0,,Rajshahi,Kharif 2,17.5,67.5,Tobacco,Oct,Nov to Feb,Feb to Apr,0,20,15.0,50,85,162.8163384
1322,0.687594554,Rangamati,Kharif 2,17.5,67.5,Tobacco,Oct,Nov to Feb,Feb to Apr,909,20,15.0,50,85,88.47106327
8222,0.767574799,Rangpur,Kharif 2,17.5,67.5,Tobacco,Oct,Nov to Feb,Feb to Apr,6311,20,15.0,50,85,176.1915171
0,,Satkhira,Kharif 2,17.5,67.5,Tobacco,Oct,Nov to Feb,Feb to Apr,0,20,15.0,50,85,90.65392064
0,,Shariatpur,Kharif 2,17.5,67.5,Tobacco,Oct,Nov to Feb,Feb to Apr,0,20,15.0,50,85,229.8376468
0,,Sherpur,Kharif 2,17.5,67.5,Tobacco,Oct,Nov to Feb,Feb to Apr,0,20,15.0,50,85,143.1059922
0,,Sirajganj,Kharif 2,17.5,67.5,Tobacco,Oct,Nov to Feb,Feb to Apr,0,20,15.0,50,85,91.96554763
0,,Sunamganj,Kharif 2,17.5,67.5,Tobacco,Oct,Nov to Feb,Feb to Apr,0,20,15.0,50,85,168.7638607
0,,Sylhet,Kharif 2,17.5,67.5,Tobacco,Oct,Nov to Feb,Feb to Apr,0,20,15.0,50,85,160.8610085
342,0.505847953,Tangail,Kharif 2,17.5,67.5,Tobacco,Oct,Nov to Feb,Feb to Apr,173,20,15.0,50,85,114.1899596
0,,Thakurgaon,Kharif 2,17.5,67.5,Tobacco,Oct,Nov to Feb,Feb to Apr,0,20,15.0,50,85,151.4025005
259,0.772200772,Bagerhat,Rabi,17.75,55.0,Wheat,Dec,Jan to Mar,Apr,200,20,15.5,50,60,183.1709242
0,,Bandarban,Rabi,17.75,55.0,Wheat,Dec,Jan to Mar,Apr,0,20,15.5,50,60,158.7245295
0,,Barguna,Rabi,17.75,55.0,Wheat,Dec,Jan to Mar,Apr,0,20,15.5,50,60,277.8476847
1800,0.942222222,Barishal,Rabi,17.75,55.0,Wheat,Dec,Jan to Mar,Apr,1696,20,15.5,50,60,206.5771635
5670,1.235449735,Bhola,Rabi,17.75,55.0,Wheat,Dec,Jan to Mar,Apr,7005,20,15.5,50,60,161.9334139
6264,1.185185185,Bogura,Rabi,17.75,55.0,Wheat,Dec,Jan to Mar,Apr,7424,20,15.5,50,60,115.6002018
1898,0.726027397,Brahmanbaria,Rabi,17.75,55.0,Wheat,Dec,Jan to Mar,Apr,1378,20,15.5,50,60,146.8012951
107,1.093457944,Chandpur,Rabi,17.75,55.0,Wheat,Dec,Jan to Mar,Apr,117,20,15.5,50,60,120.449963
60134,1.468836266,Chapai Nawabganj,Rabi,17.75,55.0,Wheat,Dec,Jan to Mar,Apr,88327,20,15.5,50,60,170.4069904
0,,Chattogram,Rabi,17.75,55.0,Wheat,Dec,Jan to Mar,Apr,0,20,15.5,50,60,86.80564121
1869,1.504547887,Chuadanga,Rabi,17.75,55.0,Wheat,Dec,Jan to Mar,Apr,2812,20,15.5,50,60,12.93600908
0,,CoxsBazar,Rabi,17.75,55.0,Wheat,Dec,Jan to Mar,Apr,0,20,15.5,50,60,0.0
1231,1.022745735,Cumilla,Rabi,17.75,55.0,Wheat,Dec,Jan to Mar,Apr,1259,20,15.5,50,60,126.8585026
372,1.22311828,Dhaka,Rabi,17.75,55.0,Wheat,Dec,Jan to Mar,Apr,455,20,15.5,50,60,208.1848018
10237,1.279183354,Dinajpur,Rabi,17.75,55.0,Wheat,Dec,Jan to Mar,Apr,13095,20,15.5,50,60,194.254584
55341,1.37738747,Faridpur,Rabi,17.75,55.0,Wheat,Dec,Jan to Mar,Apr,76226,20,15.5,50,60,223.388989
150,1.073333333,Feni,Rabi,17.75,55.0,Wheat,Dec,Jan to Mar,Apr,161,20,15.5,50,60,49.76275049
7317,1.194888616,Gaibandha,Rabi,17.75,55.0,Wheat,Dec,Jan to Mar,Apr,8743,20,15.5,50,60,132.4432163
167,1.191616766,Gazipur,Rabi,17.75,55.0,Wheat,Dec,Jan to Mar,Apr,199,20,15.5,50,60,169.0856076
13291,1.159355955,Gopalganj,Rabi,17.75,55.0,Wheat,Dec,Jan to Mar,Apr,15409,20,15.5,50,60,196.456806
550,1.074545455,Habiganj,Rabi,17.75,55.0,Wheat,Dec,Jan to Mar,Apr,591,20,15.5,50,60,116.8240518
10623,1.145533277,Jamalpur,Rabi,17.75,55.0,Wheat,Dec,Jan to Mar,Apr,12169,20,15.5,50,60,173.3545946
1890,1.227513228,Jashore,Rabi,17.75,55.0,Wheat,Dec,Jan to Mar,Apr,2320,20,15.5,50,60,153.4157199
160,1.24375,Jhallokati,Rabi,17.75,55.0,Wheat,Dec,Jan to Mar,Apr,199,20,15.5,50,60,160.3764414
13261,1.406530428,Jhenaidah,Rabi,17.75,55.0,Wheat,Dec,Jan to Mar,Apr,18652,20,15.5,50,60,203.4476758
5649,1.09700832,Joypurhat,Rabi,17.75,55.0,Wheat,Dec,Jan to Mar,Apr,6197,20,15.5,50,60,141.6817019
0,,Khagrachari,Rabi,17.75,55.0,Wheat,Dec,Jan to Mar,Apr,0,20,15.5,50,60,27.23184014
497,1.040241449,Khulna,Rabi,17.75,55.0,Wheat,Dec,Jan to Mar,Apr,517,20,15.5,50,60,157.0291323
3030,1.017821782,Kishoreganj,Rabi,17.75,55.0,Wheat,Dec,Jan to Mar,Apr,3084,20,15.5,50,60,181.4499429
20932,1.337425951,Kurigram,Rabi,17.75,55.0,Wheat,Dec,Jan to Mar,Apr,27995,20,15.5,50,60,169.1423353
27399,1.560640899,Kushtia,Rabi,17.75,55.0,Wheat,Dec,Jan to Mar,Apr,42760,20,15.5,50,60,277.8582458
0,,Lakshmipur,Rabi,17.75,55.0,Wheat,Dec,Jan to Mar,Apr,0,20,15.5,50,60,140.5275881
3302,1.216232586,Lalmonirhat,Rabi,17.75,55.0,Wheat,Dec,Jan to Mar,Apr,4016,20,15.5,50,60,128.0405586
11787,1.194451514,Madaripur,Rabi,17.75,55.0,Wheat,Dec,Jan to Mar,Apr,14079,20,15.5,50,60,120.6243506
10947,1.132182333,Magura,Rabi,17.75,55.0,Wheat,Dec,Jan to Mar,Apr,12394,20,15.5,50,60,34.79269547
3993,1.135487102,Manikganj,Rabi,17.75,55.0,Wheat,Dec,Jan to Mar,Apr,4534,20,15.5,50,60,135.4597914
31854,1.718936397,Meherpur,Rabi,17.75,55.0,Wheat,Dec,Jan to Mar,Apr,54755,20,15.5,50,60,42.25367853
88,0.704545455,Moulvibazar,Rabi,17.75,55.0,Wheat,Dec,Jan to Mar,Apr,62,20,15.5,50,60,66.31547794
21,1.142857143,Munshiganj,Rabi,17.75,55.0,Wheat,Dec,Jan to Mar,Apr,24,20,15.5,50,60,183.7764187
3247,1.121650755,Mymensingh,Rabi,17.75,55.0,Wheat,Dec,Jan to Mar,Apr,3642,20,15.5,50,60,196.6870184
56124,1.415829235,Naogaon,Rabi,17.75,55.0,Wheat,Dec,Jan to Mar,Apr,79462,20,15.5,50,60,137.6331259
3717,1.182943234,Narail,Rabi,17.75,55.0,Wheat,Dec,Jan to Mar,Apr,4397,20,15.5,50,60,118.8464238
140,0.764285714,Narayanganj,Rabi,17.75,55.0,Wheat,Dec,Jan to Mar,Apr,107,20,15.5,50,60,60.20355922
241,0.904564315,Narsingdi,Rabi,17.75,55.0,Wheat,Dec,Jan to Mar,Apr,218,20,15.5,50,60,210.8014431
53757,1.190003162,Natore,Rabi,17.75,55.0,Wheat,Dec,Jan to Mar,Apr,63971,20,15.5,50,60,310.8961371
2005,0.868329177,Netrokona,Rabi,17.75,55.0,Wheat,Dec,Jan to Mar,Apr,1741,20,15.5,50,60,157.9072118
12475,1.303807615,Nilphamari,Rabi,17.75,55.0,Wheat,Dec,Jan to Mar,Apr,16265,20,15.5,50,60,143.657565
21,0.952380952,Noakhali,Rabi,17.75,55.0,Wheat,Dec,Jan to Mar,Apr,20,20,15.5,50,60,86.34652128
64976,1.223959616,Pabna,Rabi,17.75,55.0,Wheat,Dec,Jan to Mar,Apr,79528,20,15.5,50,60,185.3164408
44594,1.334080818,Panchagar,Rabi,17.75,55.0,Wheat,Dec,Jan to Mar,Apr,59492,20,15.5,50,60,45.95163724
31,1.322580645,Patuakhali,Rabi,17.75,55.0,Wheat,Dec,Jan to Mar,Apr,41,20,15.5,50,60,177.2457252
57,0.736842105,Pirojpur,Rabi,17.75,55.0,Wheat,Dec,Jan to Mar,Apr,42,20,15.5,50,60,126.8207428
29485,1.059725284,Rajbari,Rabi,17.75,55.0,Wheat,Dec,Jan to Mar,Apr,31246,20,15.5,50,60,118.9794812
62433,1.236269281,Rajshahi,Rabi,17.75,55.0,Wheat,Dec,Jan to Mar,Apr,77184,20,15.5,50,60,64.39762378
0,,Rangamati,Rabi,17.75,55.0,Wheat,Dec,Jan to Mar,Apr,0,20,15.5,50,60,232.897989
4235,1.679338843,Rangpur,Rabi,17.75,55.0,Wheat,Dec,Jan to Mar,Apr,7112,20,15.5,50,60,114.0240475
1843,1.174715138,Satkhira,Rabi,17.75,55.0,Wheat,Dec,Jan to Mar,Apr,2165,20,15.5,50,60,149.7399933
10260,1.313157895,Shariatpur,Rabi,17.75,55.0,Wheat,Dec,Jan to Mar,Apr,13473,20,15.5,50,60,138.5340381
2080,1.173076923,Sherpur,Rabi,17.75,55.0,Wheat,Dec,Jan to Mar,Apr,2440,20,15.5,50,60,204.0028311
13460,1.149331352,Sirajganj,Rabi,17.75,55.0,Wheat,Dec,Jan to Mar,Apr,15470,20,15.5,50,60,194.12579
1172,0.708191126,Sunamganj,Rabi,17.75,55.0,Wheat,Dec,Jan to Mar,Apr,830,20,15.5,50,60,120.9688963
590,0.740677966,Sylhet,Rabi,17.75,55.0,Wheat,Dec,Jan to Mar,Apr,437,20,15.5,50,60,181.070318
11985,1.135836462,Tangail,Rabi,17.75,55.0,Wheat,Dec,Jan to Mar,Apr,13613,20,15.5,50,60,144.1026066
121790,1.507652517,Thakurgaon,Rabi,17.75,55.0,Wheat,Dec,Jan to Mar,Apr,183617,20,15.5,50,60,75.64553418
490,1.0,Bagerhat,Kharif 1,25.0,70.0,Wood Apple,May,Jun to Aug,Aug to Sep,490,30,20.0,60,80,239.5662878
83,2.012048193,Bandarban,Kharif 1,25.0,70.0,Wood Apple,May,Jun to Aug,Aug to Sep,167,30,20.0,60,80,120.727215
80,0.9375,Barguna,nan,25.0,70.0,Wood Apple,May,Jun to Aug,Aug to Sep,75,30,20.0,60,80,63.20685983
563,0.925399645,Barishal,Kharif 1,25.0,70.0,Wood Apple,May,Jun to Aug,Aug to Sep,521,30,20.0,60,80,123.6645041
155,1.032258065,Bhola,Kharif 1,25.0,70.0,Wood Apple,May,Jun to Aug,Aug to Sep,160,30,20.0,60,80,67.77803342
344,1.85755814,Bogura,Kharif 1,25.0,70.0,Wood Apple,May,Jun to Aug,Aug to Sep,639,30,20.0,60,80,81.53876612
166,2.445783133,Brahmanbaria,Kharif 1,25.0,70.0,Wood Apple,May,Jun to Aug,Aug to Sep,406,30,20.0,60,80,206.488796
246,1.231707317,Chandpur,Kharif 1,25.0,70.0,Wood Apple,May,Jun to Aug,Aug to Sep,303,30,20.0,60,80,191.2999695
119,2.134453782,Chapai Nawabganj,Kharif 1,25.0,70.0,Wood Apple,May,Jun to Aug,Aug to Sep,254,30,20.0,60,80,110.8891182
586,2.402730375,Chattogram,Kharif 1,25.0,70.0,Wood Apple,May,Jun to Aug,Aug to Sep,1408,30,20.0,60,80,210.7123775
99,2.383838384,Chuadanga,Kharif 1,25.0,70.0,Wood Apple,May,Jun to Aug,Aug to Sep,236,30,20.0,60,80,143.2629338
143,1.881118881,CoxsBazar,Kharif 1,25.0,70.0,Wood Apple,May,Jun to Aug,Aug to Sep,269,30,20.0,60,80,347.8259913
384,1.919270833,Cumilla,Kharif 1,25.0,70.0,Wood Apple,May,Jun to Aug,Aug to Sep,737,30,20.0,60,80,173.5526852
176,1.363636364,Dhaka,Kharif 1,25.0,70.0,Wood Apple,May,Jun to Aug,Aug to Sep,240,30,20.0,60,80,96.79165256
163,1.0,Dinajpur,Kharif 1,25.0,70.0,Wood Apple,May,Jun to Aug,Aug to Sep,163,30,20.0,60,80,230.3329244
558,1.200716846,Faridpur,Kharif 1,25.0,70.0,Wood Apple,May,Jun to Aug,Aug to Sep,670,30,20.0,60,80,185.7990277
122,0.721311475,Feni,Kharif 1,25.0,70.0,Wood Apple,May,Jun to Aug,Aug to Sep,88,30,20.0,60,80,168.2066479
65,0.984615385,Gaibandha,Kharif 1,25.0,70.0,Wood Apple,May,Jun to Aug,Aug to Sep,64,30,20.0,60,80,133.7028813
358,2.089385475,Gazipur,Kharif 1,25.0,70.0,Wood Apple,May,Jun to Aug,Aug to Sep,748,30,20.0,60,80,171.5632952
358,0.125698324,Gopalganj,Kharif 1,25.0,70.0,Wood Apple,May,Jun to Aug,Aug to Sep,45,30,20.0,60,80,174.7094326
62,1.435483871,Habiganj,Kharif 1,25.0,70.0,Wood Apple,May,Jun to Aug,Aug to Sep,89,30,20.0,60,80,261.4185444
324,1.561728395,Jamalpur,Kharif 1,25.0,70.0,Wood Apple,May,Jun to Aug,Aug to Sep,506,30,20.0,60,80,282.2481783
549,1.62295082,Jashore,Kharif 1,25.0,70.0,Wood Apple,May,Jun to Aug,Aug to Sep,891,30,20.0,60,80,133.108702
151,0.642384106,Jhallokati,Kharif 1,25.0,70.0,Wood Apple,May,Jun to Aug,Aug to Sep,97,30,20.0,60,80,184.4708307
211,1.853080569,Jhenaidah,Kharif 1,25.0,70.0,Wood Apple,May,Jun to Aug,Aug to Sep,391,30,20.0,60,80,96.60700378
131,1.72519084,Joypurhat,Kharif 1,25.0,70.0,Wood Apple,May,Jun to Aug,Aug to Sep,226,30,20.0,60,80,269.143184
716,1.824022346,Khagrachari,Kharif 1,25.0,70.0,Wood Apple,May,Jun to Aug,Aug to Sep,1306,30,20.0,60,80,231.1292187
508,1.149606299,Khulna,Kharif 1,25.0,70.0,Wood Apple,May,Jun to Aug,Aug to Sep,584,30,20.0,60,80,152.5845959
451,2.381374723,Kishoreganj,Kharif 1,25.0,70.0,Wood Apple,May,Jun to Aug,Aug to Sep,1074,30,20.0,60,80,229.2847016
84,2.035714286,Kurigram,Kharif 1,25.0,70.0,Wood Apple,May,Jun to Aug,Aug to Sep,171,30,20.0,60,80,128.4710062
255,4.764705882,Kushtia,Kharif 1,25.0,70.0,Wood Apple,May,Jun to Aug,Aug to Sep,1215,30,20.0,60,80,193.804487
113,0.610619469,Lakshmipur,Kharif 1,25.0,70.0,Wood Apple,May,Jun to Aug,Aug to Sep,69,30,20.0,60,80,54.77329079
191,0.471204189,Lalmonirhat,Kharif 1,25.0,70.0,Wood Apple,May,Jun to Aug,Aug to Sep,90,30,20.0,60,80,157.0381053
212,1.066037736,Madaripur,Kharif 1,25.0,70.0,Wood Apple,May,Jun to Aug,Aug to Sep,226,30,20.0,60,80,120.4302034
514,2.33463035,Magura,Kharif 1,25.0,70.0,Wood Apple,May,Jun to Aug,Aug to Sep,1200,30,20.0,60,80,151.5593966
167,1.868263473,Manikganj,Kharif 1,25.0,70.0,Wood Apple,May,Jun to Aug,Aug to Sep,312,30,20.0,60,80,297.7835701
63,2.19047619,Meherpur,Kharif 1,25.0,70.0,Wood Apple,May,Jun to Aug,Aug to Sep,138,30,20.0,60,80,197.2393263
46,2.456521739,Moulvibazar,Kharif 1,25.0,70.0,Wood Apple,May,Jun to Aug,Aug to Sep,113,30,20.0,60,80,176.1306286
104,1.471153846,Munshiganj,Kharif 1,25.0,70.0,Wood Apple,May,Jun to Aug,Aug to Sep,153,30,20.0,60,80,281.2015479
1207,1.349627175,Mymensingh,Kharif 1,25.0,70.0,Wood Apple,May,Jun to Aug,Aug to Sep,1629,30,20.0,60,80,141.6706357
230,1.660869565,Naogaon,Kharif 1,25.0,70.0,Wood Apple,May,Jun to Aug,Aug to Sep,382,30,20.0,60,80,34.66820075
106,1.528301887,Narail,Kharif 1,25.0,70.0,Wood Apple,May,Jun to Aug,Aug to Sep,162,30,20.0,60,80,64.14716657
102,1.843137255,Narayanganj,Kharif 1,25.0,70.0,Wood Apple,May,Jun to Aug,Aug to Sep,188,30,20.0,60,80,28.23109809
280,2.375,Narsingdi,Kharif 1,25.0,70.0,Wood Apple,May,Jun to Aug,Aug to Sep,665,30,20.0,60,80,78.97836461
549,1.828779599,Natore,Kharif 1,25.0,70.0,Wood Apple,May,Jun to Aug,Aug to Sep,1004,30,20.0,60,80,142.7405227
287,2.512195122,Netrokona,Kharif 1,25.0,70.0,Wood Apple,May,Jun to Aug,Aug to Sep,721,30,20.0,60,80,135.9717654
169,1.733727811,Nilphamari,Kharif 1,25.0,70.0,Wood Apple,May,Jun to Aug,Aug to Sep,293,30,20.0,60,80,64.76745754
183,1.295081967,Noakhali,Kharif 1,25.0,70.0,Wood Apple,May,Jun to Aug,Aug to Sep,237,30,20.0,60,80,105.5215872
360,2.838888889,Pabna,Kharif 1,25.0,70.0,Wood Apple,May,Jun to Aug,Aug to Sep,1022,30,20.0,60,80,180.4202069
95,1.347368421,Panchagar,Kharif 1,25.0,70.0,Wood Apple,May,Jun to Aug,Aug to Sep,128,30,20.0,60,80,232.3000892
487,1.316221766,Patuakhali,Kharif 1,25.0,70.0,Wood Apple,May,Jun to Aug,Aug to Sep,641,30,20.0,60,80,88.99355112
117,0.683760684,Pirojpur,Kharif 1,25.0,70.0,Wood Apple,May,Jun to Aug,Aug to Sep,80,30,20.0,60,80,197.8064687
156,1.698717949,Rajbari,Kharif 1,25.0,70.0,Wood Apple,May,Jun to Aug,Aug to Sep,265,30,20.0,60,80,205.3693505
217,2.967741935,Rajshahi,Kharif 1,25.0,70.0,Wood Apple,May,Jun to Aug,Aug to Sep,644,30,20.0,60,80,158.5361722
426,2.0657277,Rangamati,Kharif 1,25.0,70.0,Wood Apple,May,Jun to Aug,Aug to Sep,880,30,20.0,60,80,210.3502952
125,1.864,Rangpur,Kharif 1,25.0,70.0,Wood Apple,May,Jun to Aug,Aug to Sep,233,30,20.0,60,80,223.1489562
417,1.681055156,Satkhira,Kharif 1,25.0,70.0,Wood Apple,May,Jun to Aug,Aug to Sep,701,30,20.0,60,80,94.88391951
1215,1.469135802,Shariatpur,Kharif 1,25.0,70.0,Wood Apple,May,Jun to Aug,Aug to Sep,1785,30,20.0,60,80,16.04591711
178,1.820224719,Sherpur,Kharif 1,25.0,70.0,Wood Apple,May,Jun to Aug,Aug to Sep,324,30,20.0,60,80,165.9547495
256,2.1953125,Sirajganj,Kharif 1,25.0,70.0,Wood Apple,May,Jun to Aug,Aug to Sep,562,30,20.0,60,80,50.78063394
50,1.38,Sunamganj,Kharif 1,25.0,70.0,Wood Apple,May,Jun to Aug,Aug to Sep,69,30,20.0,60,80,141.6291131
95,1.242105263,Sylhet,Kharif 1,25.0,70.0,Wood Apple,May,Jun to Aug,Aug to Sep,118,30,20.0,60,80,206.7896754
497,1.348088531,Tangail,Kharif 1,25.0,70.0,Wood Apple,May,Jun to Aug,Aug to Sep,670,30,20.0,60,80,109.6346182
49,1.469387755,Thakurgaon,Kharif 1,25.0,70.0,Wood Apple,May,Jun to Aug,Aug to Sep,72,30,20.0,60,80,52.97290939
142099,1.177532,Bagerhat,Rabi,25.7226016,72.78554921,Boro,Nov,Dec to Mar,Apr,267566,40,11.8,60,86,94.841
5059,8.33327,Madaripur,Kharif 1,32.49118328,65.62322918,Taramind,Feb,Mar to Apr,Feb to May,5017,40,24.9,50,79,127.621
0,6.032588,Sirajganj,Kharif 2,19.13872406,77.36788601,Cauliflower,Sep,Nov to Jan,Feb,3730,30,8.2,71,84,101.791
0,5.930353,Sherpur,Kharif 1,11.5,76.91756377,Mukhi Kachu,Apr,May to Sep,Sep to Feb,0,15,7.8,64,90,172.57
0,3.166189,Kushtia,Kharif 1,26.98578977,72.40540198,Maize 1,Mar,Apr to May,Jun to Jul,0,34,20.5,59,85,123.298
270,2.710345,Sunamganj,Kharif 2,17.90080959,67.00825754,Carrot,Oct,Nov to Feb,Mar,2807,21,14.6,48,87,83.831
0,2.256354,Brahmanbaria,Kharif 2,30.03962416,79.71264975,Jamrul,Jun,Jul to Aug,Jun to Sep,0,35,25.0,70,89,49.474
2592,2.499155,Chuadanga,Rabi,25.3668237,87.12221157,Karala,Feb,Mar to Jul,Aug to Sep,5470,27,23.4,86,90,159.601
5255,0.278461,Jhenaidah,Rabi,30.62316666,45.03124692,Sesame,Nov,Dec to Jan,Feb,1930,35,27.0,39,50,205.25
3088,1.11228,Gazipur,Kharif 2,29.90667631,68.70823491,Mug,Feb,Mar to May,May,1724,35,25.0,60,80,122.245
0,5.390719,Cumilla,Kharif 1,25.09687967,69.79465119,Green Coconut,May,Jun to Aug,Aug to Sep,5495,30,20.1,61,79,167.241
0,,Moulvibazar,Kharif 2,17.34003684,67.2573812,Tobacco,Oct,Nov to Feb,Feb to Apr,617,20,15.1,49,86,108.875
0,12.12418,Munshiganj,Kharif 1,31.3930426,70.78276881,Mango,Apr,No need to do,Apr to Jun,942,36,26.6,49,90,150.726
178792,1.70737,Brahmanbaria,Kharif 2,26.00555995,72.19893619,Aman,Jun,Jul to Oct,Nov to Dec,178712,40,11.8,60,86,190.027
82066,0.42769,Chuadanga,Kharif 2,25.70497661,72.64911768,Aman,Jun,Jul to Oct,Nov to Dec,93418,40,12.2,60,85,211.363
1608,1.766412,Naogaon,Kharif 2,30.22738156,70.27533931,Mug,Feb,Mar to May,May,480,35,24.6,59,80,243.624
1497,2.057865,Naogaon,Rabi,17.84341558,78.0936514,Lemon,Jan,Jan to Jan,Jan,209,25,10.2,60,95,99.316
0,0.714955,Sylhet,Rabi,25.12825809,78.84978502,Danta Shak,Mar,Apr to Aug,Sep,4385,32,18.5,75,85,281.706
1043,0.673572,Nilphamari,Rabi,19.75188253,74.82682899,Lal Shak,Sep,Oct to Nov,Nov to Feb,0,25,14.8,70,80,145.089
0,3.071575,Madaripur,Kharif 2,25.39717827,69.84479588,Black Berry,Jun,Jul to Aug,Jun to Sep,0,30,20.0,65,74,121.364
181,11.855041,Netrokona,Kharif 2,29.85917184,74.39108756,Green Palmyra,Apr,No need to do,May,0,35,25.0,61,89,155.246
43834,3.263353,Kishoreganj,Kharif 1,30.16011531,74.19616789,Jute,Mar,Apr to Aug,Sep,191159,39,20.0,71,79,0.0
69,0.0,Gazipur,Kharif 2,30.31946114,69.93870959,Mug,Feb,Mar to May,May,2388,35,24.3,60,80,126.679
329,7.801751,Satkhira,Rabi,20.15878735,59.46973038,Palmyra Palm,Sep,Oct to Nov,Nov to Feb,4330,25,15.1,50,69,179.544
1802,3.274428,Kurigram,Kharif 2,21.01629861,69.77826805,Palong Shak,Aug,Sep to Jan,Feb,0,30,12.1,64,75,150.878
4445,4.660994,Cumilla,Kharif 1,31.93328064,69.907829,Mango,Apr,No need to do,Apr to Jun,20914,36,26.7,50,91,134.723
0,17.902321,Chapai Nawabganj,Kharif 1,34.63623465,82.71499051,Jack Fruit,Apr,No need to do,Apr to Jun,5364,47,22.2,70,95,179.287
0,3.131109,Madaripur,Rabi,20.99993411,60.40387832,Maize 2,Dec,Jan to Mar,Apr,1346,27,14.0,50,71,217.921
823,3.409233,Narail,Rabi,17.59096847,76.65332586,Lemon,Jan,Jan to Jan,Jan,2059,25,9.8,59,95,242.545
417,7.838686,Moulvibazar,Kharif 2,17.15780934,74.92458148,Cabbage,Sep,Oct to Jan,Feb,0,24,10.0,60,90,193.18
6087,15.023731,Brahmanbaria,Kharif 1,29.67410493,80.79611993,Ripe Papaya,Apr,No need to do,Apr to May,0,35,25.3,70,90,177.687
0,0.51976,Bandarban,Kharif 1,20.27449151,80.5872114,Lady Finger,Apr,May to Jun,Jun to Sep,1984,29,9.7,76,85,121.951
95,3.555656,Bhola,Kharif 2,26.87765686,73.70131422,Cucumber,Sep,Nov to Mar,Mar to Jun,0,35,18.1,59,90,217.672
12514,14.058239,Thakurgaon,Kharif 2,28.99497187,64.39228702,Sugarcane,Oct,Nov to Aug,Aug to Sep,147974,38,20.5,46,85,11.795
0,0.876875,Thakurgaon,Kharif 1,25.06792384,69.60946574,Wood Apple,May,Jun to Aug,Aug to Sep,5514,30,20.1,61,80,53.502
4852,4.769996,CoxsBazar,Kharif 2,16.84507027,74.6686438,Cabbage,Sep,Oct to Jan,Feb,8905,24,9.7,60,90,216.45
169578,2.156239,Joypurhat,Rabi,25.76428606,72.60765541,Boro,Nov,Dec to Mar,Apr,270083,40,12.2,61,85,200.948
3468,2.559685,Rajshahi,Kharif 1,22.86145267,79.62411967,Jhinga,Apr,May to Jun,Jun to Aug,739,28,18.1,69,90,211.165
0,1.695508,Pabna,Rabi,25.09046496,80.89854345,Danta Shak,Mar,Apr to Aug,Sep,849,32,18.4,75,86,109.341
0,2.009158,Patuakhali,Kharif 2,14.04334734,82.24767392,Shalgom,Sep,Oct to Nov,Nov to Feb,0,24,5.1,70,96,130.897
96,,Rajshahi,Kharif 2,17.5055287,67.71972656,Tobacco,Oct,Nov to Feb,Feb to Apr,854,20,15.1,50,85,163.75
332,7.971778,Sirajganj,Kharif 2,26.53029101,78.77308831,Gourd,Jul,Aug to Jan,Jan to Mar,821,34,17.8,75,84,66.223
99633,1.866049,Noakhali,Kharif 1,25.89891366,73.000205,Aus,Mar,Apr to july,Aug,86035,40,11.5,59,85,310.966
1073,3.747947,Barguna,Kharif 2,26.70258879,78.92065719,Gourd,Jul,Aug to Jan,Jan to Mar,1489,35,18.1,74,85,88.47
0,0.877608,Satkhira,Kharif 2,27.47599616,35.07592229,Mashkalai,Aug,Sep to Oct,Nov,0,35,19.9,24,45,99.07
0,0.0,Narsingdi,Kharif 2,29.89161422,70.10424242,Mug,Feb,Mar to May,May,0,35,24.9,60,80,111.573
0,10.129255,Dinajpur,Rabi,24.81750504,80.53550415,Banana,Jan,Jan to Jan,Jan,27983,35,14.8,75,85,188.901
2403,0.403319,Magura,Kharif 1,21.64409504,82.16672427,Dalim,Apr,No need to do,Throughout The year,1024,38,5.0,71,95,38.119
0,3.132265,Barishal,Rabi,19.9543792,67.28291801,Onion,Oct,Nov to Mar,Mar to Apr,0,25,15.1,65,70,116.028
4144,2.596034,Kishoreganj,Kharif 2,25.72197545,67.66823243,Garlic,Oct,Nov to Jan,Feb,4894,30,20.2,65,69,113.721
0,0.0,Kurigram,Kharif 1,15.74431261,67.71898354,Beans,Jun,Jul to Nov,Nov to Apr,4043,22,10.0,59,75,168.876
403,5.84739,Panchagar,Kharif 2,17.11307461,75.61505589,Cabbage,Sep,Oct to Jan,Feb,8344,24,10.1,59,90,173.865
7139,0.0,Rangpur,Rabi,20.21901863,80.97082147,Laushak,Sep,Oct to Nov,Nov to Feb,1527,24,14.7,70,89,124.533
5292,1.270851,Tangail,Kharif 1,22.96081516,79.70080687,Jhinga,Apr,May to Jun,Jun to Aug,2179,28,18.2,70,91,154.575
0,4.153924,Bhola,Kharif 2,26.60460591,74.96142896,Cucumber,Sep,Nov to Mar,Mar to Jun,0,35,17.5,60,89,221.75
0,0.0,Barguna,Kharif 2,27.6962652,35.0,Mashkalai,Aug,Sep to Oct,Nov,0,35,19.9,25,45,105.983
2613,5.54526,Sirajganj,Kharif 2,27.64826786,73.2991992,Patal,Aug,Sep to Jan,Jan to Mar,1251,35,19.8,60,85,115.253
0,0.670416,Madaripur,Kharif 2,27.19465851,35.0,Gram,Aug,Sep to Oct,Nov,3156,35,19.9,23,45,100.214
2825,11.86355,Pirojpur,Kharif 1,25.31736423,69.56700947,Amra,Jun,Jun to Aug,Aug to Sep,0,30,19.6,60,80,131.566
0,3.405683,Rajshahi,Kharif 1,20.0813101,79.9456274,Lady Finger,Apr,May to Jun,Jun to Sep,0,30,9.9,74,85,114.727
0,1.639752,Khulna,Kharif 2,25.11085917,66.85032744,Garlic,Oct,Nov to Jan,Feb,2119,30,20.0,65,70,215.687
802,2.829152,Chapai Nawabganj,Rabi,20.0329953,59.6986709,Pumpkin,Sep,Oct to Nov,Nov to Feb,2465,25,15.0,49,70,173.846
0,5.601127,Narail,Kharif 1,27.12589164,80.49432422,Jambura,Apr,No need to do,May to Jun,2702,30,25.1,70,90,153.179
0,1.261085,Lakshmipur,Kharif 2,15.88341424,84.92405006,Radish,Oct,Nov to Feb,Mar,6089,22,9.6,75,95,212.997
685,0.337327,Narsingdi,Rabi,30.99543537,45.16149095,Sesame,Nov,Dec to Jan,Feb,562,35,27.0,40,49,190.885
5182,0.403026,Rajbari,Rabi,31.15459302,44.80283806,Sesame,Nov,Dec to Jan,Feb,5133,35,26.6,40,49,252.25
1509,0.908938,Khulna,Rabi,17.23290526,56.35565764,Wheat,Dec,Jan to Mar,Apr,0,20,15.0,49,59,157.332
3293,1.726466,Rajbari,Kharif 2,27.42271824,35.35776897,Mashkalai,Aug,Sep to Oct,Nov,5428,35,19.9,25,45,130.283
0,7.029391,Kishoreganj,Kharif 1,29.19154488,67.33059114,Guava,Apr,No need to do,Throughout The year,0,35,23.1,51,85,259.473
613,5.216715,Rangamati,Kharif 2,16.90399742,75.66140396,Cabbage,Sep,Oct to Jan,Feb,2708,24,10.2,60,91,164.126
3539,5.166881,Sherpur,Kharif 2,18.62748433,77.87069452,Cauliflower,Sep,Nov to Jan,Feb,8736,30,7.9,70,85,297.453
3193,1.406777,Madaripur,Kharif 1,26.10656363,72.63104297,Aus,Mar,Apr to july,Aug,5909,40,12.1,60,86,193.876
0,2.213081,Natore,Rabi,20.14977073,60.5512143,Boroi,Dec,No need to do,Feb to Mar,2330,25,14.6,50,70,269.832
1612,2.633503,Sirajganj,Kharif 1,19.943808,79.81299751,Lady Finger,Apr,May to Jun,Jun to Sep,2794,30,9.9,75,84,18.292
51,4.195012,Rajbari,Rabi,20.48550854,79.37136552,Sweet Potato,Nov,Dec to Mar,Apr,6696,24,16.9,70,90,149.17
0,16.371795,Narayanganj,Kharif 1,29.15225385,78.36156494,Ripe Papaya,Apr,No need to do,Apr to May,0,35,24.9,70,90,71.908
10011,6.859548,Jashore,Kharif 2,27.28799386,72.62534552,Patal,Aug,Sep to Jan,Jan to Mar,21832,35,20.3,60,85,183.653
1381,,Jhallokati,Kharif 2,27.45569731,35.0,Mashkalai,Aug,Sep to Oct,Nov,0,35,20.0,26,45,146.094
1952,5.416718,Naogaon,Rabi,20.27399967,59.01499068,Boroi,Nov,No need to do,Feb to Mar,2119,26,14.9,49,69,105.789
972,0.553083,Moulvibazar,Rabi,22.75997394,59.517751,Chili,Oct,Nov to Mar,Mar to Apr,2872,29,15.4,49,70,174.411
0,0.450862,Patuakhali,Kharif 2,15.07005018,90.01479454,Lentil,Oct,Nov to Feb,Feb to Mar,4358,20,10.2,86,94,152.368
0,13.591059,Kishoreganj,Kharif 1,29.70959781,80.18598824,Ripe Papaya,Apr,No need to do,Apr to May,1745,35,24.9,70,90,115.998
0,,Habiganj,Rabi,20.91116603,62.43320702,Cheena,Nov,Dec to Feb,Feb to Apr,0,24,16.8,39,85,138.878
0,3.784671,Satkhira,Kharif 1,24.85752348,70.17879083,Amra,Jun,Jun to Aug,Aug to Sep,2830,30,20.2,61,80,333.405
1244,1.391941,Manikganj,Kharif 2,30.11162364,79.81448491,Betelnut,Jul,Aug to Jan,Jan to Mar,362,35,24.8,69,90,109.339
1228,0.0,Kishoreganj,Kharif 2,22.41725548,82.77921731,Motor,Oct,Nov to Mar,Mar to Apr,0,30,15.2,76,89,166.514
2167,2.4883,Shariatpur,Kharif 1,20.18106708,71.53603636,Date Palm,Apr,No need to do,Feb to Mar,4445,35,5.9,60,84,128.839
0,5.249917,Lalmonirhat,Kharif 2,16.39540477,84.41615605,Radish,Oct,Nov to Feb,Mar,7078,22,10.3,75,96,244.155
0,5.782441,Bhola,Kharif 1,24.4416069,69.72448472,Green Papaya,Jun,Jun to Aug,Aug to Sep,0,29,20.3,59,79,248.812
1620,1.75875,Bhola,Kharif 2,29.48324369,80.99624031,Jamrul,Jun,Jul to Aug,Jun to Sep,0,35,24.8,71,90,186.224
300,3.071358,Lakshmipur,Kharif 1,30.37179266,74.47691713,Jute,Mar,Apr to Aug,Sep,0,39,19.7,71,80,252.981
22891,1.78332,Cumilla,Rabi,20.71313363,60.46173785,Maize 2,Dec,Jan to Mar,Apr,54321,27,13.4,48,70,92.142
2239,3.87459,Shariatpur,Rabi,25.49139454,86.58852549,Karala,Feb,Mar to Jul,Aug to Sep,0,26,24.1,84,91,209.425
3386,1.402632,Brahmanbaria,Kharif 1,32.62535948,65.79276698,Taramind,Feb,Mar to Apr,Feb to May,5147,40,25.5,49,81,182.724
0,1.895631,Jhenaidah,Kharif 2,29.65605087,69.56654688,Mug,Feb,Mar to May,May,1467,35,24.8,60,80,191.247
397,3.251235,Tangail,Kharif 2,24.94538509,67.82639048,Garlic,Oct,Nov to Jan,Feb,9506,30,20.4,66,69,77.893
288279,0.906974,Habiganj,Rabi,25.93355976,71.81247917,Boro,Nov,Dec to Mar,Apr,438467,40,11.5,59,84,165.351
0,0.0,Satkhira,Kharif 2,27.24627883,35.0,Mashkalai,Aug,Sep to Oct,Nov,0,35,20.2,26,45,100.108
407,0.0,Meherpur,Kharif 2,22.52282852,82.0793727,Motor,Oct,Nov to Mar,Mar to Apr,0,30,15.0,75,91,45.828
3877,1.474698,Panchagar,Kharif 2,20.95753437,69.50234681,Puishak,Aug,Sep to Jan,Feb,1507,30,12.3,66,75,263.318
2782,5.25269,Satkhira,Kharif 2,23.87583769,61.42123538,Oal Kachu,Sep,Oct to Dec,Dec to Feb,1878,32,15.1,53,70,93.336
1983,3.326519,Jhenaidah,Kharif 2,25.25426561,72.10278618,Barbati,Sep,Oct to Dec,Dec to Apr,5819,30,19.9,60,84,115.252
0,6.456232,Bhola,Kharif 1,25.52425352,70.30956047,Green Papaya,Jun,Jun to Aug,Aug to Sep,0,30,20.0,60,80,251.528
2798,,Satkhira,Kharif 2,27.44686519,35.8816682,Gram,Aug,Sep to Oct,Nov,4146,35,19.6,25,45,174.123
4993,19.604873,Tangail,Kharif 2,30.45034578,74.60858022,Green Palmyra,Apr,No need to do,May,4637,35,24.4,59,90,97.871
0,2.82874,Rajbari,Rabi,25.05917215,80.07004688,Danta Shak,Mar,Apr to Aug,Sep,0,32,17.8,76,84,113.802
511,0.607691,Thakurgaon,Kharif 1,24.74351046,71.05131151,Wood Apple,May,Jun to Aug,Aug to Sep,0,30,19.9,59,79,55.109
631,0.974218,Chandpur,Kharif 1,27.34648772,72.42035197,Maize 1,Mar,Apr to May,Jun to Jul,6200,34,19.9,60,85,172.6
178,,Kurigram,Kharif 2,14.62305261,82.45473897,Shalgom,Sep,Oct to Nov,Nov to Feb,0,24,5.2,70,95,231.146
1927,3.826339,Jashore,Kharif 2,23.11734184,61.01012246,Oal Kachu,Sep,Oct to Dec,Dec to Feb,3748,32,15.4,53,70,187.791
0,6.0628,Rajbari,Kharif 1,22.62902305,76.1735264,Chalkumra,Mar,Apr to Jul,Jul to Oct,7484,27,17.9,65,85,206.005
0,2.427785,Noakhali,Kharif 1,25.4722657,72.61475649,Kakrol,Apr,May to Jul,Jul to Sep,2572,30,20.3,60,85,190.407
11,2.466712,Narail,Kharif 1,19.89945656,80.44461792,Lady Finger,Apr,May to Jun,Jun to Sep,5097,30,10.0,75,86,101.66
15826,0.0,Faridpur,Kharif 1,26.20936063,71.85479148,Aus,Mar,Apr to july,Aug,17494,40,11.9,59,85,0.0
2309,4.063653,Habiganj,Rabi,20.15312643,60.80494361,Boroi,Jan,No need to do,Feb to Mar,0,25,14.4,50,70,162.343
59162,0.450236,Gopalganj,Kharif 2,25.46898604,72.21807642,Aman,Jun,Jul to Oct,Nov to Dec,42334,40,11.5,60,85,189.211
180,4.186988,Kushtia,Kharif 1,25.14784328,69.94974471,Wood Apple,May,Jun to Aug,Aug to Sep,0,30,19.5,61,79,190.698
0,8.221762,Gopalganj,Kharif 1,21.11889996,82.59294842,Dalim,Apr,No need to do,Throughout The year,0,38,5.2,70,94,196.522
0,2.972138,Satkhira,Rabi,19.9124252,66.39996771,Onion,Oct,Nov to Mar,Mar to Apr,737,25,15.0,65,70,213.905
0,3.063498,Lalmonirhat,Kharif 2,18.00651046,65.7166457,Carrot,Oct,Nov to Feb,Mar,0,21,14.9,47,85,164.045
0,3.718977,Manikganj,Kharif 1,32.43604696,64.8711617,Taramind,Feb,Mar to Apr,Feb to May,4354,41,25.0,50,79,181.632
0,3.496249,Kishoreganj,Kharif 1,20.2101135,79.23947176,Lady Finger,Apr,May to Jun,Jun to Sep,906,30,9.8,75,87,209.352
2569,,Noakhali,Rabi,20.47112796,60.96372684,Palmyra Palm,Sep,Oct to Nov,Nov to Feb,940,25,14.6,50,70,113.044
9895,1.698965,Magura,Rabi,17.93740496,54.99976746,Wheat,Dec,Jan to Mar,Apr,13024,20,15.0,50,61,35.641
1329,19.464275,Chandpur,Kharif 1,27.11635416,80.01789571,Jambura,Apr,No need to do,May to Jun,0,30,24.7,70,89,172.67
0,5.1406,Netrokona,Kharif 1,11.5,78.17742989,Mukhi Kachu,Apr,May to Sep,Sep to Feb,3460,16,8.1,66,91,181.399
1523,5.378574,Bagerhat,Kharif 2,30.13122842,80.18297166,Jamrul,Jun,Jul to Aug,Jun to Sep,0,35,24.6,69,90,24.233
236,0.338466,Kushtia,Kharif 2,27.96527566,35.0,Arhar,Aug,Sep to Oct,Nov,0,30,25.6,20,50,115.332
3167,3.729951,Joypurhat,Rabi,19.92500596,67.81811407,Ginger,Oct,Nov to Mar,Mar to Apr,3129,25,14.8,62,75,115.461
0,48.387692,Narayanganj,Kharif 1,25.38325249,70.23337893,Green Coconut,May,Jun to Aug,Aug to Sep,0,31,20.3,59,80,187.998
138207,1.101182,Chapai Nawabganj,Kharif 2,26.17221525,71.59468813,Aman,Jun,Jul to Oct,Nov to Dec,159087,40,12.1,61,86,251.891
2923,1.138099,Panchagar,Kharif 2,22.8880344,75.1850256,Rape & Mustard,Oct,Nov to Feb,Feb to Apr,1493,30,15.0,65,85,138.708
125,7.074889,Shariatpur,Kharif 2,29.94859164,75.11199045,Green Palmyra,Apr,No need to do,May,0,35,24.7,60,91,135.123
152,3.439351,Narsingdi,Rabi,20.51451678,59.35689225,Maize 2,Dec,Jan to Mar,Apr,3795,27,14.1,51,71,76.823
1663,3.676963,Joypurhat,Kharif 2,20.97659611,69.92279012,Palong Shak,Aug,Sep to Jan,Feb,0,30,11.8,65,76,93.61
939,5.929328,Munshiganj,Kharif 1,27.50958228,79.20539702,Jambura,Apr,No need to do,May to Jun,1643,30,25.3,69,91,57.569
3928,2.155102,Kurigram,Rabi,22.98919628,59.03712092,Chili,Oct,Nov to Mar,Mar to Apr,0,30,14.4,50,70,214.756
4389,15.016697,Noakhali,Kharif 1,24.90851142,70.03293827,Green Coconut,May,Jun to Aug,Aug to Sep,25584,30,20.0,59,79,147.475
295,0.004865,Gazipur,Kharif 1,21.2716967,81.467845,Dalim,Apr,No need to do,Throughout The year,0,38,5.0,70,96,198.068
0,0.0,Khulna,Kharif 2,21.83781334,74.24161201,Rape & Mustard,Oct,Nov to Feb,Feb to Apr,1182,30,15.0,65,85,275.138
3900,1.142294,Narail,Kharif 1,25.26683727,70.78475395,Wood Apple,May,Jun to Aug,Aug to Sep,0,30,20.3,61,79,65.806
585,0.142526,Habiganj,Rabi,20.43923918,59.83472603,Maize 2,Dec,Jan to Mar,Apr,0,27,14.2,51,70,185.572
0,,Dhaka,Rabi,21.19017922,62.74418088,Cheena,Nov,Dec to Feb,Feb to Apr,0,25,16.9,40,85,140.928
3508,17.142203,Narsingdi,Kharif 1,24.84951802,69.83777554,Green Coconut,May,Jun to Aug,Aug to Sep,4788,30,19.6,60,81,155.576
392,5.897326,Sherpur,Rabi,20.16115378,80.79043736,Sweet Potato,Nov,Dec to Mar,Apr,5963,24,17.4,70,90,254.994
2338,,Mymensingh,Kharif 1,27.51363023,85.27732794,Malta,Jun,Jun to Aug,Aug to Sep,0,35,19.9,80,90,117.588
878,6.853231,Brahmanbaria,Rabi,17.25343548,77.83976931,Lemon,Jan,Jan to Jan,Jan,3265,25,9.8,61,95,81.908
0,2.021654,Nilphamari,Kharif 2,21.19016991,70.62160032,Puishak,Aug,Sep to Jan,Feb,3081,30,12.1,65,76,114.033
0,3.714242,Netrokona,Kharif 2,18.00647897,66.02127465,Carrot,Oct,Nov to Feb,Mar,0,22,15.1,47,86,212.022
4154,3.385758,Nilphamari,Kharif 2,25.09416831,72.51530665,Barbati,Sep,Oct to Dec,Dec to Apr,544,30,20.0,59,85,208.31
2875,1.874811,Gaibandha,Rabi,19.89695613,68.04387511,Ginger,Oct,Nov to Mar,Mar to Apr,0,25,15.0,60,75,72.903
0,,Madaripur,Kharif 1,27.02342136,72.25686739,Maize 1,Mar,Apr to May,Jun to Jul,0,34,20.0,61,84,146.613
1240,,Khagrachari,Kharif 1,30.3664889,74.3417332,Jute,Mar,Apr to Aug,Sep,0,41,19.8,70,80,220.093
615,,Bogura,Kharif 2,22.57832432,81.42639227,Motor,Oct,Nov to Mar,Mar to Apr,0,30,14.7,76,91,69.221
4500,13.31539,Panchagar,Rabi,25.08468397,79.69547546,Banana,Jan,Jan to Jan,Jan,47,35,15.0,75,85,161.51
0,0.0,Bandarban,Kharif 1,21.48161873,81.81108964,Dalim,Apr,No need to do,Throughout The year,0,38,5.0,70,94,214.384
0,6.232215,Kishoreganj,Kharif 2,16.96575665,75.16837437,Cabbage,Sep,Oct to Jan,Feb,0,24,10.2,60,90,137.981
0,0.898217,Chandpur,Kharif 1,23.19119901,79.44221008,Jhinga,Apr,May to Jun,Jun to Aug,3399,28,18.0,70,90,107.176
0,2.122135,Meherpur,Kharif 2,29.96455143,75.45289996,Green Palmyra,Apr,No need to do,May,0,35,25.0,59,90,227.223
2945,3.410054,Dinajpur,Kharif 1,11.5,77.48807267,Mukhi Kachu,Apr,May to Sep,Sep to Feb,5761,15,7.8,64,91,230.049
77,0.009772,Jashore,Kharif 2,22.63270059,81.79890699,Motor,Oct,Nov to Mar,Mar to Apr,0,30,14.5,75,90,102.852
525,,Patuakhali,Kharif 1,27.42058047,85.09691634,Malta,Jun,Jun to Aug,Aug to Sep,0,35,20.3,80,91,87.012
156454,0.0,Pirojpur,Kharif 2,26.19970608,72.4057747,Aman,Jun,Jul to Oct,Nov to Dec,101121,40,11.5,59,84,183.289
2015,2.441737,Moulvibazar,Kharif 2,14.82635231,82.23737212,Shalgom,Sep,Oct to Nov,Nov to Feb,0,24,5.1,69,95,0.0
2932,15.542547,CoxsBazar,Kharif 1,24.5213725,69.37898403,Green Coconut,May,Jun to Aug,Aug to Sep,4613,30,20.2,60,80,115.482
3093,0.363515,Satkhira,Kharif 2,29.99553968,79.67705553,Jamrul,Jun,Jul to Aug,Jun to Sep,2415,35,24.8,71,90,150.862
0,1.946983,Gopalganj,Rabi,24.82406255,80.3807598,Danta Shak,Mar,Apr to Aug,Sep,6230,32,18.0,76,85,100.857
0,2.245142,Patuakhali,Kharif 1,24.70997922,70.36429096,Amra,Jun,Jun to Aug,Aug to Sep,5329,30,19.5,61,79,179.472
0,0.457951,Faridpur,Kharif 2,27.46620698,35.51861185,Gram,Aug,Sep to Oct,Nov,68,35,19.8,26,45,207.804
2098,3.910843,Nilphamari,Rabi,19.86217058,67.55018565,Onion,Oct,Nov to Mar,Mar to Apr,5757,25,15.0,65,70,120.983
935,2.317597,Khagrachari,Rabi,25.00953947,80.05472152,Banana,Jan,Jan to Jan,Jan,26189,35,14.9,75,86,199.605
1632,2.595045,Faridpur,Kharif 2,21.21617849,70.08214389,Palong Shak,Aug,Sep to Jan,Feb,4705,30,12.2,66,76,216.214
321717,0.0,Gaibandha,Rabi,26.1870466,72.00164345,Boro,Nov,Dec to Mar,Apr,517206,40,11.9,59,85,152.023
0,4.008918,Dinajpur,Kharif 2,29.743257,80.11712952,Betelnut,Jul,Aug to Jan,Jan to Mar,1482,35,24.6,71,90,180.022
3953,1.10481,Mymensingh,Rabi,27.3270434,84.62977698,Groundnut,Oct,Nov to Mar,Mar to Apr,0,35,20.3,80,90,121.544
2943,4.286447,Barguna,Kharif 1,29.92613119,79.75949234,Ripe Papaya,Apr,No need to do,Apr to May,0,35,24.6,70,90,267.812
191,3.568829,Pabna,Kharif 2,26.67596907,79.18578121,Gourd,Jul,Aug to Jan,Jan to Mar,1296,35,17.7,75,84,219.335
0,1.609811,Narayanganj,Rabi,19.87858603,74.93109566,Lal Shak,Sep,Oct to Nov,Nov to Feb,0,25,15.1,70,80,217.031
9255,3.656638,Manikganj,Kharif 1,29.76404997,74.91783911,Jute,Mar,Apr to Aug,Sep,35760,40,19.9,70,80,188.104
10642,0.315744,Narail,Kharif 2,22.4534657,75.13958803,Rape & Mustard,Oct,Nov to Feb,Feb to Apr,7755,30,15.1,65,85,214.288
164030,1.623531,Feni,Kharif 2,26.27471727,72.01376365,Aman,Jun,Jul to Oct,Nov to Dec,194205,39,12.1,59,86,207.304
39525,3.066345,Jashore,Kharif 1,26.12617119,71.68772632,Aus,Mar,Apr to july,Aug,46448,40,11.9,60,86,191.393
716,20.977867,Jamalpur,Kharif 1,29.64931541,79.6504377,Ripe Papaya,Apr,No need to do,Apr to May,4734,35,25.0,70,90,177.885
4162,13.186065,Narail,Rabi,19.95205305,60.65866463,Palmyra Palm,Sep,Oct to Nov,Nov to Feb,3929,25,14.5,50,70,159.32
0,2.680423,Satkhira,Kharif 1,27.58414401,73.01338631,Maize 1,Mar,Apr to May,Jun to Jul,5310,34,19.9,60,85,264.072
2410,7.183495,Chuadanga,Kharif 2,30.04223204,79.49446595,Betelnut,Jul,Aug to Jan,Jan to Mar,2355,35,25.1,69,91,102.379
4679,0.036922,Kushtia,Rabi,31.18654938,44.03679795,Sesame,Nov,Dec to Jan,Feb,5962,35,26.8,40,51,128.733
2660,1.144541,Jamalpur,Kharif 2,27.35148092,35.36985173,Mashkalai,Aug,Sep to Oct,Nov,3679,35,20.3,26,45,114.6
126,8.656809,Gazipur,Kharif 2,17.08917865,75.37693607,Cabbage,Sep,Oct to Jan,Feb,15039,24,9.9,61,89,117.133
377,7.162775,Moulvibazar,Kharif 2,26.2522701,76.16412666,Pineapple,Sep,Sep to May,Jun to Aug,3292,35,18.2,70,79,123.076
3963,3.621472,Narsingdi,Kharif 1,15.95972593,68.03620074,Beans,Jun,Jul to Nov,Nov to Apr,16009,21,9.7,60,74,163.922
1809,0.961192,Bandarban,Rabi,25.22689138,79.73797204,Danta Shak,Mar,Apr to Aug,Sep,0,31,18.0,75,86,158.983
1355,1.698436,Chapai Nawabganj,Rabi,24.90623621,79.4129651,Danta,Mar,Apr to Aug,Sep,7293,33,18.3,75,84,185.531
0,0.977687,Sylhet,Kharif 2,29.90959153,69.53019503,Mug,Feb,Mar to May,May,412,35,24.8,60,80,253.047
1156,2.732507,Satkhira,Kharif 2,26.31970536,75.55878622,Cucumber,Sep,Nov to Mar,Mar to Jun,0,35,18.1,60,90,178.383
224857,2.420059,Sherpur,Rabi,26.38229177,73.51536778,Boro,Nov,Dec to Mar,Apr,377587,40,11.5,61,86,107.561
3290,2.492779,Chattogram,Kharif 1,23.24223595,79.9938816,Jhinga,Apr,May to Jun,Jun to Aug,0,28,18.0,69,89,223.459
173,,CoxsBazar,Kharif 2,14.94852408,89.96965224,Lentil,Oct,Nov to Feb,Feb to Mar,0,20,10.0,85,95,119.318
5949,4.8463,Nilphamari,Kharif 1,27.20048504,73.71355131,Maize 1,Mar,Apr to May,Jun to Jul,5442,34,19.9,60,86,0.487
2266,1.709498,Feni,Kharif 1,25.36268577,72.32972867,Kakrol,Apr,May to Jul,Jul to Sep,0,30,20.0,59,85,59.018
2157,4.870901,Dhaka,Kharif 2,20.75213549,69.88634415,Palong Shak,Aug,Sep to Jan,Feb,0,30,11.6,67,75,49.341
1902,5.895462,Jashore,Kharif 2,29.91168258,74.11617306,Green Palmyra,Apr,No need to do,May,1987,35,24.7,60,90,98.676
2410,0.045417,Feni,Rabi,31.03165137,45.00114989,Sesame,Nov,Dec to Jan,Feb,920,35,27.7,40,50,172.205
0,0.0,Satkhira,Kharif 2,22.17871687,82.25158546,Motor,Oct,Nov to Mar,Mar to Apr,1696,30,14.8,75,89,228.74
0,,Netrokona,Rabi,21.2772743,61.98284605,Cheena,Nov,Dec to Feb,Feb to Apr,0,25,16.8,38,84,106.537
153360,2.534985,Natore,Rabi,26.18656269,72.19339964,Boro,Nov,Dec to Mar,Apr,255832,40,12.3,60,84,224.711
0,1.40072,Meherpur,Kharif 2,28.23331757,35.7876828,Gram,Aug,Sep to Oct,Nov,4185,35,20.1,26,46,191.383
0,5.79751,Jhenaidah,Kharif 2,29.60396992,75.38499378,Green Palmyra,Apr,No need to do,May,5240,35,25.0,60,90,237.618
0,0.171752,Habiganj,Rabi,20.11893717,79.92673029,Laushak,Sep,Oct to Nov,Nov to Feb,1150,25,14.5,71,90,106.21
3826,0.0,Rangamati,Kharif 2,22.35382659,82.02343148,Motor,Oct,Nov to Mar,Mar to Apr,0,30,14.7,75,89,174.809
1458,14.425539,Khagrachari,Kharif 1,29.78263041,80.3022563,Ripe Papaya,Apr,No need to do,Apr to May,0,35,24.7,70,90,141.232
2322,2.553495,Pirojpur,Kharif 2,16.93109162,76.06154452,Cabbage,Sep,Oct to Jan,Feb,4049,24,9.6,61,90,134.474
19676,0.940039,Faridpur,Kharif 1,25.88341628,72.77943264,Aus,Mar,Apr to july,Aug,14240,40,11.9,61,85,0.22
0,12.229546,Netrokona,Kharif 2,30.07622024,74.50793044,Green Palmyra,Apr,No need to do,May,2139,35,25.3,60,90,163.236
0,6.713851,Gopalganj,Kharif 2,17.00864902,74.34159885,Cabbage,Sep,Oct to Jan,Feb,3052,24,10.2,60,91,115.505
601,3.157816,Dinajpur,Kharif 1,11.5,78.02238586,Mukhi Kachu,Apr,May to Sep,Sep to Feb,4338,15,8.1,64,90,232.134
263,7.698454,Pabna,Kharif 2,19.05108961,77.89813331,Cauliflower,Sep,Nov to Jan,Feb,15595,30,8.0,68,84,182.41
18865,0.0,Kurigram,Kharif 1,25.76186452,72.87585869,Aus,Mar,Apr to july,Aug,13350,40,12.5,61,85,213.007
0,3.994005,Dhaka,Rabi,20.68910679,79.49031187,Sweet Potato,Nov,Dec to Mar,Apr,3638,24,16.5,70,91,149.267
1194,1.69355,Meherpur,Kharif 2,29.74798375,69.85694606,Mug,Feb,Mar to May,May,1722,35,24.3,60,79,108.207
0,2.938408,Bogura,Kharif 2,26.54737795,75.0144139,Cucumber,Sep,Nov to Mar,Mar to Jun,4059,35,17.8,59,90,258.533
67532,0.32943,Chattogram,Rabi,17.6905843,77.26923479,Lemon,Jan,Jan to Jan,Jan,6989,25,10.2,61,95,142.319
1175,,Pirojpur,Kharif 1,11.5,77.33698557,Mukhi Kachu,Apr,May to Sep,Sep to Feb,226,16,8.0,64,90,122.417
3388,0.753754,Khulna,Rabi,17.99154252,55.4769327,Wheat,Dec,Jan to Mar,Apr,0,19,15.4,49,60,156.662
2876,0.0,Rajbari,Kharif 2,27.85392438,35.01918629,Arhar,Aug,Sep to Oct,Nov,0,30,26.2,20,49,153.551
0,1.195448,Nilphamari,Kharif 1,20.32475889,80.42047577,Arhar,Apr,May to Jun,Jun to Sep,0,30,9.9,75,85,276.833
1985,5.925171,Munshiganj,Kharif 2,15.8456151,84.98526841,Radish,Oct,Nov to Feb,Mar,10529,22,10.5,76,95,100.526
0,1.905412,Feni,Kharif 2,24.60184509,70.55453713,Black Berry,Jun,Jul to Aug,Jun to Sep,1807,30,20.0,64,75,165.56
0,6.717478,Natore,Kharif 2,16.5407325,75.20670799,Cabbage,Sep,Oct to Jan,Feb,8525,24,9.9,60,90,97.982
2239,1.94851,Jamalpur,Kharif 2,27.62281513,72.63195584,Patal,Aug,Sep to Jan,Jan to Mar,1827,35,19.9,61,84,272.267
2744,,Moulvibazar,Kharif 2,17.47641541,67.21360025,Tobacco,Oct,Nov to Feb,Feb to Apr,0,20,14.7,50,85,104.519
0,,Habiganj,Kharif 2,22.83635585,82.08161822,Motor,Oct,Nov to Mar,Mar to Apr,5671,30,15.2,73,91,153.565
2773,0.668859,Noakhali,Kharif 2,27.81476131,35.16672463,Gram,Aug,Sep to Oct,Nov,0,35,20.3,25,45,209.544
864,2.871726,Naogaon,Rabi,25.10383009,79.87935252,Danta Shak,Mar,Apr to Aug,Sep,0,32,18.0,76,85,187.177
3905,2.621027,Joypurhat,Kharif 1,15.68322557,67.13734983,Beans,Jun,Jul to Nov,Nov to Apr,255,21,10.1,60,74,226.311
302,5.416834,Bagerhat,Kharif 2,16.49950205,73.93403041,Cabbage,Sep,Oct to Jan,Feb,2397,24,10.1,60,89,184.82
72982,2.64554,Lalmonirhat,Rabi,20.70068588,59.94912846,Maize 2,Dec,Jan to Mar,Apr,259674,27,14.1,49,70,2.395
0,1.834672,Manikganj,Kharif 1,20.42083152,71.70625541,Date Palm,Apr,No need to do,Feb to Mar,3884,35,5.9,60,85,183.681
3577,0.545058,Narsingdi,Rabi,20.28333198,75.31506658,Lal Shak,Sep,Oct to Nov,Nov to Feb,0,25,15.2,69,81,165.874
0,1.731638,Natore,Rabi,20.27992833,75.13755307,Lal Shak,Sep,Oct to Nov,Nov to Feb,2289,25,14.9,70,79,188.837
1313,4.093192,Natore,Rabi,25.33980614,81.03786254,Danta,Mar,Apr to Aug,Sep,4040,32,17.7,75,85,68.136
2369,4.638799,Rajshahi,Kharif 1,11.5,77.08946558,Mukhi Kachu,Apr,May to Sep,Sep to Feb,2479,15,8.4,65,90,138.483
0,,Barishal,Kharif 1,11.5,78.0792865,Mukhi Kachu,Apr,May to Sep,Sep to Feb,4032,15,7.8,65,91,190.8
0,3.860688,Munshiganj,Rabi,19.87464329,59.58397023,Boroi,Jan,No need to do,Feb to Mar,0,25,14.9,50,71,83.382
0,,Sylhet,Rabi,19.93801214,58.98307822,Palmyra Palm,Sep,Oct to Nov,Nov to Feb,0,25,15.0,50,70,131.142
4017,2.252025,Cumilla,Kharif 1,21.59507109,82.30892862,Dalim,Apr,No need to do,Throughout The year,4565,38,5.0,70,96,168.956
275,1.703756,Pirojpur,Rabi,25.02986446,80.28641128,Danta Shak,Mar,Apr to Aug,Sep,1171,33,18.3,74,85,98.775
0,4.536621,Bhola,Kharif 2,18.28314644,66.42885084,Carrot,Oct,Nov to Feb,Mar,0,21,14.9,46,87,106.603
3365,3.53947,Munshiganj,Kharif 1,22.24300158,74.85714789,Chalkumra,Mar,Apr to Jul,Jul to Oct,7951,27,17.7,65,85,34.271
23583,3.464662,Cumilla,Rabi,20.51005747,60.09152821,Maize 2,Dec,Jan to Mar,Apr,53774,27,14.6,49,70,92.904
0,0.11987,Rajbari,Kharif 1,25.28000849,73.22610566,Kakrol,Apr,May to Jul,Jul to Sep,6116,30,20.1,60,86,195.28
0,29.343934,Sunamganj,Kharif 1,27.32196148,79.73745217,Jambura,Apr,No need to do,May to Jun,0,30,24.7,70,90,167.203
0,1.71953,Barguna,Rabi,20.21472566,66.63000056,Onion,Oct,Nov to Mar,Mar to Apr,0,25,14.6,65,70,81.807
6868,6.822716,Brahmanbaria,Kharif 2,16.32277148,84.85672502,Radish,Oct,Nov to Feb,Mar,10877,22,9.7,75,96,190.519
6185,6.38208,Rangamati,Kharif 2,26.71726842,74.92184239,Pineapple,Sep,Sep to May,Jun to Aug,28384,35,18.1,70,80,153.557
191,0.0,Netrokona,Kharif 2,22.52561398,81.98233257,Motor,Oct,Nov to Mar,Mar to Apr,0,30,15.4,75,90,157.793
109,,Kurigram,Rabi,20.13184798,60.40059878,Palmyra Palm,Sep,Oct to Nov,Nov to Feb,2667,25,14.9,51,69,68.435
0,3.411998,Magura,Rabi,25.31831302,87.04337106,Karala,Feb,Mar to Jul,Aug to Sep,2306,27,24.0,85,90,129.675
0,1.838284,Sylhet,Rabi,20.21935956,68.12973463,Ginger,Oct,Nov to Mar,Mar to Apr,0,24,14.9,59,75,207.664
0,3.356402,Mymensingh,Rabi,19.96364865,75.44038367,Lal Shak,Sep,Oct to Nov,Nov to Feb,171,25,15.0,69,80,173.598
0,0.0,Rajbari,Kharif 2,27.96300597,35.04178065,Arhar,Aug,Sep to Oct,Nov,0,30,25.8,20,51,158.266
4377,3.986052,Pabna,Kharif 1,19.86629313,81.33311818,Onion,Apr,May to Jun,Jun to Sep,2480,30,9.2,76,85,182.55
2214,7.29965,Chuadanga,Rabi,19.99688981,67.11393514,Onion,Oct,Nov to Mar,Mar to Apr,6109,25,14.6,64,71,232.06
338,1.722126,Kurigram,Kharif 2,29.70507901,69.56698876,Mug,Feb,Mar to May,May,0,35,24.8,60,79,129.236
0,7.279538,Dhaka,Kharif 2,28.89736054,63.96393075,Sugarcane,Oct,Nov to Aug,Aug to Sep,741,38,20.2,44,85,217.017
0,3.879009,Shariatpur,Kharif 1,19.8132143,81.15983388,Sugarcane,Apr,May to Jun,Jun to Sep,0,30,10.4,75,86,1.38
0,3.116583,Jhallokati,Kharif 1,25.15991337,70.38181026,Green Coconut,May,Jun to Aug,Aug to Sep,8912,30,19.9,61,80,12.291
4758,2.796356,Lakshmipur,Kharif 1,20.10743698,80.49335113,Guava,Apr,May to Jun,Jun to Sep,4047,30,9.9,75,86,111.475
0,11.863224,Jhenaidah,Kharif 1,29.35428155,66.8936582,Guava,Apr,No need to do,Throughout The year,4659,35,23.0,48,85,114.998
1617,4.615088,CoxsBazar,Kharif 2,19.13429345,78.34454094,Cauliflower,Sep,Nov to Jan,Feb,0,30,7.9,70,85,190.691
1461,8.908283,Moulvibazar,Kharif 1,25.20733226,69.39748373,Amra,Jun,Jun to Aug,Aug to Sep,2697,30,19.8,60,80,72.582
0,1.0811,Bandarban,Kharif 2,14.66097161,83.12033172,Shalgom,Sep,Oct to Nov,Nov to Feb,0,24,5.0,70,96,130.527
1112,2.981366,Mymensingh,Kharif 2,24.5985833,70.52721954,Black Berry,Jun,Jul to Aug,Jun to Sep,6196,30,19.9,65,74,88.636
0,13.576981,Magura,Rabi,20.04397493,59.82919539,Palmyra Palm,Sep,Oct to Nov,Nov to Feb,636,25,15.3,50,69,53.719
2664,4.121597,Jashore,Kharif 2,26.54547932,74.68590666,Cucumber,Sep,Nov to Mar,Mar to Jun,4768,35,18.1,60,90,93.142
2319,4.982328,Sylhet,Kharif 2,16.32360639,73.74976645,Cabbage,Sep,Oct to Jan,Feb,8379,24,10.1,60,91,199.623
1872,2.325584,Patuakhali,Kharif 2,15.99372709,84.544906,Radish,Oct,Nov to Feb,Mar,0,22,10.2,73,96,190.597
2587,1.321969,Netrokona,Kharif 2,24.80678001,72.21188044,Barbati,Sep,Oct to Dec,Dec to Apr,2932,30,19.9,59,85,89.502
0,0.800828,Khagrachari,Rabi,20.02804288,59.29050828,Maize 2,Dec,Jan to Mar,Apr,2663,27,14.0,50,71,133.156
2214,0.340151,Khagrachari,Kharif 2,28.19937362,35.06405894,Arhar,Aug,Sep to Oct,Nov,0,30,25.5,20,50,293.707
0,0.428115,Shariatpur,Rabi,20.27341894,60.22975297,Boroi,May,No need to do,Feb to Mar,0,25,15.0,50,70,63.081
2763,44.052864,Rajbari,Kharif 1,34.8368314,82.24058729,Jack Fruit,Apr,No need to do,Apr to Jun,23491,47,22.3,69,95,235.401
0,20.536883,Faridpur,Kharif 1,34.57663703,82.09882917,Jack Fruit,Apr,No need to do,Apr to Jun,13310,47,22.0,70,96,128.805
0,4.270309,Habiganj,Kharif 1,22.61439415,74.15950547,Chalkumra,Mar,Apr to Jul,Jul to Oct,1214,27,18.5,65,86,255.781
0,0.344693,Gaibandha,Kharif 2,30.18145712,80.78598945,Jamrul,Jun,Jul to Aug,Jun to Sep,119,35,25.2,71,89,136.843
997,2.839734,Chuadanga,Kharif 2,14.09537611,81.92328814,Shalgom,Sep,Oct to Nov,Nov to Feb,0,24,5.5,71,94,181.708
308,,Rangamati,Kharif 2,29.61700737,69.19254345,Mug,Feb,Mar to May,May,0,35,24.9,60,80,163.836
337,1.603231,Gazipur,Kharif 1,15.87394979,66.78090443,Beans,Jun,Jul to Nov,Nov to Apr,2627,22,9.8,61,75,195.053
780,9.42679,Lalmonirhat,Kharif 1,25.14894297,69.55863555,Green Papaya,Jun,Jun to Aug,Aug to Sep,2896,30,19.7,61,80,236.897
0,3.59124,Nilphamari,Kharif 2,30.21853261,74.92120439,Green Palmyra,Apr,No need to do,May,0,35,24.7,59,91,232.848
0,,Chattogram,Rabi,20.89006343,62.21947874,Cheena,Nov,Dec to Feb,Feb to Apr,0,25,17.3,38,84,287.227
5999,3.787728,Chattogram,Rabi,24.7913864,79.55072259,Banana,Jan,Jan to Jan,Jan,9298,35,15.3,75,85,195.858
425,1.692814,Barguna,Kharif 2,14.39500496,83.3397362,Shalgom,Sep,Oct to Nov,Nov to Feb,1791,23,5.0,70,95,60.427
0,1.911281,Satkhira,Kharif 1,22.94633349,80.51611442,Jhinga,Apr,May to Jun,Jun to Aug,498,28,17.7,70,90,216.803
0,4.852985,Narayanganj,Kharif 1,11.5,76.87254747,Mukhi Kachu,Apr,May to Sep,Sep to Feb,0,15,8.5,64,89,202.513
0,0.0,Bandarban,Rabi,31.34520724,45.30136138,Sesame,Nov,Dec to Jan,Feb,4870,36,26.9,39,50,172.345
0,,Mymensingh,Kharif 2,17.28793924,67.47648186,Tobacco,Oct,Nov to Feb,Feb to Apr,60,20,15.3,51,85,107.701
0,2.851088,Moulvibazar,Kharif 2,30.079954,80.12906721,Betelnut,Jul,Aug to Jan,Jan to Mar,73,36,25.2,70,90,180.385
0,5.823353,Dhaka,Rabi,20.00239811,67.76284545,Ginger,Oct,Nov to Mar,Mar to Apr,5166,25,14.9,60,75,198.586
475,3.577822,Netrokona,Kharif 1,25.38760158,70.6147667,Wood Apple,May,Jun to Aug,Aug to Sep,0,30,19.9,60,81,136.804
0,3.320692,Jamalpur,Rabi,24.86171304,79.41704007,Danta,Mar,Apr to Aug,Sep,0,32,17.8,75,85,129.243
1910,4.568057,Sherpur,Kharif 1,26.98920934,73.02598962,Maize 1,Mar,Apr to May,Jun to Jul,1198,34,19.8,60,86,178.008
2327,15.692357,Khagrachari,Kharif 1,30.13856422,80.79470316,Ripe Papaya,Apr,No need to do,Apr to May,8136,35,24.6,70,90,135.113
2939,19.65737,Joypurhat,Kharif 2,28.82028535,64.02756202,Sugarcane,Oct,Nov to Aug,Aug to Sep,47842,38,20.4,45,84,80.279
0,1.986694,Chuadanga,Rabi,19.96546585,68.03452204,Ginger,Oct,Nov to Mar,Mar to Apr,5904,25,15.0,60,75,147.908
0,8.877555,Lalmonirhat,Kharif 1,30.1581378,78.71290083,Ripe Papaya,Apr,No need to do,Apr to May,2069,35,24.6,70,90,278.223
2166,,Joypurhat,Kharif 1,26.73342435,72.53706071,Maize 1,Mar,Apr to May,Jun to Jul,3610,34,19.8,61,86,152.907
0,,Chandpur,Kharif 2,27.73333611,35.0,Gram,Aug,Sep to Oct,Nov,3375,35,20.3,26,46,208.068
0,0.769538,Khulna,Kharif 2,17.82887515,66.01109375,Carrot,Oct,Nov to Feb,Mar,0,22,14.9,49,87,168.197
1244,3.380795,Bogura,Kharif 2,26.20292835,74.25241605,Pineapple,Sep,Sep to May,Jun to Aug,0,35,18.0,70,81,152.66
1926,4.037286,Kishoreganj,Rabi,20.17034143,68.61337662,Ginger,Oct,Nov to Mar,Mar to Apr,0,25,14.8,60,75,306.884
7540,1.423778,Faridpur,Kharif 2,25.10543093,66.55310103,Garlic,Oct,Nov to Jan,Feb,8085,30,19.8,66,70,157.201
0,,Jashore,Rabi,20.83451332,63.34628946,Cheena,Nov,Dec to Feb,Feb to Apr,0,25,16.9,40,86,179.607
0,3.775024,Brahmanbaria,Rabi,25.37275247,81.32272054,Banana,Jan,Jan to Jan,Jan,0,35,15.0,75,85,42.92
3895,,Naogaon,Rabi,20.30218331,62.80145355,Cheena,Nov,Dec to Feb,Feb to Apr,0,25,17.1,39,85,109.672
3190,6.594449,Chapai Nawabganj,Kharif 1,24.75146443,70.57187279,Green Coconut,May,Jun to Aug,Aug to Sep,0,30,19.5,59,80,209.952
0,4.378005,Barguna,Kharif 1,30.07062102,80.58555227,Ripe Papaya,Apr,No need to do,Apr to May,107,35,25.0,70,90,268.705
646,1.244449,Narayanganj,Kharif 1,27.23750173,90.26129109,Kolmi Shak,Mar,Apr to Aug,Sep to Oct,5022,35,20.1,80,100,109.66
4776,,Sunamganj,Kharif 1,27.43101799,85.91503799,Malta,Jun,Jun to Aug,Aug to Sep,0,35,20.0,80,90,127.0
290,,Sunamganj,Kharif 1,20.34864196,73.44871858,Date Palm,Apr,No need to do,Feb to Mar,765,35,6.1,60,85,110.697
0,0.0,Gaibandha,Rabi,31.11498933,45.57811505,Sesame,Nov,Dec to Jan,Feb,0,35,26.6,39,50,268.846
1116,2.993255,Pabna,Kharif 2,26.24503386,80.35949693,Gourd,Jul,Aug to Jan,Jan to Mar,5080,35,17.9,75,86,219.48
1109,3.755824,CoxsBazar,Kharif 2,19.27641327,77.2641812,Cauliflower,Sep,Nov to Jan,Feb,6214,30,7.8,70,86,190.07
17380,17.828324,Rajshahi,Kharif 2,29.23547836,65.60439262,Sugarcane,Oct,Nov to Aug,Aug to Sep,323923,38,20.0,45,86,42.853
3544,0.0,Habiganj,Kharif 2,14.91953648,89.59816674,Lentil,Oct,Nov to Feb,Feb to Mar,2882,20,10.2,85,95,184.942
1291,1.956286,Narayanganj,Kharif 1,22.49118726,75.02033433,Chalkumra,Mar,Apr to Jul,Jul to Oct,0,27,17.5,65,85,34.72
0,,Barguna,Rabi,20.10486811,66.9873832,Ginger,Oct,Nov to Mar,Mar to Apr,510,25,15.0,59,75,69.104
0,,Patuakhali,Rabi,19.86228922,67.23611481,Ginger,Oct,Nov to Mar,Mar to Apr,6693,25,15.4,59,76,177.849
0,3.322135,Kishoreganj,Kharif 1,24.55101752,72.76433704,Kakrol,Apr,May to Jul,Jul to Sep,0,30,20.6,60,86,138.133
1389,,Habiganj,Kharif 1,21.65721812,81.6938669,Dalim,Apr,No need to do,Throughout The year,0,38,5.0,70,95,183.252
27,5.234401,Jashore,Rabi,25.15001977,80.17821652,Banana,Jan,Jan to Jan,Jan,5732,35,14.7,75,84,226.995
0,,Meherpur,Kharif 1,27.07609317,72.26779425,Maize 1,Mar,Apr to May,Jun to Jul,0,34,20.3,60,86,84.094
1741,0.792689,Patuakhali,Kharif 1,25.16910439,72.44400387,Kakrol,Apr,May to Jul,Jul to Sep,3685,30,19.7,61,85,177.767
1414,1.928406,Narail,Rabi,27.67368472,84.77634849,Groundnut,Oct,Nov to Mar,Mar to Apr,6745,35,19.9,80,90,251.828
0,2.877365,Gaibandha,Kharif 2,25.26789647,70.10519206,Black Berry,Jun,Jul to Aug,Jun to Sep,3843,30,19.8,65,74,328.679
8774,3.859183,Noakhali,Rabi,20.75612981,79.90258503,Sweet Potato,Nov,Dec to Mar,Throughout The year,23560,24,17.3,71,91,14.25
0,1.387402,Munshiganj,Kharif 1,23.2745021,79.22704047,Jhinga,Apr,May to Jun,Jun to Aug,0,28,17.8,69,90,127.243
2206,9.376341,Dhaka,Kharif 2,24.86905005,69.39689076,Black Berry,Jun,Jul to Aug,Jun to Sep,2881,30,19.9,65,75,137.9
0,2.293907,Dinajpur,Kharif 1,21.57714422,82.32481734,Dalim,Apr,No need to do,Throughout The year,3892,38,5.0,70,95,130.695
0,3.491851,Noakhali,Kharif 2,25.39852412,72.42416159,Barbati,Sep,Oct to Dec,Dec to Apr,707,30,20.5,59,86,53.832
5176,0.0,Patuakhali,Kharif 1,31.66110415,68.99892548,Mango,Apr,No need to do,Apr to Jun,2963,36,27.4,49,90,199.423
0,,Bhola,Kharif 1,27.24563704,72.04200282,Maize 1,Mar,Apr to May,Jun to Jul,1020,34,20.0,59,85,116.514
0,3.774898,Rangpur,Rabi,20.06302925,60.95052514,Pumpkin,Sep,Oct to Nov,Nov to Feb,1571,25,15.1,50,70,185.503
0,4.739522,Moulvibazar,Rabi,19.89187028,60.80460898,Boroi,Feb,No need to do,Feb to Mar,3187,25,15.2,50,69,153.072
2067,1.161418,Gaibandha,Kharif 2,27.92131985,35.0,Arhar,Aug,Sep to Oct,Nov,3117,30,26.0,20,49,90.563
0,4.782232,Rangpur,Rabi,19.99373007,60.16204336,Pumpkin,Sep,Oct to Nov,Nov to Feb,10124,24,15.0,52,70,194.151
37,0.961429,Narayanganj,Rabi,19.84545035,66.9241833,Onion,Oct,Nov to Mar,Mar to Apr,0,25,15.3,65,71,226.429
0,5.693272,Sunamganj,Rabi,25.18167867,79.78864323,Banana,Jan,Jan to Jan,Jan,3022,35,15.6,74,85,186.459
4020,4.037555,Noakhali,Kharif 1,20.03072999,79.91825252,Banana,Apr,May to Jun,Jun to Sep,0,30,10.4,76,84,185.013
0,21.666665,Bhola,Kharif 1,34.62941179,81.20962497,Jack Fruit,Apr,No need to do,Apr to Jun,11548,47,22.1,72,95,62.342
0,8.010799,Madaripur,Kharif 1,26.74248026,80.22682689,Jambura,Apr,No need to do,May to Jun,4710,30,25.5,70,90,189.008
0,12.24041,Lalmonirhat,Rabi,24.68610372,80.88627557,Banana,Jan,Jan to Jan,Jan,1344,35,14.7,75,86,42.537
2567,0.0,Kushtia,Rabi,27.55084642,84.39016673,Groundnut,Oct,Nov to Mar,Mar to Apr,0,35,19.5,80,91,167.182
0,39.58098,Lakshmipur,Kharif 1,24.79372282,70.13513166,Green Papaya,Jun,Jun to Aug,Aug to Sep,6189,29,19.9,60,80,50.034
418,0.0,Manikganj,Rabi,27.15960424,85.3092638,Groundnut,Oct,Nov to Mar,Mar to Apr,1868,35,20.2,79,90,94.905
3704,,Barishal,Kharif 2,27.87503423,72.41011734,Patal,Aug,Sep to Jan,Jan to Mar,2262,35,20.1,60,85,124.727
20145,0.02742,Manikganj,Kharif 2,26.23027974,73.10369462,Aman,Jun,Jul to Oct,Nov to Dec,19180,40,12.0,60,84,245.158
0,1.683696,Patuakhali,Kharif 1,27.48091058,80.67385616,Jambura,Apr,No need to do,May to Jun,6722,30,25.2,69,90,107.928
249,0.0,Magura,Kharif 2,27.63254647,35.0,Gram,Aug,Sep to Oct,Nov,795,35,19.6,25,46,201.252
0,0.821374,Jhallokati,Kharif 2,24.86878295,73.46794638,Barbati,Sep,Oct to Dec,Dec to Apr,0,30,19.9,61,86,123.274
3361,1.847601,Rajbari,Kharif 2,30.0342004,79.4925006,Betelnut,Jul,Aug to Jan,Jan to Mar,3864,36,25.1,70,89,68.577
0,8.093821,Madaripur,Kharif 1,31.21206733,69.32606676,Mango,Apr,No need to do,Apr to Jun,1903,36,27.5,50,90,83.529
0,2.35777,Chattogram,Kharif 1,27.54296733,89.41328935,Kolmi Shak,Mar,Apr to Aug,Sep to Oct,0,35,19.6,81,100,128.736
43761,3.781406,Jhenaidah,Rabi,20.32085828,60.11376405,Maize 2,Dec,Jan to Mar,Apr,169663,27,13.9,50,70,76.499
3603,0.540018,Lalmonirhat,Kharif 1,25.09163187,68.88060778,Wood Apple,May,Jun to Aug,Aug to Sep,0,30,20.1,60,80,157.941
0,12.913421,Pabna,Kharif 2,29.89159075,75.72271601,Green Palmyra,Apr,No need to do,May,0,35,25.0,60,91,123.894
731,1.993829,Sunamganj,Kharif 2,27.2410888,35.0,Mashkalai,Aug,Sep to Oct,Nov,0,35,20.0,25,45,177.39
120,0.361878,Chandpur,Kharif 1,27.84162086,89.52996338,Kolmi Shak,Mar,Apr to Aug,Sep to Oct,0,36,20.0,80,100,176.711
1833,2.584673,Bhola,Kharif 2,26.69207169,80.1147982,Gourd,Jul,Aug to Jan,Jan to Mar,1958,35,17.4,75,86,146.387
1474,2.742746,Naogaon,Kharif 1,20.71476136,73.48065086,Date Palm,Apr,No need to do,Feb to Mar,0,35,6.0,60,85,189.167
2473,4.610903,Habiganj,Rabi,20.41442772,80.85708745,Sweet Potato,Nov,Dec to Mar,Apr,8354,24,16.5,71,89,214.841
0,0.0,Chuadanga,Kharif 2,27.17189864,35.0,Gram,Aug,Sep to Oct,Nov,0,35,20.1,25,45,86.239
0,28.101341,Joypurhat,Kharif 1,24.93287728,70.09376371,Green Papaya,Jun,Jun to Aug,Aug to Sep,5562,30,20.3,60,80,126.387
23639,1.19644,Bhola,Kharif 2,29.74178899,70.46074712,Mug,Feb,Mar to May,May,10497,35,25.3,60,80,112.243
0,3.772869,Narail,Kharif 2,23.77858827,59.91097727,Oal Kachu,Sep,Oct to Dec,Dec to Feb,0,32,14.9,52,71,153.419
0,0.770312,Manikganj,Rabi,19.61625217,59.81644238,Boroi,Dec,No need to do,Feb to Mar,0,25,14.5,50,69,271.153
2030,5.547292,Chuadanga,Rabi,20.15564351,60.13171368,Pumpkin,Sep,Oct to Nov,Nov to Feb,10109,25,14.9,49,69,145.718
0,2.422485,Madaripur,Kharif 2,14.30307297,82.4723486,Shalgom,Sep,Oct to Nov,Nov to Feb,5537,24,5.0,71,95,221.985
1777,1.58478,Feni,Rabi,24.68251125,79.73894596,Danta,Mar,Apr to Aug,Sep,4599,32,18.2,76,85,125.391
1112,1.400576,Pabna,Kharif 1,20.8294183,71.42511921,Date Palm,Apr,No need to do,Feb to Mar,1790,35,6.0,60,85,151.867
1887,3.969792,Brahmanbaria,Rabi,19.85680881,60.27713694,Pumpkin,Sep,Oct to Nov,Nov to Feb,2484,25,15.0,50,71,56.345
1573,,Natore,Kharif 2,26.05878445,74.9392444,Pineapple,Sep,Sep to May,Jun to Aug,1581,35,18.0,69,81,227.977
0,2.837637,Mymensingh,Kharif 1,20.13894854,80.30987269,Pineapple,Apr,May to Jun,Jun to Sep,4891,30,9.8,74,85,132.832
0,2.274569,Bandarban,Kharif 1,20.13080285,80.19390651,Ginger,Apr,May to Jun,Jun to Sep,0,30,10.5,74,85,127.65
0,0.0,Gaibandha,Kharif 2,27.79758771,35.0,Ginger,Aug,Sep to Oct,Nov,0,35,20.5,25,45,33.43
1256,3.580442,Feni,Kharif 1,11.5,78.03782302,Mukhi Kachu,Apr,May to Sep,Sep to Feb,895,15,8.3,65,90,177.721
0,1.615003,Sylhet,Kharif 2,21.06548107,70.28532425,Puishak,Aug,Sep to Jan,Feb,3362,30,12.0,64,75,126.605
4184,4.102924,Dhaka,Kharif 1,27.19587074,72.29320285,Maize 1,Mar,Apr to May,Jun to Jul,16623,33,20.3,60,85,144.934
127,1.910352,Barishal,Rabi,25.52717368,88.0456383,Karala,Feb,Mar to Jul,Aug to Sep,0,27,23.7,85,90,109.932
1635,5.897037,Naogaon,Kharif 2,16.06001134,85.1012431,Radish,Oct,Nov to Feb,Mar,10908,23,10.0,75,96,69.812
1761,2.153866,Khulna,Rabi,20.19509352,79.86009126,Sweet Potato,Nov,Dec to Mar,Apr,0,24,17.3,70,90,205.057
2785,1.848512,Bagerhat,Kharif 1,22.62321636,74.95484882,Chalkumra,Mar,Apr to Jul,Jul to Oct,2410,27,17.6,65,86,179.771
859,3.343357,Joypurhat,Kharif 1,22.61654424,80.84405311,Jhinga,Apr,May to Jun,Jun to Aug,4599,28,17.9,71,90,116.284
0,2.556606,Munshiganj,Rabi,24.90223432,80.03662122,Danta,Mar,Apr to Aug,Sep,0,32,17.9,75,84,150.38
4481,4.789246,Jhallokati,Rabi,20.58153893,80.13482603,Sweet Potato,Nov,Dec to Mar,Apr,3499,25,17.3,70,89,118.005
11461,0.597452,Nilphamari,Kharif 2,17.78868828,67.17400082,Tobacco,Oct,Nov to Feb,Feb to Apr,7352,20,14.9,50,85,146.257
0,0.796979,Patuakhali,Kharif 2,25.41805698,70.78733999,Black Berry,Jun,Jul to Aug,Jun to Sep,1156,30,19.8,64,75,119.24
58,8.070509,Kishoreganj,Rabi,17.95572866,78.15688496,Lemon,Jan,Jan to Jan,Jan,5525,25,10.0,59,95,297.034
132,1.965493,Thakurgaon,Kharif 2,26.0918935,74.79621562,Pineapple,Sep,Sep to May,Jun to Aug,0,35,18.3,69,82,189.38
1518,,Habiganj,Kharif 1,26.93649792,72.01222785,Maize 1,Mar,Apr to May,Jun to Jul,0,34,19.8,60,86,195.821
0,2.57845,Nilphamari,Kharif 1,25.4551472,70.58701376,Wood Apple,May,Jun to Aug,Aug to Sep,0,30,19.9,61,80,61.345
1197,,Gaibandha,Kharif 1,24.66796773,69.65236097,Safeda,Apr,No need to do,Jan to Mar,0,38,10.2,61,80,169.06
0,0.739488,Rangpur,Rabi,24.86788965,79.71178955,Danta,Mar,Apr to Aug,Sep,0,32,18.4,76,84,106.321
1200,15.923835,Natore,Kharif 1,27.53377926,80.59821186,Jambura,Apr,No need to do,May to Jun,2714,30,24.8,69,90,207.753
4105,2.27733,Manikganj,Kharif 2,17.45449489,67.94985973,Tobacco,Oct,Nov to Feb,Feb to Apr,815,20,14.9,50,85,116.679
3983,,Shariatpur,Kharif 2,26.47050557,74.89633108,Pineapple,Sep,Sep to May,Jun to Aug,2293,35,17.9,70,80,35.026
0,5.673187,Naogaon,Kharif 2,29.96355161,80.27178797,Betelnut,Jul,Aug to Jan,Jan to Mar,4765,35,24.8,70,91,205.664
0,2.233021,Naogaon,Kharif 1,20.04156338,72.49196222,Date Palm,Apr,No need to do,Feb to Mar,5366,35,6.0,61,85,184.396
0,4.265778,Madaripur,Kharif 1,28.95245517,68.17446275,Guava,Apr,No need to do,Throughout The year,0,35,22.6,50,84,43.094
0,,Noakhali,Kharif 1,29.97137347,75.00862388,Jute,Mar,Apr to Aug,Sep,0,40,20.1,71,81,154.969
2880,,Patuakhali,Kharif 2,22.19512547,82.31224728,Motor,Oct,Nov to Mar,Mar to Apr,0,30,14.4,76,91,181.605
0,11.228417,Meherpur,Kharif 2,26.69103053,74.92252855,Cucumber,Sep,Nov to Mar,Mar to Jun,8689,35,17.6,60,90,65.886
2179,5.004451,Patuakhali,Kharif 1,20.1704682,72.71693749,Date Palm,Apr,No need to do,Feb to Mar,2650,36,6.3,59,85,94.536
1214,,Dhaka,Kharif 1,27.59380559,85.92218493,Malta,Jun,Jun to Aug,Aug to Sep,738,35,20.0,80,91,302.903
0,0.757949,Chapai Nawabganj,Kharif 2,22.89837395,81.59674398,Motor,Oct,Nov to Mar,Mar to Apr,695,30,15.2,75,90,166.763
0,3.474652,Sunamganj,Rabi,20.15517059,66.82158903,Onion,Oct,Nov to Mar,Mar to Apr,1709,25,15.0,65,71,204.381
2770,1.220359,Chuadanga,Kharif 2,22.75338107,82.46821517,Motor,Oct,Nov to Mar,Mar to Apr,432,30,15.4,74,91,165.605
0,,Habiganj,Kharif 2,14.55207248,81.26844768,Shalgom,Sep,Oct to Nov,Nov to Feb,3741,24,5.0,70,95,138.735
1881,9.231466,Rangpur,Kharif 1,24.90766407,69.85813104,Amra,Jun,Jun to Aug,Aug to Sep,2929,29,20.2,60,81,213.822
963,5.327402,Jamalpur,Kharif 1,26.50729227,72.77517117,Maize 1,Mar,Apr to May,Jun to Jul,0,33,20.0,59,85,85.086
0,3.870598,Feni,Kharif 1,29.06199569,68.19517788,Guava,Apr,No need to do,Throughout The year,0,34,23.2,49,85,144.903
0,5.558247,Brahmanbaria,Kharif 2,29.90527679,75.61327341,Green Palmyra,Apr,No need to do,May,0,35,24.7,59,90,241.291
0,0.224809,Chuadanga,Kharif 2,27.96005891,35.0,Gram,Aug,Sep to Oct,Nov,0,35,19.8,25,45,90.432
0,1.413145,Gazipur,Kharif 1,22.02140016,82.6429552,Dalim,Apr,No need to do,Throughout The year,0,38,5.3,71,95,199.653
1870,2.390493,Satkhira,Rabi,20.61548549,74.06225231,Lal Shak,Sep,Oct to Nov,Nov to Feb,0,25,15.6,70,79,182.213
608,1.960759,Chattogram,Rabi,19.77228269,68.01053013,Onion,Oct,Nov to Mar,Mar to Apr,4834,25,15.2,66,70,173.293
21943,3.397091,Rangpur,Kharif 1,27.04302532,73.94320347,Maize 1,Mar,Apr to May,Jun to Jul,73397,34,20.2,61,85,168.452
308,1.647866,Narayanganj,Rabi,25.43552571,79.52770445,Danta,Mar,Apr to Aug,Sep,0,32,17.9,74,85,144.506
1036,0.0,Moulvibazar,Kharif 2,28.0957527,35.95172488,Arhar,Aug,Sep to Oct,Nov,4191,30,26.3,20,51,153.643
3032,0.754486,Patuakhali,Kharif 1,27.45221965,80.66419606,Jambura,Apr,No need to do,May to Jun,0,30,25.0,70,90,117.592
109345,6.781315,Pabna,Rabi,19.91762117,67.08178133,Onion,Oct,Nov to Mar,Mar to Apr,507327,25,14.9,65,70,125.406
0,3.602305,Noakhali,Rabi,20.32964596,60.26502299,Maize 2,Dec,Jan to Mar,Apr,347,27,14.1,50,70,235.289
0,4.063902,Brahmanbaria,Kharif 2,26.1997671,79.44148872,Gourd,Jul,Aug to Jan,Jan to Mar,2654,35,18.0,75,86,136.767
482,0.043399,Magura,Kharif 2,27.25548107,36.35476358,Mashkalai,Aug,Sep to Oct,Nov,0,35,20.1,25,46,134.339
2915,0.646043,Cumilla,Kharif 2,15.29035929,87.93419979,Lentil,Oct,Nov to Feb,Feb to Mar,0,20,9.8,85,96,113.074
0,0.0,Barguna,Kharif 1,27.56845107,80.79532689,Jambura,Apr,No need to do,May to Jun,2601,31,25.4,70,90,211.388
743,2.599006,Meherpur,Kharif 2,21.1387539,70.29344737,Palong Shak,Aug,Sep to Jan,Feb,0,30,12.3,65,76,66.966
693,0.796072,Narsingdi,Kharif 1,27.23236298,84.86153362,Malta,Jun,Jun to Aug,Aug to Sep,2488,35,20.0,80,89,184.321
101320,1.30784,Chuadanga,Kharif 1,25.87339571,72.59767482,Aus,Mar,Apr to july,Aug,116365,40,12.5,59,86,189.671
0,2.45772,Narayanganj,Kharif 2,24.72306178,67.3900975,Garlic,Oct,Nov to Jan,Feb,0,30,19.7,65,69,61.274
3714,2.264096,Jhenaidah,Kharif 2,26.48385206,74.64663413,Cucumber,Sep,Nov to Mar,Mar to Jun,3515,35,17.9,60,90,43.527
5501,1.431326,Panchagar,Kharif 2,27.69972769,35.21926433,Gram,Aug,Sep to Oct,Nov,3055,35,19.9,25,45,196.55
1695,0.0,Jhallokati,Kharif 2,29.77566229,79.91031843,Jamrul,Jun,Jul to Aug,Jun to Sep,0,35,25.0,71,90,78.266
0,2.142068,Bagerhat,Rabi,20.00764075,67.70339434,Onion,Oct,Nov to Mar,Mar to Apr,1404,25,14.8,65,70,223.522
7915,0.541558,Sirajganj,Kharif 2,14.81139557,90.48754253,Lentil,Oct,Nov to Feb,Feb to Mar,7004,20,9.8,85,95,141.216
3891,1.493707,Sunamganj,Kharif 1,28.9449549,68.48252522,Guava,Apr,No need to do,Throughout The year,3251,35,23.1,50,85,116.255
0,3.205315,Kishoreganj,Kharif 2,20.98037477,69.55975446,Palong Shak,Aug,Sep to Jan,Feb,962,29,12.0,64,75,0.0
139,35.123784,Bagerhat,Kharif 2,29.8563428,74.95055846,Green Palmyra,Apr,No need to do,May,2392,35,25.1,59,90,241.957
0,,Bogura,Kharif 2,21.92370594,82.51325607,Motor,Oct,Nov to Mar,Mar to Apr,288,30,14.7,75,91,70.459
0,7.40074,Sherpur,Kharif 2,26.72776242,74.59454948,Cucumber,Sep,Nov to Mar,Mar to Jun,1368,35,18.3,60,90,144.971
503,17.472218,Narsingdi,Kharif 2,29.85720305,74.31071384,Green Palmyra,Apr,No need to do,May,657,35,24.7,60,89,195.95
6254,3.210537,Bogura,Kharif 1,27.1952166,73.34940767,Maize 1,Mar,Apr to May,Jun to Jul,7335,34,19.7,59,85,274.477
0,,Chuadanga,Rabi,20.83303703,62.39232823,Cheena,Nov,Dec to Feb,Feb to Apr,0,25,17.5,39,83,181.846
1702,0.677511,Kurigram,Kharif 2,29.66553946,70.57880388,Mug,Feb,Mar to May,May,0,35,25.5,59,80,132.002
954,2.200285,Jashore,Kharif 2,25.23299355,72.61583791,Barbati,Sep,Oct to Dec,Dec to Apr,0,30,20.6,59,86,56.066
3214,1.646316,Panchagar,Kharif 2,17.53511781,66.7010313,Tobacco,Oct,Nov to Feb,Feb to Apr,427,20,15.6,50,86,8.936
688,4.67602,Chapai Nawabganj,Kharif 2,18.93356405,78.06556352,Cauliflower,Sep,Nov to Jan,Feb,3105,30,8.1,69,84,38.727
189,4.804678,Rajbari,Rabi,19.97169913,59.19031339,Pumpkin,Sep,Oct to Nov,Nov to Feb,2886,25,15.0,49,70,215.724
997,7.487492,Kushtia,Kharif 2,21.12341828,70.44480822,Puishak,Aug,Sep to Jan,Feb,5645,30,11.9,66,76,109.027
223,0.107152,Netrokona,Kharif 1,21.24175037,81.68001562,Dalim,Apr,No need to do,Throughout The year,3834,39,5.0,70,95,92.337
2874,0.41834,Pabna,Kharif 2,28.01664947,35.33198044,Arhar,Aug,Sep to Oct,Nov,0,30,26.2,20,49,100.345
426,,Gopalganj,Kharif 2,27.83362185,35.16735873,Arhar,Aug,Sep to Oct,Nov,0,30,25.9,20,50,208.482
2277,3.845308,Sherpur,Kharif 1,31.49880895,70.37530627,Mango,Apr,No need to do,Apr to Jun,9865,36,26.8,50,90,142.583
3246,2.14119,Jhenaidah,Kharif 2,24.80872888,67.68891828,Garlic,Oct,Nov to Jan,Feb,11147,30,19.5,64,69,114.699
1431,5.999909,Rajshahi,Kharif 2,23.34534096,60.41557703,Oal Kachu,Sep,Oct to Dec,Dec to Feb,1988,32,15.1,50,69,175.74
1040,4.1438,Pabna,Rabi,19.54738171,59.96660922,Palmyra Palm,Sep,Oct to Nov,Nov to Feb,0,25,14.9,51,70,132.263
1203,2.113429,Bhola,Rabi,20.15617765,76.26844883,Lal Shak,Sep,Oct to Nov,Nov to Feb,0,25,14.7,70,79,93.434
2925,3.042464,Bagerhat,Kharif 1,22.87640353,75.18762828,Chalkumra,Mar,Apr to Jul,Jul to Oct,1125,27,18.4,65,85,176.951
0,,Bhola,Kharif 1,26.84739786,73.05720527,Maize 1,Mar,Apr to May,Jun to Jul,3673,34,20.2,61,86,110.84
0,4.442973,Netrokona,Rabi,19.76231332,59.79923043,Palmyra Palm,Sep,Oct to Nov,Nov to Feb,0,25,14.9,48,70,167.663
1183,1.136626,Sherpur,Kharif 1,19.70502677,79.87388775,Ginger,Apr,May to Jun,Jun to Sep,8704,30,10.4,74,84,116.569
267,8.032038,Jhallokati,Kharif 2,26.73132668,79.80604376,Gourd,Jul,Aug to Jan,Jan to Mar,8106,35,18.3,75,85,172.816
0,0.431694,Moulvibazar,Kharif 1,27.50469138,90.11917824,Kolmi Shak,Mar,Apr to Aug,Sep to Oct,0,35,20.2,80,101,232.707
3059,1.595358,Bandarban,Kharif 1,31.51764561,69.87653648,Mango,Apr,No need to do,Apr to Jun,4818,36,27.0,49,91,191.658
6519,1.540825,Nilphamari,Kharif 1,25.70683773,72.49791127,Aus,Mar,Apr to july,Aug,8140,40,12.1,60,86,144.666
3465,0.804477,CoxsBazar,Kharif 2,24.58702474,71.40538897,Barbati,Sep,Oct to Dec,Dec to Apr,1405,30,20.2,59,86,110.633
0,8.162881,Bhola,Kharif 2,30.05798773,75.95745309,Green Palmyra,Apr,No need to do,May,0,35,24.8,60,90,75.403
0,4.167433,Chapai Nawabganj,Kharif 1,22.49023459,74.72072562,Chalkumra,Mar,Apr to Jul,Jul to Oct,2625,27,17.7,65,85,174.327
1532,15.164571,Rangamati,Kharif 1,24.93458895,70.12207485,Green Papaya,Jun,Jun to Aug,Aug to Sep,11325,30,19.9,60,81,197.331
0,0.884289,Narayanganj,Rabi,27.36016776,85.29031046,Groundnut,Oct,Nov to Mar,Mar to Apr,0,34,19.5,79,90,175.708
3272,3.102575,Faridpur,Kharif 1,22.96503079,80.79407665,Jhinga,Apr,May to Jun,Jun to Aug,0,28,17.8,71,90,107.267
2231,,Chapai Nawabganj,Rabi,20.21576606,66.99242481,Ginger,Oct,Nov to Mar,Mar to Apr,0,25,15.2,60,75,205.366
661,0.858395,Khulna,Rabi,17.54637891,78.22138795,Lemon,Jan,Jan to Jan,Jan,0,25,9.9,61,95,97.017
1678,3.067566,Netrokona,Kharif 2,15.60430816,85.14039906,Radish,Oct,Nov to Feb,Mar,2246,22,9.6,75,95,38.91
5866,1.58565,Rajbari,Rabi,30.81338079,45.80835173,Sesame,Nov,Dec to Jan,Feb,6006,35,27.3,39,50,252.544
0,3.891734,Joypurhat,Rabi,17.6429871,77.43131031,Lemon,Jan,Jan to Jan,Jan,967,25,10.5,60,96,210.662
0,20.329875,Naogaon,Kharif 2,29.05333321,65.09050282,Sugarcane,Oct,Nov to Aug,Aug to Sep,17083,38,20.3,46,85,189.184
3533,16.974305,Narayanganj,Kharif 1,24.98977254,69.97343791,Amra,Jun,Jun to Aug,Aug to Sep,3876,30,20.1,59,80,162.873
2139,,Barguna,Kharif 1,27.00981944,85.21193078,Malta,Jun,Jun to Aug,Aug to Sep,0,35,20.0,80,90,171.304
0,3.415985,CoxsBazar,Kharif 1,20.58550254,72.6387689,Date Palm,Apr,No need to do,Feb to Mar,0,35,6.3,60,86,183.575
3560,6.307881,Cumilla,Kharif 2,26.05067243,79.91770153,Gourd,Jul,Aug to Jan,Jan to Mar,8374,35,17.9,75,85,34.647
0,4.012197,Brahmanbaria,Kharif 2,25.13655006,70.36630084,Black Berry,Jun,Jul to Aug,Jun to Sep,602,30,20.1,63,75,198.8
1073,7.593871,Moulvibazar,Kharif 1,31.29656202,69.36276913,Mango,Apr,No need to do,Apr to Jun,6690,36,27.1,49,89,165.051
1126,5.332677,Barguna,Kharif 2,16.6079595,73.88565427,Cabbage,Sep,Oct to Jan,Feb,0,23,9.9,60,90,159.912
4153,1.409684,Barishal,Rabi,25.01979598,87.76324995,Karala,Feb,Mar to Jul,Aug to Sep,4852,27,24.1,86,90,107.004
0,0.59689,Magura,Kharif 2,27.78811944,35.0,Gram,Aug,Sep to Oct,Nov,459,35,20.4,25,45,202.705
161317,0.705177,Naogaon,Kharif 1,26.06864712,72.05053004,Aus,Mar,Apr to july,Aug,182173,40,12.5,60,84,100.309
0,6.460458,Sherpur,Rabi,20.20874431,59.72060271,Pumpkin,Sep,Oct to Nov,Nov to Feb,2792,25,15.3,50,70,98.897
145,3.682138,Satkhira,Kharif 1,22.37395723,75.88835953,Chalkumra,Mar,Apr to Jul,Jul to Oct,0,27,17.9,65,86,250.261
32817,0.762034,Meherpur,Rabi,17.53520805,55.48057055,Wheat,Dec,Jan to Mar,Apr,67101,20,15.8,50,60,48.146
3554,1.529087,Lalmonirhat,Kharif 1,21.63354215,82.4435864,Dalim,Apr,No need to do,Throughout The year,1749,38,5.1,70,94,173.353
3223,6.772237,Jashore,Kharif 2,30.14776906,75.80096617,Green Palmyra,Apr,No need to do,May,0,35,24.5,59,91,93.938
1216,18.786098,Chapai Nawabganj,Kharif 1,34.52402845,81.32119098,Jack Fruit,Apr,No need to do,Apr to Jun,0,47,21.8,70,95,178.778
1208,2.860849,Dinajpur,Rabi,20.16575267,60.99579849,Pumpkin,Sep,Oct to Nov,Nov to Feb,6901,25,15.3,49,70,175.599
1127,2.334479,Gaibandha,Rabi,20.01672415,59.23859575,Palmyra Palm,Sep,Oct to Nov,Nov to Feb,0,25,15.3,51,70,106.817
0,8.00424,Chapai Nawabganj,Rabi,24.56067041,79.41867518,Banana,Jan,Jan to Jan,Jan,0,35,15.1,75,86,254.124
2807,3.455186,Manikganj,Kharif 1,24.59744109,69.84454553,Amra,Jun,Jun to Aug,Aug to Sep,0,31,20.0,61,80,83.294
1443,,Sunamganj,Kharif 1,24.11603756,69.86331939,Safeda,Apr,No need to do,Jan to Mar,0,38,10.0,59,79,138.08
1476,0.0,Natore,Kharif 2,27.55715626,35.0,Mashkalai,Aug,Sep to Oct,Nov,0,35,20.1,26,45,224.064
981,6.836953,Dhaka,Kharif 2,25.32166432,69.19661296,Black Berry,Jun,Jul to Aug,Jun to Sep,6651,30,20.0,65,75,132.004
720,1.404963,CoxsBazar,Kharif 2,27.2188083,73.67533632,Patal,Aug,Sep to Jan,Jan to Mar,0,35,20.0,61,86,139.157
2992,0.101722,Natore,Rabi,27.44166785,84.80523468,Groundnut,Oct,Nov to Mar,Mar to Apr,1331,35,20.3,80,89,125.276
0,3.882256,Munshiganj,Rabi,20.40617997,80.50716059,Sweet Potato,Nov,Dec to Mar,Apr,1556,24,17.4,70,90,108.316
2710,0.302572,Bagerhat,Rabi,25.08989237,80.38102164,Danta Shak,Mar,Apr to Aug,Sep,1249,32,18.4,75,85,209.223
0,2.685636,Sherpur,Rabi,25.28775616,87.5025055,Karala,Feb,Mar to Jul,Aug to Sep,0,27,24.4,85,90,27.39
0,3.935099,Shariatpur,Kharif 1,11.5,77.38362206,Mukhi Kachu,Apr,May to Sep,Sep to Feb,3827,15,8.4,64,90,91.547
2784,4.156443,Barishal,Rabi,25.00857514,79.41970298,Banana,Jan,Jan to Jan,Jan,0,36,15.1,75,85,86.322
0,40.083406,Shariatpur,Kharif 1,24.82650261,70.63722932,Green Coconut,May,Jun to Aug,Aug to Sep,11442,30,20.4,59,80,235.42
65,11.092105,Bagerhat,Kharif 2,28.71375951,64.78874957,Sugarcane,Oct,Nov to Aug,Aug to Sep,11813,37,20.5,44,84,200.075
59742,0.749832,Chapai Nawabganj,Rabi,17.56829401,53.79064687,Wheat,Dec,Jan to Mar,Apr,78252,20,15.3,51,59,169.65
0,3.403121,Sylhet,Kharif 2,27.54330737,72.90980515,Patal,Aug,Sep to Jan,Jan to Mar,1840,35,20.1,60,84,134.866
0,3.983965,Shariatpur,Kharif 2,29.68250026,80.29845651,Betelnut,Jul,Aug to Jan,Jan to Mar,164,35,25.3,71,90,218.524
0,17.831223,Gaibandha,Kharif 1,34.75398861,82.51929984,Jack Fruit,Apr,No need to do,Apr to Jun,10202,47,22.0,71,94,125.196
34361,4.145877,Tangail,Kharif 1,30.23854493,74.85419832,Jute,Mar,Apr to Aug,Sep,154170,40,20.0,70,80,74.489
0,14.37191,Bogura,Kharif 2,30.0328596,75.62380317,Green Palmyra,Apr,No need to do,May,4689,35,25.4,59,89,95.951
3463,2.236848,Barishal,Kharif 2,16.02826224,85.8549627,Radish,Oct,Nov to Feb,Mar,2721,22,9.9,75,94,85.526
494,53.389294,Madaripur,Kharif 2,29.8500095,74.30235981,Green Palmyra,Apr,No need to do,May,5393,34,25.0,60,90,82.007
2905,24.767206,Chandpur,Kharif 1,25.06397614,69.34175443,Green Papaya,Jun,Jun to Aug,Aug to Sep,3199,31,20.1,61,80,122.804
1290,,Chattogram,Kharif 1,30.10820905,75.70871667,Jute,Mar,Apr to Aug,Sep,0,40,19.8,70,80,201.921
4055,2.218422,Bhola,Rabi,20.63281909,80.24072063,Sweet Potato,Nov,Dec to Mar,Apr,22252,24,17.3,71,90,159.851
545,18.650759,Rajshahi,Rabi,17.40799883,77.10022797,Lemon,Jan,Jan to Jan,Jan,0,25,10.3,60,95,173.808
2087,8.021137,Rajbari,Kharif 2,20.97938692,70.21655735,Puishak,Aug,Sep to Jan,Feb,2441,30,12.0,66,75,191.715
4059,0.427714,Kishoreganj,Kharif 2,22.40536167,75.16030434,Rape & Mustard,Oct,Nov to Feb,Feb to Apr,7725,30,14.8,65,84,82.718
2227,3.809716,Chandpur,Rabi,20.04183282,67.87677156,Onion,Oct,Nov to Mar,Mar to Apr,8040,25,15.2,64,70,123.603
518,1.072266,Jhallokati,Kharif 1,20.06884093,80.42157644,onion,Apr,May to Jun,Jun to Sep,400,30,10.0,76,84,149.097
3438,4.020944,Joypurhat,Kharif 2,27.38892508,71.72056948,Patal,Aug,Sep to Jan,Jan to Mar,2143,35,19.8,59,85,151.483
3997,2.609117,Jashore,Kharif 1,22.46765511,79.73758555,Jhinga,Apr,May to Jun,Jun to Aug,2992,28,17.8,69,89,125.819
15300,4.148982,Chandpur,Kharif 1,29.88901802,75.62156965,Jute,Mar,Apr to Aug,Sep,51723,40,19.9,70,80,289.101
130975,1.259758,Moulvibazar,Kharif 1,26.2842999,72.25257574,Aus,Mar,Apr to july,Aug,157333,39,12.0,60,85,150.263
0,,Barishal,Rabi,20.18233457,67.83946175,Ginger,Oct,Nov to Mar,Mar to Apr,0,25,15.1,60,75,114.675
0,1.028336,Cumilla,Rabi,31.28494441,44.65584417,Sesame,Nov,Dec to Jan,Feb,637,35,27.2,39,50,191.391
296,1.057102,Moulvibazar,Kharif 2,27.50504105,35.68115961,Mashkalai,Aug,Sep to Oct,Nov,5108,35,19.4,25,45,121.077
2147,3.253386,Pabna,Kharif 2,27.28911816,71.5595711,Patal,Aug,Sep to Jan,Jan to Mar,13571,35,20.0,59,85,137.497
4540,2.167941,Khagrachari,Rabi,22.44162766,60.53735529,Chili,Oct,Nov to Mar,Mar to Apr,3025,30,15.0,50,70,145.701
1366,1.697763,Bandarban,Kharif 2,29.82063658,70.11588062,Mug,Feb,Mar to May,May,829,35,25.2,59,80,163.682
0,,Satkhira,Kharif 2,28.26726478,35.0,Arhar,Aug,Sep to Oct,Nov,1742,30,26.3,20,50,152.167
0,4.931413,Madaripur,Kharif 1,28.62223345,67.51393571,Guava,Apr,No need to do,Throughout The year,5638,35,22.9,50,85,37.93
0,0.698405,Feni,Kharif 2,22.33420925,74.61186533,Rape & Mustard,Oct,Nov to Feb,Feb to Apr,5107,30,14.9,65,85,133.201
0,3.991232,Barguna,Kharif 1,29.96417644,80.06635343,Ripe Papaya,Apr,No need to do,Apr to May,5192,35,24.4,70,89,270.279
18537,2.359366,Natore,Kharif 1,27.32824318,73.49055434,Maize 1,Mar,Apr to May,Jun to Jul,55394,34,19.8,60,84,137.224
90271,0.979882,Chandpur,Kharif 2,25.77842204,72.22242686,Aman,Jun,Jul to Oct,Nov to Dec,70012,40,12.0,60,86,167.729
0,1.660442,Chuadanga,Kharif 2,26.39906163,75.36063272,Cucumber,Sep,Nov to Mar,Mar to Jun,1227,35,17.7,59,90,160.386
0,3.853949,Sherpur,Rabi,17.47805649,77.43114663,Lemon,Jan,Jan to Jan,Jan,48,25,10.1,61,94,192.124
1197,6.420441,Rajbari,Kharif 2,18.72152631,76.92754219,Cauliflower,Sep,Nov to Jan,Feb,8861,30,7.6,71,84,142.597
0,2.28792,Sirajganj,Kharif 1,16.38738069,67.74249152,Beans,Jun,Jul to Nov,Nov to Apr,0,22,9.5,60,75,190.029
0,3.413637,Barishal,Kharif 1,27.52466027,80.17371281,Jambura,Apr,No need to do,May to Jun,5279,30,25.5,70,90,212.42
2313,8.585282,Shariatpur,Kharif 1,21.47841989,82.58048584,Dalim,Apr,No need to do,Throughout The year,0,38,5.2,70,96,80.856
2934,5.363957,Kurigram,Kharif 2,26.69488184,80.3833537,Gourd,Jul,Aug to Jan,Jan to Mar,0,35,17.5,73,85,268.102
0,0.0,Rangpur,Rabi,19.58664535,78.32133621,Laushak,Sep,Oct to Nov,Nov to Feb,0,25,15.2,68,90,132.751
821,3.050195,Bagerhat,Kharif 2,26.59183393,74.76775466,Cucumber,Sep,Nov to Mar,Mar to Jun,140,35,18.3,59,89,114.724
835,16.408208,Natore,Rabi,25.32671134,79.44214422,Banana,Jan,Jan to Jan,Jan,17424,35,14.7,75,85,101.784
0,0.0,Bhola,Kharif 1,20.30544233,72.45610254,Date Palm,Apr,No need to do,Feb to Mar,996,35,5.7,61,85,150.575
2296,0.854632,Bhola,Rabi,30.99637485,44.4335904,Sesame,Nov,Dec to Jan,Feb,9287,35,27.2,41,50,105.775
347,6.524951,Munshiganj,Kharif 1,27.42119999,81.37971637,Jambura,Apr,No need to do,May to Jun,0,30,24.5,71,89,65.874
0,2.770518,Jhenaidah,Rabi,20.24710831,74.49996192,Lal Shak,Sep,Oct to Nov,Nov to Feb,6064,25,15.2,69,80,50.377
4884,2.334766,Bhola,Kharif 1,27.90007237,88.72963518,Kolmi Shak,Mar,Apr to Aug,Sep to Oct,0,35,20.3,79,100,93.705
2636,4.417159,Narsingdi,Kharif 1,31.03056624,70.47182914,Mango,Apr,No need to do,Apr to Jun,5410,36,26.8,50,89,86.189
1833,1.279259,Barishal,Rabi,19.99423043,67.16720526,Onion,Oct,Nov to Mar,Mar to Apr,3455,25,15.0,65,70,107.372
2627,1.837158,Bandarban,Kharif 1,32.16223738,64.29522749,Taramind,Feb,Mar to Apr,Feb to May,0,40,25.2,50,80,123.539
0,,Patuakhali,Kharif 1,27.59260262,73.82816608,Maize 1,Mar,Apr to May,Jun to Jul,0,34,19.7,60,84,94.509
2965,2.112242,Khulna,Rabi,19.90878842,59.54552443,Boroi,Nov,No need to do,Feb to Mar,1020,25,14.5,51,70,89.334
2916,1.047108,Kishoreganj,Kharif 2,22.32530764,75.43112829,Rape & Mustard,Oct,Nov to Feb,Feb to Apr,0,30,15.3,65,84,76.93
2888,3.827957,Mymensingh,Rabi,25.30393535,80.78224333,Danta,Mar,Apr to Aug,Sep,0,32,18.4,74,85,106.107
0,,Pirojpur,Kharif 2,27.34191304,35.71016457,Gram,Aug,Sep to Oct,Nov,0,35,20.0,25,45,153.31
2657,12.707042,Bagerhat,Kharif 1,30.35177219,80.16588369,Ripe Papaya,Apr,No need to do,Apr to May,0,35,24.9,69,90,85.49
2541,2.892934,Rajshahi,Kharif 1,24.98126833,69.43050405,Wood Apple,May,Jun to Aug,Aug to Sep,0,30,20.3,61,80,160.597
4018,0.433993,Chuadanga,Kharif 2,27.95278969,35.94642809,Arhar,Aug,Sep to Oct,Nov,2263,30,25.9,20,51,40.47
0,12.155587,Kishoreganj,Rabi,20.52736484,59.4536089,Palmyra Palm,Sep,Oct to Nov,Nov to Feb,3727,25,15.1,51,69,86.486
602,2.279301,Faridpur,Kharif 2,21.21125786,70.29897712,Puishak,Aug,Sep to Jan,Feb,2651,29,12.0,65,75,166.175
2518,0.694691,Tangail,Rabi,25.57410923,87.61906558,Karala,Feb,Mar to Jul,Aug to Sep,678,27,24.2,85,90,239.083
4381,7.001548,Tangail,Kharif 2,19.24337784,77.01507406,Cauliflower,Sep,Nov to Jan,Feb,14477,30,8.0,70,86,243.979
0,4.02954,Sunamganj,Kharif 2,26.06495112,75.17211233,Pineapple,Sep,Sep to May,Jun to Aug,1260,36,17.8,70,80,225.903
0,0.0,Sunamganj,Kharif 2,27.50635154,35.0,Mashkalai,Aug,Sep to Oct,Nov,0,35,20.5,25,45,175.461
0,,Shariatpur,Kharif 2,17.19811966,66.41752662,Tobacco,Oct,Nov to Feb,Feb to Apr,0,20,14.7,50,86,224.951
0,3.239585,Bhola,Kharif 2,17.82518017,65.70218797,Carrot,Oct,Nov to Feb,Mar,879,21,14.8,47,86,104.127
118379,4.278245,Rajbari,Kharif 1,30.22170091,75.16246616,Jute,Mar,Apr to Aug,Sep,486717,40,20.2,70,80,123.265
2891,5.545702,Netrokona,Kharif 2,27.20549421,72.12031817,Patal,Aug,Sep to Jan,Jan to Mar,6483,35,20.4,60,85,179.479
5668,5.924196,Panchagar,Kharif 2,19.19071172,76.90524477,Cauliflower,Sep,Nov to Jan,Feb,7052,30,8.0,69,85,227.56
1566,2.82975,Lalmonirhat,Kharif 2,27.69927357,71.86255886,Patal,Aug,Sep to Jan,Jan to Mar,0,35,19.9,60,85,182.331
5466,3.095593,CoxsBazar,Kharif 2,27.71841287,35.47968793,Arhar,Aug,Sep to Oct,Nov,1812,30,26.0,20,51,123.088
1240,3.134816,Tangail,Kharif 2,27.55557555,72.48644396,Patal,Aug,Sep to Jan,Jan to Mar,2650,34,19.9,59,85,234.853
2630,3.810874,Mymensingh,Kharif 1,31.63168267,68.3507174,Mango,Apr,No need to do,Apr to Jun,22181,36,27.1,50,90,66.167
5179,3.157584,Jhenaidah,Kharif 1,23.14472287,79.26664544,Jhinga,Apr,May to Jun,Jun to Aug,0,29,17.5,72,89,197.338
0,1.152357,Tangail,Kharif 2,22.58214439,82.21828063,Motor,Oct,Nov to Mar,Mar to Apr,1201,30,14.9,75,89,101.983
929,0.026176,Bagerhat,Kharif 2,24.90137966,72.68750532,Barbati,Sep,Oct to Dec,Dec to Apr,0,30,20.2,60,86,116.536
0,2.536784,Thakurgaon,Rabi,19.80084724,79.67555495,Laushak,Sep,Oct to Nov,Nov to Feb,0,25,14.7,70,91,90.682
2593,2.655052,Sunamganj,Kharif 2,24.85797221,72.92095774,Barbati,Sep,Oct to Dec,Dec to Apr,1205,30,20.1,60,84,69.644
0,,Meherpur,Kharif 2,26.54747104,74.56348073,Pineapple,Sep,Sep to May,Jun to Aug,0,35,17.8,71,81,80.405
1702,,Joypurhat,Rabi,27.45220208,85.2159997,Groundnut,Oct,Nov to Mar,Mar to Apr,0,35,19.7,80,89,189.488
0,2.433893,Bagerhat,Kharif 2,27.40146373,35.39541763,Gram,Aug,Sep to Oct,Nov,3698,35,19.2,25,46,203.737
0,,Satkhira,Kharif 2,17.82169682,68.08654625,Tobacco,Oct,Nov to Feb,Feb to Apr,604,20,15.3,50,84,86.422
0,15.085343,Rangamati,Kharif 1,29.69772792,79.45401635,Ripe Papaya,Apr,No need to do,Apr to May,3545,35,25.3,71,89,226.807
0,,Cumilla,Kharif 1,27.05852281,72.44846522,Maize 1,Mar,Apr to May,Jun to Jul,0,34,19.6,59,86,241.081
443,21.068329,Dinajpur,Kharif 1,34.34740819,82.23677745,Jack Fruit,Apr,No need to do,Apr to Jun,32539,47,21.7,70,95,192.579
0,1.934229,Rangpur,Kharif 1,22.66819993,81.01772985,Jhinga,Apr,May to Jun,Jun to Aug,900,27,18.2,70,91,358.039
0,3.849243,Kushtia,Rabi,19.46297291,66.78934473,Ginger,Oct,Nov to Mar,Mar to Apr,4820,24,14.6,61,74,148.796
2559,3.058006,Netrokona,Kharif 2,26.50067749,79.59424203,Gourd,Jul,Aug to Jan,Jan to Mar,1667,35,17.5,75,85,165.989
0,0.055859,Jamalpur,Kharif 2,27.83936539,35.0,Arhar,Aug,Sep to Oct,Nov,2698,30,25.5,21,50,201.785
0,3.296413,Pabna,Kharif 2,21.27780425,69.79865139,Palong Shak,Aug,Sep to Jan,Feb,4755,30,12.5,64,76,149.199
2614,276.882634,Kushtia,Kharif 1,34.38602695,82.90316686,Jack Fruit,Apr,No need to do,Apr to Jun,87094,47,21.7,71,95,226.839
2702,0.0,Natore,Kharif 2,22.78088851,83.1509631,Motor,Oct,Nov to Mar,Mar to Apr,3812,30,14.6,75,90,233.463
1192,2.677096,Barishal,Kharif 2,20.93704766,71.15741011,Puishak,Aug,Sep to Jan,Feb,5769,30,12.2,65,75,156.657
0,2.246062,Chattogram,Kharif 1,25.07872618,69.59971319,Wood Apple,May,Jun to Aug,Aug to Sep,67,30,20.2,61,79,211.418
1924,1.658558,Chapai Nawabganj,Kharif 1,22.9345484,79.33172638,Jhinga,Apr,May to Jun,Jun to Aug,0,28,17.7,71,90,148.477
0,1.635041,Jhallokati,Kharif 2,21.02297551,68.87351284,Palong Shak,Aug,Sep to Jan,Feb,719,30,11.8,65,76,97.75
134502,1.455538,Narsingdi,Rabi,25.97790671,73.39395838,Boro,Nov,Dec to Mar,Apr,208800,40,12.4,60,85,74.527
4117,1.259126,Lalmonirhat,Rabi,17.7139159,55.12321852,Wheat,Dec,Jan to Mar,Apr,5743,21,15.2,50,59,128.746
0,,Barguna,Kharif 2,17.59055095,67.08002486,Tobacco,Oct,Nov to Feb,Feb to Apr,313,20,15.0,49,85,157.692
3407,3.363355,Jamalpur,Rabi,19.76918942,67.68923854,Onion,Oct,Nov to Mar,Mar to Apr,7390,25,15.2,65,70,38.677
0,4.015814,Lalmonirhat,Kharif 1,16.01980752,67.99314019,Beans,Jun,Jul to Nov,Nov to Apr,3736,22,9.9,60,75,206.243
0,2.907496,Kishoreganj,Rabi,20.3492166,80.9825954,Laushak,Sep,Oct to Nov,Nov to Feb,5173,26,14.8,69,89,164.916
1070,4.469007,Joypurhat,Kharif 1,11.5794222,76.77346829,Mukhi Kachu,Apr,May to Sep,Sep to Feb,533,15,7.8,67,90,69.929
773,2.097652,Tangail,Rabi,25.05544802,79.47121994,Danta Shak,Mar,Apr to Aug,Sep,0,32,17.8,74,85,253.688
4194,1.260588,Chapai Nawabganj,Kharif 2,14.93299665,90.51083115,Lentil,Oct,Nov to Feb,Feb to Mar,0,20,9.7,86,95,152.147
4321,3.331412,Jashore,Kharif 2,26.35475815,74.87816642,Cucumber,Sep,Nov to Mar,Mar to Jun,3610,35,18.2,59,90,91.795
6639,16.583291,Chapai Nawabganj,Kharif 2,28.90911027,64.75622236,Sugarcane,Oct,Nov to Aug,Aug to Sep,59064,38,20.2,45,85,149.095
7472,10.018074,Chattogram,Kharif 2,30.08427126,79.65048878,Betelnut,Jul,Aug to Jan,Jan to Mar,8590,35,25.2,71,91,252.825
2752,2.446575,Lakshmipur,Kharif 1,25.23635014,73.02824501,Kakrol,Apr,May to Jul,Jul to Sep,5194,30,19.6,61,85,2.424
435,2.250877,Jamalpur,Rabi,25.55534815,86.75762529,Karala,Feb,Mar to Jul,Aug to Sep,0,27,23.8,85,90,57.143
5608,1.509097,Jhenaidah,Kharif 2,17.87642696,66.95892387,Tobacco,Oct,Nov to Feb,Feb to Apr,3254,20,14.8,50,85,17.337
59917,0.8119,Rangpur,Kharif 1,25.81056951,73.99375831,Aus,Mar,Apr to july,Aug,70216,40,12.2,61,84,101.546
47260,5.253687,Kurigram,Kharif 1,30.07011928,74.65928509,Jute,Mar,Apr to Aug,Sep,232457,40,20.1,70,80,163.68
176,2.203053,Bandarban,Kharif 2,20.98397352,69.77112162,Palong Shak,Aug,Sep to Jan,Feb,7131,30,11.8,64,74,161.341
0,0.0,Chandpur,Kharif 2,14.69044883,89.98541944,Lentil,Oct,Nov to Feb,Feb to Mar,1913,19,10.1,85,95,171.634
3859,1.598114,Bagerhat,Kharif 2,26.79460687,74.11622711,Pineapple,Sep,Sep to May,Jun to Aug,0,35,17.8,70,80,191.509
1182,15.728599,Munshiganj,Kharif 1,24.7410701,70.70542027,Green Coconut,May,Jun to Aug,Aug to Sep,815,30,20.0,59,80,254.569
2459,2.880969,Khulna,Rabi,20.19463825,58.88442434,Maize 2,Dec,Jan to Mar,Apr,3882,27,13.5,50,70,357.172
1971,2.097076,Jhallokati,Kharif 2,26.43437701,75.2828108,Cucumber,Sep,Nov to Mar,Mar to Jun,1756,35,18.5,60,90,127.111
0,0.847595,Brahmanbaria,Kharif 2,30.29615048,71.05783421,Mug,Feb,Mar to May,May,480,35,24.7,60,80,77.916
2691,3.474164,Barishal,Rabi,20.80626458,79.68280896,Sweet Potato,Nov,Dec to Mar,Apr,18995,24,17.1,69,90,73.528
86211,0.35341,Chuadanga,Kharif 2,26.26915798,72.46567425,Aman,Jun,Jul to Oct,Nov to Dec,101348,40,11.9,61,85,206.559
195,1.131791,Panchagar,Kharif 2,17.83438832,68.12617716,Tobacco,Oct,Nov to Feb,Feb to Apr,504,20,14.9,49,85,3.049
0,0.937182,Bandarban,Kharif 2,25.34004193,72.67281587,Barbati,Sep,Oct to Dec,Dec to Apr,0,30,20.1,60,85,193.05
0,8.893786,Chuadanga,Kharif 1,32.64540172,65.18486566,Taramind,Feb,Mar to Apr,Feb to May,4720,40,24.5,50,81,229.765
0,9.201228,Kurigram,Rabi,25.16853572,79.08506154,Banana,Jan,Jan to Jan,Jan,9963,35,14.9,75,85,251.148
7637,5.832848,Lalmonirhat,Kharif 1,30.38710735,75.32009072,Jute,Mar,Apr to Aug,Sep,47597,40,19.6,70,80,251.177
0,41.303144,Lakshmipur,Kharif 1,25.30475294,70.58977099,Green Papaya,Jun,Jun to Aug,Aug to Sep,6444,30,20.2,60,81,51.65
4609,2.801018,Rajshahi,Kharif 1,19.63640522,79.7799902,Pineapple,Apr,May to Jun,Jun to Sep,0,30,10.1,75,85,113.159
0,3.372785,Rangpur,Kharif 2,26.54812975,75.49778795,Pineapple,Sep,Sep to May,Jun to Aug,0,35,18.2,70,80,275.561
4188,0.686486,Jhallokati,Kharif 1,29.00055087,67.29175152,Guava,Apr,No need to do,Throughout The year,3259,35,22.6,50,85,247.734
3100,1.593319,Gazipur,Kharif 1,27.77808429,85.56844468,Malta,Jun,Jun to Aug,Aug to Sep,1783,35,20.5,80,90,149.637
56604,2.184752,Faridpur,Rabi,25.68589051,72.23329414,Boro,Nov,Dec to Mar,Apr,109502,40,12.4,60,86,107.861
0,4.171182,Madaripur,Kharif 2,27.301815,72.6846415,Patal,Aug,Sep to Jan,Jan to Mar,6393,35,20.1,60,86,66.91
4244,0.0,Noakhali,Kharif 2,27.37470917,35.01664301,Mashkalai,Aug,Sep to Oct,Nov,1801,35,20.1,24,46,186.398
324,2.7098,Panchagar,Kharif 2,26.43176321,74.90979251,Cucumber,Sep,Nov to Mar,Mar to Jun,0,35,17.9,61,90,109.425
8811,0.0,Barishal,Rabi,22.85219239,59.46069239,Chili,Oct,Nov to Mar,Mar to Apr,5573,30,14.4,50,70,73.943
353,1.957129,Jamalpur,Kharif 1,19.99410355,79.90499219,Chili,Apr,May to Jun,Jun to Sep,0,30,9.6,74,86,97.768
261,2.998664,Gaibandha,Kharif 2,15.70588342,85.79146382,Radish,Oct,Nov to Feb,Mar,1404,22,9.9,74,95,127.638
0,4.810831,Chattogram,Kharif 2,19.26963238,78.49037813,Cauliflower,Sep,Nov to Jan,Feb,7977,29,8.3,70,85,176.719
0,,Narail,Rabi,21.31864233,62.12803999,Cheena,Nov,Dec to Feb,Feb to Apr,0,25,17.4,39,86,218.133
663,5.364521,Dinajpur,Kharif 1,28.99134265,67.79729908,Guava,Apr,No need to do,Throughout The year,6382,36,23.4,49,85,193.891
547,3.335719,Gaibandha,Rabi,20.01525795,59.88603038,Pumpkin,Sep,Oct to Nov,Nov to Feb,3456,25,15.1,50,69,91.724
183732,0.157311,Rajshahi,Kharif 2,25.80922166,72.94731844,Aman,Jun,Jul to Oct,Nov to Dec,230823,40,11.4,60,85,136.025
2695,2.32517,Narsingdi,Kharif 1,19.92221236,80.24149934,Aman,Apr,May to Jun,Jun to Sep,1885,30,10.1,75,85,124.214
7260,19.065556,Kushtia,Kharif 2,28.79657803,64.38484722,Sugarcane,Oct,Nov to Aug,Aug to Sep,164731,38,19.8,46,86,131.907
0,4.965728,Pabna,Kharif 2,15.73517965,85.1637623,Radish,Oct,Nov to Feb,Mar,5379,22,10.3,75,94,147.397
0,4.34902,Moulvibazar,Rabi,20.54934208,78.92990716,Sweet Potato,Nov,Dec to Mar,Apr,534,24,17.0,70,90,322.457
0,3.94452,CoxsBazar,Kharif 2,17.40178327,75.67990564,Cabbage,Sep,Oct to Jan,Feb,1685,24,10.1,61,90,221.541
0,5.986152,Habiganj,Kharif 1,29.84379555,74.17989321,Jute,Mar,Apr to Aug,Sep,7268,39,20.1,70,80,111.048
566,0.613502,Sunamganj,Kharif 1,21.31595811,82.56009129,Dalim,Apr,No need to do,Throuout The year,0,38,5.1,69,95,174.459
0,3.173757,Jhenaidah,Rabi,20.29258122,58.66394003,Boroi,Oct,No need to do,Feb to Mar,0,25,15.0,50,70,178.949
0,1.207434,Panchagar,Kharif 1,20.2876155,72.85980002,Date Palm,Apr,No need to do,Feb to Mar,3384,35,5.7,61,85,145.907
0,2.393464,Panchagar,Kharif 2,27.35966688,72.03864641,Patal,Aug,Sep to Jan,Jan to Mar,1031,35,20.2,59,83,208.485
14907,12.019956,Lakshmipur,Kharif 2,30.0731953,80.39429957,Betelnut,Jul,Aug to Jan,Jan to Mar,150954,35,25.1,70,89,147.282
0,0.0,Nilphamari,Rabi,27.55501051,84.92643682,Groundnut,Oct,Nov to Mar,Mar to Apr,0,35,20.2,81,90,145.869
13873,0.264896,Kurigram,Kharif 1,26.13863743,73.02992848,Aus,Mar,Apr to july,Aug,15141,41,12.1,61,85,209.121
2748,1.3919,Rajshahi,Kharif 2,30.39932884,70.85833568,Mug,Feb,Mar to May,May,903,35,24.9,60,81,195.607
1500,8.650102,Brahmanbaria,Kharif 2,18.93546471,77.92056053,Cauliflower,Sep,Nov to Jan,Feb,7867,30,8.1,71,84,185.625
0,2.139523,Jhallokati,Kharif 1,27.074889,84.16562024,Malta,Jun,Jun to Aug,Aug to Sep,5364,35,20.1,80,90,185.184
2442,2.850629,Tangail,Rabi,24.92449774,79.44545848,Danta,Mar,Apr to Aug,Sep,1936,32,18.1,75,85,114.348
2881,2.485908,Sirajganj,Kharif 2,30.16720758,78.9373017,Betelnut,Jul,Aug to Jan,Jan to Mar,0,35,25.3,69,91,177.064
0,11.950749,Jhenaidah,Kharif 1,27.21305598,80.81034565,Jambura,Apr,No need to do,May to Jun,2896,30,24.6,70,90,213.671
733,0.115665,Sylhet,Rabi,30.99491398,44.60769413,Sesame,Nov,Dec to Jan,Feb,0,35,26.9,41,50,210.924
27722,1.272529,Feni,Kharif 1,26.10686456,72.77047536,Aus,Mar,Apr to july,Aug,25741,41,11.9,59,85,183.699
863,2.331385,Cumilla,Rabi,19.72100818,79.96164707,Laushak,Sep,Oct to Nov,Nov to Feb,2805,25,14.9,70,89,99.955
3930,9.812344,Chandpur,Kharif 2,28.96820329,65.09182065,Sugarcane,Oct,Nov to Aug,Aug to Sep,14186,38,19.9,46,85,262.554
0,,Munshiganj,Rabi,20.36301506,67.4765305,Ginger,Oct,Nov to Mar,Mar to Apr,0,26,15.5,61,76,120.132
2607,2.971466,Chuadanga,Kharif 2,24.93858845,73.20997679,Barbati,Sep,Oct to Dec,Dec to Apr,4227,30,20.7,60,84,210.118
1450,1.745653,Chandpur,Rabi,20.92025298,62.22533015,Cheena,Nov,Dec to Feb,Feb to Apr,1415,26,17.2,39,86,213.388
0,39.228467,Naogaon,Kharif 1,34.50908668,81.76841992,Jack Fruit,Apr,No need to do,Apr to Jun,9181,46,22.5,69,96,12.551
248,0.647984,Jhallokati,Kharif 2,24.77163294,70.26912999,Black Berry,Jun,Jul to Aug,Jun to Sep,1710,30,20.1,64,75,220.092
9011,0.0,Barishal,Kharif 2,29.66615265,80.17195108,Betelnut,Jul,Aug to Jan,Jan to Mar,575,35,24.5,69,90,139.345
3952,4.17894,Feni,Rabi,21.08852458,80.12791323,Sweet Potato,Nov,Dec to Mar,Apr,2309,24,17.3,70,90,177.774
3356,2.617396,Narayanganj,Kharif 2,23.77339193,60.96397841,Oal Kachu,Sep,Oct to Dec,Dec to Feb,2608,32,14.8,52,69,80.481
21091,2.06159,Kurigram,Rabi,17.57947167,55.02526176,Wheat,Dec,Jan to Mar,Apr,24615,20,15.7,49,60,166.977
2940,0.948027,Kurigram,Kharif 2,15.03982942,88.89714721,Lentil,Oct,Nov to Feb,Feb to Mar,0,20,10.2,85,96,177.43
0,0.729523,Jhallokati,Kharif 1,25.07915997,72.45561354,Kakrol,Apr,May to Jul,Jul to Sep,6291,30,19.7,60,85,180.949
0,0.39631,Shariatpur,Kharif 2,29.94997812,69.44109371,Mug,Feb,Mar to May,May,1947,35,24.5,60,79,180.344
1995,4.49451,Tangail,Kharif 2,15.90129266,85.54751348,Radish,Oct,Nov to Feb,Mar,11302,22,10.3,75,95,160.578
289,9.248272,Mymensingh,Rabi,20.01713712,59.57094199,Pumpkin,Sep,Oct to Nov,Nov to Feb,7188,25,14.9,49,69,132.693
0,,Patuakhali,Kharif 1,30.01309119,75.71017444,Jute,Mar,Apr to Aug,Sep,0,40,19.9,70,80,159.3
2605,0.0,Chattogram,Kharif 2,14.90572115,90.56141701,Lentil,Oct,Nov to Feb,Feb to Mar,0,20,10.0,86,94,117.804
0,7.760209,Joypurhat,Rabi,24.57820242,79.99211115,Banana,Jan,Jan to Jan,Jan,4541,35,15.2,76,85,76.464
1409,,Kushtia,Kharif 2,14.2955128,82.80705793,Shalgom,Sep,Oct to Nov,Nov to Feb,0,25,5.2,69,96,226.093
0,2.365282,Dinajpur,Rabi,20.13284203,60.50934031,Boroi,May,No need to do,Feb to Mar,10,25,14.6,51,69,271.85
0,0.364864,Gopalganj,Rabi,20.11842992,66.33719436,Ginger,Oct,Nov to Mar,Mar to Apr,2694,25,14.9,59,74,244.422
1474,9.528024,Kurigram,Kharif 2,24.50102542,69.3299438,Black Berry,Jun,Jul to Aug,Jun to Sep,0,30,20.0,66,75,241.617
2967,,Lakshmipur,Kharif 2,14.42864847,82.74787113,Shalgom,Sep,Oct to Nov,Nov to Feb,1041,24,5.0,71,95,177.966
1511,5.351014,Panchagar,Kharif 2,26.72401293,80.31405723,Gourd,Jul,Aug to Jan,Jan to Mar,3865,34,18.0,76,85,232.989
0,4.708879,Chattogram,Kharif 1,11.5,77.71101394,Mukhi Kachu,Apr,May to Sep,Sep to Feb,6271,15,7.7,65,89,28.769
2237,1.692468,Faridpur,Rabi,20.2743773,80.76292131,Laushak,Sep,Oct to Nov,Nov to Feb,3335,25,15.0,70,91,148.626
0,0.68424,Magura,Kharif 2,27.40976172,35.0,Mashkalai,Aug,Sep to Oct,Nov,0,35,20.4,25,45,132.717
0,6.11195,Rangamati,Kharif 1,27.59865759,79.16858077,Jambura,Apr,No need to do,May to Jun,3530,30,25.2,70,90,188.81
0,2.161175,Moulvibazar,Kharif 2,24.92558493,72.78338803,Barbati,Sep,Oct to Dec,Dec to Apr,4398,30,19.7,60,84,86.805
2648,3.345766,Chattogram,Kharif 2,25.0078919,70.53070273,Black Berry,Jun,Jul to Aug,Jun to Sep,937,30,19.9,65,75,128.625
3940,2.047134,Bandarban,Rabi,20.0607913,60.02702251,Pumpkin,Sep,Oct to Nov,Nov to Feb,5058,25,15.4,49,71,0.0
0,4.999397,Gaibandha,Kharif 2,25.4728621,69.93964658,Black Berry,Jun,Jul to Aug,Jun to Sep,2903,30,19.7,65,76,319.891
0,0.484784,Bogura,Kharif 2,25.10252615,72.82496873,Barbati,Sep,Oct to Dec,Dec to Apr,3053,30,20.3,58,85,112.625
2396,3.305062,Manikganj,Kharif 1,22.66347651,75.14840985,Chalkumra,Mar,Apr to Jul,Jul to Oct,0,26,18.0,64,85,204.72
10185,4.551252,Naogaon,Rabi,19.89372708,67.49199306,Onion,Oct,Nov to Mar,Mar to Apr,23399,24,14.8,64,71,135.747
847,0.817664,Kurigram,Kharif 2,15.18061338,89.25371547,Lentil,Oct,Nov to Feb,Feb to Mar,4952,20,9.7,86,94,175.588
0,0.415839,Bagerhat,Kharif 1,15.86654233,67.57802295,Beans,Jun,Jul to Nov,Nov to Apr,0,22,10.0,59,75,155.343
0,1.583097,CoxsBazar,Kharif 1,21.42734095,82.40228904,Dalim,Apr,No need to do,Throuout The year,1178,38,5.1,70,94,157.395
1282,1.777598,Thakurgaon,Kharif 2,26.28317705,75.01403909,Cucumber,Sep,Nov to Mar,Mar to Jun,236,35,17.8,60,89,206.384
1814,0.0,Thakurgaon,Kharif 2,14.72037695,90.64138225,Lentil,Oct,Nov to Feb,Feb to Mar,5339,20,9.9,85,94,122.658
0,0.167428,Jhenaidah,Kharif 2,27.66927821,35.0,Gram,Aug,Sep to Oct,Nov,0,36,19.8,25,46,79.907
0,3.810705,Gazipur,Kharif 1,20.38212178,71.90918761,Date Palm,Apr,No need to do,Feb to Mar,536,35,5.8,59,85,207.525
649,5.693761,Brahmanbaria,Kharif 2,26.73677404,80.11092407,Gourd,Jul,Aug to Jan,Jan to Mar,0,35,17.6,75,86,138.521
0,12.295567,Jhenaidah,Kharif 1,29.58315456,67.54959253,Guava,Apr,No need to do,Throuout The year,3136,35,23.3,49,86,126.129
3590,4.442636,Jhenaidah,Kharif 2,26.30103553,79.09388951,Gourd,Jul,Aug to Jan,Jan to Mar,5221,35,17.8,74,85,104.399
415,1.389191,Chapai Nawabganj,Rabi,17.23661326,76.72250629,Lemon,Jan,Jan to Jan,Jan,0,25,10.2,59,95,238.544
1847,1.544924,Khulna,Kharif 1,32.1195789,64.94167112,Taramind,Feb,Mar to Apr,Feb to May,1444,40,24.9,50,81,179.802
4563,3.403857,Gaibandha,Rabi,24.7560441,79.83860065,Danta,Mar,Apr to Aug,Sep,0,32,17.9,77,86,94.867
66,28.826388,CoxsBazar,Kharif 2,30.12989785,75.79705439,Green Palmyra,Apr,No need to do,May,0,35,25.0,60,90,150.456
0,3.565431,Thakurgaon,Kharif 2,26.79880115,78.96549822,Gourd,Jul,Aug to Jan,Jan to Mar,0,35,18.1,76,84,69.555
0,3.813504,Manikganj,Rabi,19.93307892,79.47228544,Laushak,Sep,Oct to Nov,Nov to Feb,0,25,14.8,70,90,220.388
3696,1.070177,Munshiganj,Kharif 1,26.48870551,71.79564881,Aus,Mar,Apr to july,Aug,1046,40,11.9,60,86,87.515
1308,5.079381,Nilphamari,Kharif 2,16.25468399,85.21100422,Radish,Oct,Nov to Feb,Mar,1985,22,10.1,75,96,173.964
45809,1.876206,Panchagar,Rabi,18.00978509,55.59247955,Wheat,Dec,Jan to Mar,Apr,60058,21,15.4,50,60,46.466
126,1.559108,Shariatpur,Kharif 1,24.8421056,70.01700352,Wood Apple,May,Jun to Aug,Aug to Sep,3664,31,20.1,60,81,12.064
0,0.0,Moulvibazar,Kharif 2,28.00934964,35.0,Arhar,Aug,Sep to Oct,Nov,0,30,25.8,20,50,151.531
1773,,Madaripur,Kharif 2,26.81827119,75.22457063,Pineapple,Sep,Sep to May,Jun to Aug,0,35,18.0,69,81,177.051
0,1.062835,Netrokona,Rabi,24.88373943,79.43444592,Danta Shak,Mar,Apr to Aug,Sep,0,32,17.9,75,84,87.478
2186,3.249108,Lakshmipur,Kharif 2,26.56442153,79.14691876,Gourd,Jul,Aug to Jan,Jan to Mar,4796,35,17.9,75,84,259.089
0,0.148938,Kurigram,Rabi,25.01119439,80.39466787,Danta,Mar,Apr to Aug,Sep,435,32,18.4,76,85,156.861
0,1.856275,Faridpur,Kharif 1,25.0948224,69.48126378,Wood Apple,May,Jun to Aug,Aug to Sep,0,30,19.8,60,79,183.147
3035,1.117069,Bandarban,Kharif 2,30.00898497,80.65754588,Betelnut,Jul,Aug to Jan,Jan to Mar,2921,34,25.2,70,90,189.224
94825,3.066261,Bhola,Rabi,25.92908838,72.44928476,Boro,Nov,Dec to Mar,Apr,145581,40,11.9,61,85,84.095
980,5.120962,Gazipur,Kharif 2,23.09254257,61.33577142,Oal Kachu,Sep,Oct to Dec,Dec to Feb,2006,32,14.7,53,70,97.571
2843,0.747394,Jhallokati,Kharif 2,30.37854332,69.69902114,Mug,Feb,Mar to May,May,3149,35,25.1,60,80,35.736
1078,7.333566,Rangpur,Rabi,20.21814877,59.98341191,Palmyra Palm,Sep,Oct to Nov,Nov to Feb,2186,25,15.4,50,70,112.946
976,0.524959,Lalmonirhat,Kharif 2,14.92676548,91.19242823,Lentil,Oct,Nov to Feb,Feb to Mar,0,20,10.0,85,95,49.924
0,3.324445,Noakhali,Kharif 1,23.65370386,70.11988627,Safeda,Apr,No need to do,Jan to Mar,1515,38,10.0,61,79,245.226
0,2.318822,Khagrachari,Rabi,24.88766284,80.52680108,Danta,Mar,Apr to Aug,Sep,0,32,17.6,74,84,107.672
1285,2.676701,Tangail,Kharif 1,24.86420084,71.89453385,Kakrol,Apr,May to Jul,Jul to Sep,0,30,20.7,59,84,95.877
1008,,Tangail,Kharif 2,23.82961298,60.48541675,Oal Kachu,Sep,Oct to Dec,Dec to Feb,0,32,15.0,52,71,63.645
653,0.623716,Feni,Kharif 1,27.38138608,90.32623064,Kolmi Shak,Mar,Apr to Aug,Sep to Oct,6374,34,20.1,81,100,95.775
401867,2.282661,Kishoreganj,Rabi,26.21166909,72.92562313,Boro,Nov,Dec to Mar,Apr,695957,40,12.4,60,85,218.218
0,3.82088,Bogura,Kharif 1,32.88053866,65.9532267,Taramind,Feb,Mar to Apr,Feb to May,1181,40,24.9,50,81,258.527
1779,0.0,Rangamati,Rabi,20.966408,62.6677386,Cheena,Nov,Dec to Feb,Feb to Apr,0,25,16.8,41,85,104.802
0,3.453509,Gazipur,Kharif 1,25.0376479,69.85766921,Green Coconut,May,Jun to Aug,Aug to Sep,0,30,20.1,60,79,210.212
627,0.383137,Joypurhat,Rabi,30.98218701,44.71681687,Sesame,Nov,Dec to Jan,Feb,0,35,26.9,39,50,85.404
1048,11.585988,Lalmonirhat,Kharif 2,28.8419803,66.17249657,Sugarcane,Oct,Nov to Aug,Aug to Sep,7809,38,20.3,45,85,147.528
1236,0.0,Madaripur,Kharif 1,24.86874146,69.76288856,Wood Apple,May,Jun to Aug,Aug to Sep,0,30,19.9,59,81,116.976
71,0.428903,Habiganj,Kharif 2,27.387786,35.43625257,Mashkalai,Aug,Sep to Oct,Nov,2076,35,20.0,26,45,181.734
1367,1.472356,Jamalpur,Kharif 2,14.43273948,82.83483172,Shalgom,Sep,Oct to Nov,Nov to Feb,3440,24,5.0,70,95,153.229
0,1.058647,Faridpur,Kharif 2,17.29000068,66.10388666,Carrot,Oct,Nov to Feb,Mar,3903,21,14.9,48,85,125.749
4766,1.209905,Narail,Kharif 2,29.66548838,70.13320422,Mug,Feb,Mar to May,May,0,35,24.7,59,80,42.106
0,,Munshiganj,Kharif 2,23.74982957,60.31338269,Oal Kachu,Sep,Oct to Dec,Dec to Feb,0,32,15.1,52,70,169.257
0,0.0,Panchagar,Rabi,20.34117803,60.3217715,Palmyra Palm,Sep,Oct to Nov,Nov to Feb,0,25,15.2,50,70,182.667
3760,3.484025,Bhola,Rabi,20.3603822,79.98594975,Sweet Potato,Nov,Dec to Mar,Apr,15335,24,17.2,70,90,149.04
0,4.041314,Jamalpur,Rabi,19.86342918,74.32273354,Lal Shak,Sep,Oct to Nov,Nov to Feb,3882,24,14.5,71,80,139.404
0,9.481997,Kurigram,Kharif 2,25.18640999,69.99861643,Black Berry,Jun,Jul to Aug,Jun to Sep,0,30,20.4,66,76,243.666
1718,,Natore,Kharif 2,26.33103685,73.73050948,Pineapple,Sep,Sep to May,Jun to Aug,1618,35,17.8,71,79,225.628
29554,1.464002,Dinajpur,Kharif 2,22.46796043,75.41490126,Rape & Mustard,Oct,Nov to Feb,Feb to Apr,10988,30,14.9,65,86,79.099
1638,20.278357,Chandpur,Kharif 1,27.84268247,79.86776289,Jambura,Apr,No need to do,May to Jun,1958,30,25.1,70,91,172.525
1108,6.671659,Jhallokati,Kharif 2,29.21209821,65.47489115,Sugarcane,Oct,Nov to Aug,Aug to Sep,0,38,19.8,45,86,106.139
0,1.680722,Chattogram,Kharif 1,21.24639051,82.83777646,Dalim,Apr,No need to do,Throuout The year,0,38,5.0,69,95,260.248
58107,2.364278,Mymensingh,Kharif 1,26.05390792,72.62803082,Aus,Mar,Apr to july,Aug,57333,40,12.5,59,85,210.498
0,3.701609,Dinajpur,Rabi,25.84571612,87.27346667,Karala,Feb,Mar to Jul,Aug to Sep,2117,27,24.3,85,89,55.86
0,0.915185,Jhallokati,Rabi,24.71600165,79.17357997,Danta,Mar,Apr to Aug,Sep,0,32,17.9,76,85,200.684
1850,5.435697,Gaibandha,Kharif 2,16.88979709,74.70727107,Cabbage,Sep,Oct to Jan,Feb,570,24,10.0,60,90,74.455
2245,3.042551,Jhallokati,Kharif 1,24.86272232,70.52885909,Green Coconut,May,Jun to Aug,Aug to Sep,7188,30,20.0,61,80,16.273
3552,2.937485,Kushtia,Rabi,19.91674738,60.44278794,Boroi,Dec,No need to do,Feb to Mar,133,25,14.5,50,69,94.673
12,2.374478,Narail,Kharif 2,20.75813458,70.17235603,Palong Shak,Aug,Sep to Jan,Feb,2007,30,12.0,66,75,155.225
5,1.27648,Dinajpur,Kharif 2,14.34776827,82.46581428,Shalgom,Sep,Oct to Nov,Nov to Feb,0,24,5.0,70,95,103.306
3076,1.429418,Faridpur,Kharif 1,15.81451009,67.60588816,Beans,Jun,Jul to Nov,Nov to Apr,1567,22,9.8,59,75,242.942
13703,0.404831,Magura,Kharif 1,25.98984701,72.14764132,Aus,Mar,Apr to july,Aug,7492,40,11.8,60,86,224.279
365393,1.98357,Cumilla,Rabi,25.8284347,71.95710625,Boro,Nov,Dec to Mar,Apr,652012,40,12.0,60,85,179.188
0,4.848067,Bogura,Kharif 2,16.10339592,84.02481901,Radish,Oct,Nov to Feb,Mar,7935,22,9.9,74,96,220.168
817,2.07847,Bogura,Kharif 1,15.90992551,68.62308961,Beans,Jun,Jul to Nov,Nov to Apr,8538,22,10.0,60,74,124.95
3449,,Jhallokati,Kharif 1,26.98174118,71.83037553,Maize 1,Mar,Apr to May,Jun to Jul,0,34,20.0,61,85,153.605
1864,0.0,Barishal,Kharif 2,27.69163402,35.03137306,Mashkalai,Aug,Sep to Oct,Nov,0,35,20.4,26,45,259.292
0,0.206917,Kushtia,Rabi,27.60153446,84.743445,Groundnut,Oct,Nov to Mar,Mar to Apr,6527,35,19.9,80,89,164.311
0,5.802385,Chuadanga,Kharif 2,29.82298123,74.97512837,Green Palmyra,Apr,No need to do,May,4494,34,25.4,60,90,190.561
3572,15.392597,Noakhali,Kharif 1,25.10377021,70.25849558,Green Coconut,May,Jun to Aug,Aug to Sep,19348,30,19.5,61,81,144.119
697,17.690159,Dinajpur,Kharif 1,29.95195013,79.62150667,Ripe Papaya,Apr,No need to do,Apr to May,507,35,24.6,70,90,191.8
115,0.185132,Chandpur,Rabi,20.7390029,62.52075256,Cheena,Nov,Dec to Feb,Feb to Apr,3994,25,17.0,40,85,214.044
13692,5.356826,Bogura,Rabi,22.28345744,59.53234037,Chili,Oct,Nov to Mar,Mar to Apr,63667,30,14.9,51,70,182.962
0,0.002953,Gazipur,Rabi,20.47943258,59.37704774,Boroi,Aug,No need to do,Feb to Mar,0,25,14.9,49,70,112.992
392,2.618722,Nilphamari,Kharif 2,29.78213106,79.77034276,Jamrul,Jun,Jul to Aug,Jun to Sep,0,35,25.5,70,89,187.371
804,,Gazipur,Rabi,20.85295614,61.87103601,Cheena,Nov,Dec to Feb,Feb to Apr,0,25,17.0,40,85,81.762
7673,18.766535,Pabna,Kharif 2,28.73607055,64.34839661,Sugarcane,Oct,Nov to Aug,Aug to Sep,152927,38,20.0,45,85,146.368
144697,0.960418,Khulna,Rabi,25.70078331,72.19030231,Boro,Nov,Dec to Mar,Apr,242157,40,12.0,60,85,255.784
0,2.940697,Khulna,Rabi,19.84460208,79.17958838,Laushak,Sep,Oct to Nov,Nov to Feb,0,25,14.5,70,90,184.967
13603,2.678339,Chandpur,Rabi,20.59705709,60.8979308,Maize 2,Dec,Jan to Mar,Apr,35271,27,14.4,50,70,88.368
1193,5.617751,Nilphamari,Kharif 2,18.97800855,78.90466037,Cauliflower,Sep,Nov to Jan,Feb,10424,30,8.2,69,85,242.422
0,4.723151,Habiganj,Kharif 1,25.37842621,68.65617975,Amra,Jun,Jun to Aug,Aug to Sep,684,30,20.6,60,80,145.719
0,,Barishal,Kharif 1,27.08461864,72.26514109,Maize 1,Mar,Apr to May,Jun to Jul,0,34,20.2,59,85,167.506
2926,,CoxsBazar,Kharif 2,23.06004085,62.65281491,Oal Kachu,Sep,Oct to Dec,Dec to Feb,113,32,15.0,52,70,237.683
0,0.657686,Jashore,Rabi,24.72965337,80.3885053,Danta Shak,Mar,Apr to Aug,Sep,6134,32,18.1,75,86,198.688
1120,1.290466,Rangpur,Kharif 1,20.37286462,80.19936533,Dalim,Apr,May to Jun,Jun to Sep,811,30,10.0,74,85,139.028
1272,1.350545,Feni,Kharif 1,21.87867145,82.61330225,Dalim,Apr,No need to do,Throuout The year,0,38,5.0,70,95,120.846
2912,1.584858,Chapai Nawabganj,Kharif 2,24.95265556,72.36620169,Barbati,Sep,Oct to Dec,Dec to Apr,511,30,20.0,60,86,177.915
2476,0.52312,Jashore,Kharif 2,29.9109037,70.14034371,Mug,Feb,Mar to May,May,3799,36,24.8,61,80,94.512
22858,2.17706,Bhola,Rabi,22.52113116,60.42412122,Chili,Oct,Nov to Mar,Mar to Apr,13250,30,15.1,50,70,80.782
0,4.508116,Mymensingh,Kharif 2,21.26224193,69.8135772,Palong Shak,Aug,Sep to Jan,Feb,2937,30,11.7,65,75,185.13
0,7.184839,Chandpur,Kharif 1,24.82303915,70.15144916,Amra,Jun,Jun to Aug,Aug to Sep,6635,30,20.0,60,80,110.056
0,,Dhaka,Kharif 2,28.02706041,35.0,Arhar,Aug,Sep to Oct,Nov,0,30,25.5,20,50,260.976
0,0.271126,Thakurgaon,Rabi,25.0044953,80.92157843,Danta Shak,Mar,Apr to Aug,Sep,0,32,18.2,76,85,97.116
0,3.108746,Bogura,Kharif 2,27.82543622,71.69129483,Patal,Aug,Sep to Jan,Jan to Mar,2508,35,19.8,60,85,121.31
880,1.279051,Rangpur,Kharif 1,16.01759643,67.63219361,Beans,Jun,Jul to Nov,Nov to Apr,0,22,9.8,60,75,190.717
140,0.870457,Joypurhat,Kharif 1,24.96872465,69.00955611,Green Coconut,May,Jun to Aug,Aug to Sep,4642,30,20.1,60,79,123.529
0,3.195438,Barguna,Kharif 2,28.75295153,65.23980566,Sugarcane,Oct,Nov to Aug,Aug to Sep,3652,38,19.9,44,84,227.727
0,3.814612,Lakshmipur,Kharif 2,17.27544692,74.72769516,Cabbage,Sep,Oct to Jan,Feb,939,24,10.2,60,91,157.783
4705,0.0,Rangpur,Kharif 2,22.34379017,81.39168158,Motor,Oct,Nov to Mar,Mar to Apr,0,31,15.1,75,91,126.93
3862,1.984914,Kishoreganj,Kharif 2,22.71295823,74.48988466,Rape & Mustard,Oct,Nov to Feb,Feb to Apr,3393,30,14.9,64,86,79.801
1017,14.434687,Manikganj,Kharif 1,25.09095433,69.05258947,Green Papaya,Jun,Jun to Aug,Aug to Sep,1940,30,20.1,60,80,124.066
0,1.990508,Moulvibazar,Kharif 1,32.46775407,65.68954063,Taramind,Feb,Mar to Apr,Feb to May,321,40,25.4,51,80,145.011
1012,2.710248,Jashore,Kharif 1,22.87755556,79.75926036,Jhinga,Apr,May to Jun,Jun to Aug,5027,28,18.0,71,90,124.657
0,2.181874,Dhaka,Kharif 1,25.018217,69.93087895,Wood Apple,May,Jun to Aug,Aug to Sep,935,30,19.8,61,79,94.519
48,9.949436,Panchagar,Kharif 1,27.39694834,79.52436063,Jambura,Apr,No need to do,May to Jun,4562,31,24.7,70,89,114.059
1066,3.308223,Lalmonirhat,Kharif 2,27.49140987,73.110028,Patal,Aug,Sep to Jan,Jan to Mar,83,35,19.9,58,86,183.346
2568,12.631626,Nilphamari,Rabi,19.66191278,60.36214713,Palmyra Palm,Sep,Oct to Nov,Nov to Feb,5347,25,14.6,50,69,124.568
2587,0.939297,Khagrachari,Kharif 1,19.98665988,80.13690078,Cauliflower,Apr,May to Jun,Jun to Sep,0,30,9.7,75,86,92.993
0,4.701722,Joypurhat,Kharif 2,19.19952768,77.6142262,Cauliflower,Sep,Nov to Jan,Feb,4768,30,8.1,70,85,35.203
1732,4.953194,Shariatpur,Kharif 2,21.27568588,70.61047367,Puishak,Aug,Sep to Jan,Feb,951,30,11.4,66,75,143.788
0,1.468332,Lalmonirhat,Kharif 1,20.74004582,72.56420364,Date Palm,Apr,No need to do,Feb to Mar,0,35,6.1,61,85,194.027
1150,1.36543,Rangpur,Rabi,27.35910089,85.17467164,Groundnut,Oct,Nov to Mar,Mar to Apr,0,35,19.9,80,91,239.328
94,4.198752,Narsingdi,Kharif 2,26.37332635,74.8512418,Cucumber,Sep,Nov to Mar,Mar to Jun,401,36,17.7,61,89,132.222
3173,2.05941,Sunamganj,Kharif 1,20.08616364,80.17946905,Cucumber,Apr,May to Jun,Jun to Sep,2890,30,10.3,76,84,172.987
7079,1.942699,Gazipur,Kharif 1,28.99696788,66.72712752,Guava,Apr,No need to do,Throuout The year,3785,35,23.3,50,85,189.756
1546,1.509111,Khagrachari,Kharif 1,27.21918076,90.48218464,Kolmi Shak,Mar,Apr to Aug,Sep to Oct,0,35,19.8,80,100,204.176
0,27.191298,Faridpur,Kharif 2,30.32216841,75.54847607,Green Palmyra,Apr,No need to do,May,4708,35,25.3,59,90,0.0
0,4.64211,Magura,Kharif 2,23.87208536,60.35972667,Oal Kachu,Sep,Oct to Dec,Dec to Feb,0,32,14.9,52,70,165.144
0,14.043074,Jhenaidah,Kharif 1,25.07230465,69.44133776,Amra,Jun,Jun to Aug,Aug to Sep,7652,30,19.7,60,79,196.787
1359,1.502015,Chandpur,Rabi,24.80330261,80.18442459,Danta,Mar,Apr to Aug,Sep,1837,32,17.8,75,86,67.975
2218,1.308946,Gopalganj,Kharif 1,22.87703151,80.5231914,Jhinga,Apr,May to Jun,Jun to Aug,0,28,18.1,70,90,157.417
0,3.266794,Feni,Kharif 1,26.89276743,72.30750991,Maize 1,Mar,Apr to May,Jun to Jul,777,34,20.4,61,85,131.204
0,2.415409,Kishoreganj,Kharif 1,23.1540695,80.64383396,Jhinga,Apr,May to Jun,Jun to Aug,2028,28,17.9,70,90,78.136
0,5.081484,Narail,Rabi,20.5209319,79.24246732,Sweet Potato,Nov,Dec to Mar,Apr,3049,24,16.6,70,90,72.488
0,1.208906,Gaibandha,Kharif 1,32.70912465,65.93859317,Taramind,Feb,Mar to Apr,Feb to May,0,40,24.8,49,81,158.085
552,2.008626,Narsingdi,Kharif 2,30.27312915,79.64105767,Betelnut,Jul,Aug to Jan,Jan to Mar,1678,35,24.9,68,90,187.839
0,9.113466,Bagerhat,Kharif 1,27.50896521,78.48586885,Jambura,Apr,No need to do,May to Jun,0,30,25.0,70,90,142.696
0,5.063527,Narail,Kharif 2,30.25410716,79.36502902,Betelnut,Jul,Aug to Jan,Jan to Mar,6439,35,24.5,70,90,49.778
0,,Gaibandha,Kharif 1,24.27899377,69.45865707,Safeda,Apr,No need to do,Jan to Mar,3821,38,10.4,60,80,168.954
46998,0.0,Pabna,Kharif 2,22.33926003,74.59639723,Rape & Mustard,Oct,Nov to Feb,Feb to Apr,18967,30,15.4,65,85,167.81
506,4.167847,Rangpur,Rabi,20.23882648,60.81776443,Pumpkin,Sep,Oct to Nov,Nov to Feb,6243,25,15.0,49,71,188.107
750,5.362989,Sherpur,Rabi,20.33663837,59.28050543,Palmyra Palm,Sep,Oct to Nov,Nov to Feb,4356,25,15.0,50,69,74.632
2021,2.093167,Gazipur,Kharif 1,22.80750933,79.92301601,Jhinga,Apr,May to Jun,Jun to Aug,2208,29,17.8,70,89,152.124
6689,4.768828,Moulvibazar,Kharif 2,26.68123475,74.45707801,Pineapple,Sep,Sep to May,Jun to Aug,4637,35,17.9,70,80,121.087
2339,2.51105,Lakshmipur,Kharif 1,25.58549749,72.56259137,Kakrol,Apr,May to Jul,Jul to Sep,0,30,20.3,60,85,0.0
0,15.0286,Rangpur,Kharif 2,24.97217492,70.1049024,Black Berry,Jun,Jul to Aug,Jun to Sep,1781,30,20.3,65,75,201.859
0,5.146721,Munshiganj,Kharif 2,19.14430547,76.8741688,Cauliflower,Sep,Nov to Jan,Feb,0,30,7.8,69,84,96.102
3619,4.171532,Jamalpur,Kharif 1,22.26757663,74.87992674,Chalkumra,Mar,Apr to Jul,Jul to Oct,1289,27,18.0,65,86,127.701
514,4.143859,Munshiganj,Rabi,20.36130576,80.00602095,Sweet Potato,Nov,Dec to Mar,Apr,0,24,17.4,71,90,110.847
1704,4.211891,Kushtia,Rabi,25.01054633,79.45990834,Danta,Mar,Apr to Aug,Sep,2699,32,17.6,76,85,76.574
696,3.942867,Kushtia,Kharif 1,24.6967815,69.42895888,Wood Apple,May,Jun to Aug,Aug to Sep,4466,30,20.0,59,81,195.687
1224,5.30525,Kushtia,Kharif 1,24.78602264,70.22956023,Wood Apple,May,Jun to Aug,Aug to Sep,0,30,19.9,59,81,190.431
0,3.944238,Naogaon,Kharif 1,23.18554293,80.40009964,Jhinga,Apr,May to Jun,Jun to Aug,556,28,17.7,69,90,156.285
1921,4.88651,Brahmanbaria,Kharif 1,29.94899379,75.23159723,Jute,Mar,Apr to Aug,Sep,31888,40,20.2,71,80,93.341
0,4.228033,Sherpur,Kharif 2,25.07623426,69.98039782,Black Berry,Jun,Jul to Aug,Jun to Sep,0,30,19.7,65,75,216.77
1626,1.226771,Narsingdi,Kharif 2,20.72712295,70.74681894,Palong Shak,Aug,Sep to Jan,Feb,0,30,11.9,65,75,219.615
1705,0.0,Nilphamari,Rabi,20.97041409,62.49480289,Cheena,Nov,Dec to Feb,Feb to Apr,907,25,17.3,40,85,162.582
3032,1.930989,Barguna,Kharif 2,24.68026225,72.51848948,Barbati,Sep,Oct to Dec,Dec to Apr,1778,30,20.0,60,85,100.894
2037,2.681634,Madaripur,Kharif 1,25.39115868,70.5823965,Wood Apple,May,Jun to Aug,Aug to Sep,0,30,20.3,60,80,119.744
71,1.920695,Patuakhali,Kharif 2,29.94245887,79.29712125,Jamrul,Jun,Jul to Aug,Jun to Sep,1479,35,24.9,70,91,179.373
2113,3.252165,Faridpur,Kharif 2,25.0444618,69.6071099,Black Berry,Jun,Jul to Aug,Jun to Sep,2304,30,19.8,65,76,220.706
10311,4.190164,Bogura,Rabi,22.50311917,60.52535051,Chili,Oct,Nov to Mar,Mar to Apr,68425,31,14.7,49,70,181.549
384,2.990826,Rangamati,Kharif 1,19.94415477,79.85246094,Chili,Apr,May to Jun,Jun to Sep,0,30,10.3,75,85,249.676
3246,3.220922,Satkhira,Kharif 2,26.33215582,74.87295807,Pineapple,Sep,Sep to May,Jun to Aug,0,35,18.4,71,81,189.701
0,,Rajshahi,Kharif 2,17.88127361,66.95364074,Tobacco,Oct,Nov to Feb,Feb to Apr,0,20,15.1,51,86,161.236
0,2.535405,Sirajganj,Kharif 2,22.71601534,62.25100226,Oal Kachu,Sep,Oct to Dec,Dec to Feb,71,32,15.5,53,69,176.452
217,5.792498,Kushtia,Kharif 2,30.20648076,80.73985587,Betelnut,Jul,Aug to Jan,Jan to Mar,2785,35,25.0,70,91,206.373
1010,1.130494,Patuakhali,Kharif 1,24.74992599,73.17935009,Kakrol,Apr,May to Jul,Jul to Sep,0,30,19.2,59,85,176.92
2013,3.500124,Kushtia,Kharif 1,20.88465405,72.66843416,Date Palm,Apr,No need to do,Feb to Mar,7586,35,6.1,59,85,165.032
0,1.461708,Bogura,Kharif 2,29.48541318,69.82665509,Mug,Feb,Mar to May,May,0,35,24.8,60,81,178.851
0,0.0,Rajshahi,Rabi,30.50271758,46.47081242,Sesame,Nov,Dec to Jan,Feb,0,35,27.2,40,50,181.436
150915,0.95736,Pirojpur,Kharif 2,25.70407652,72.20166402,Aman,Jun,Jul to Oct,Nov to Dec,101463,40,12.1,60,86,180.485
7068,0.0,Chandpur,Kharif 2,22.11964593,75.36409664,Rape & Mustard,Oct,Nov to Feb,Feb to Apr,3529,30,15.2,65,86,191.431
3095,4.667628,Kishoreganj,Kharif 2,24.86877246,69.73373237,Black Berry,Jun,Jul to Aug,Jun to Sep,3331,29,20.8,65,75,238.452
1867,1.58927,Jhallokati,Rabi,25.12907856,87.86483601,Karala,Feb,Mar to Jul,Aug to Sep,0,28,24.1,85,90,131.5
0,1.663373,Khagrachari,Kharif 1,25.22235981,70.8309397,Wood Apple,May,Jun to Aug,Aug to Sep,1913,30,20.2,60,81,226.122
184,3.487822,Khulna,Rabi,17.26368666,55.72470438,Wheat,Dec,Jan to Mar,Apr,0,20,15.8,50,59,162.007
327,0.403735,Satkhira,Kharif 1,16.01874989,67.133184,Beans,Jun,Jul to Nov,Nov to Apr,0,22,10.1,61,75,104.576
0,3.627594,Narail,Kharif 2,23.51629857,61.90053288,Oal Kachu,Sep,Oct to Dec,Dec to Feb,0,32,15.1,52,69,158.352
0,0.0,Bogura,Rabi,21.43334544,62.05983073,Cheena,Nov,Dec to Feb,Feb to Apr,0,25,17.4,40,85,107.979
35728,1.785177,Rajshahi,Kharif 2,15.11125888,89.47722753,Lentil,Oct,Nov to Feb,Feb to Mar,15630,19,9.5,85,95,146.694
0,29.055104,Bagerhat,Kharif 1,25.08660943,70.33522515,Green Coconut,May,Jun to Aug,Aug to Sep,28256,30,20.1,60,80,78.518
2085,2.537352,Bhola,Kharif 1,31.67165365,70.07911961,Mango,Apr,No need to do,Apr to Jun,285,36,27.0,49,90,126.508
800,6.07165,Sirajganj,Kharif 2,17.66018079,75.00985346,Cabbage,Sep,Oct to Jan,Feb,1728,24,10.0,60,90,181.901
252,0.677816,Pirojpur,Kharif 2,24.92235192,69.95107593,Black Berry,Jun,Jul to Aug,Jun to Sep,0,30,19.8,65,75,201.341
3378,,Manikganj,Kharif 2,14.56812983,81.83788019,Shalgom,Sep,Oct to Nov,Nov to Feb,2948,24,5.3,70,95,246.08
361,2.038477,Narsingdi,Rabi,24.73748352,79.21175788,Danta,Mar,Apr to Aug,Sep,7823,32,18.1,74,85,194.465
0,16.495043,Sylhet,Kharif 1,34.92791801,83.64418436,Jack Fruit,Apr,No need to do,Apr to Jun,11334,47,22.5,71,95,169.229
5120,0.715048,Narail,Rabi,17.70067406,54.84602685,Wheat,Dec,Jan to Mar,Apr,2086,20,15.5,49,60,120.939
2176,1.546814,Natore,Rabi,25.10941468,79.55792613,Danta Shak,Mar,Apr to Aug,Sep,5210,32,18.6,74,85,204.166
86101,1.925374,Narail,Kharif 2,25.76122439,73.08406481,Aman,Jun,Jul to Oct,Nov to Dec,92942,40,11.5,60,86,107.899
4695,0.731203,Panchagar,Kharif 1,25.9109137,72.08740202,Aus,Mar,Apr to july,Aug,4747,40,11.8,60,85,246.656
245227,0.0,Habiganj,Kharif 2,26.02121536,72.13581661,Aman,Jun,Jul to Oct,Nov to Dec,265396,40,11.9,60,85,284.094
6306,0.106509,Natore,Kharif 2,22.77401464,82.83860717,Motor,Oct,Nov to Mar,Mar to Apr,0,30,15.1,76,89,236.852
1808,2.623719,Kushtia,Kharif 2,25.21827233,67.90187809,Garlic,Oct,Nov to Jan,Feb,11332,30,20.6,66,70,151.365
4529,2.29346,Pabna,Kharif 1,25.15130439,69.46199879,Wood Apple,May,Jun to Aug,Aug to Sep,0,30,20.4,61,80,181.29
543,4.109628,Chandpur,Rabi,24.75686264,79.55854725,Banana,Jan,Jan to Jan,Jan,8398,35,15.3,74,85,185.247
5442,0.218605,Kurigram,Kharif 2,27.46136772,35.0,Mashkalai,Aug,Sep to Oct,Nov,5066,35,19.9,25,45,174.927
0,1.045139,Chandpur,Kharif 1,27.00621729,71.44179119,Maize 1,Mar,Apr to May,Jun to Jul,4214,34,20.1,59,85,170.622
2464,,Satkhira,Rabi,27.52591751,84.92285179,Groundnut,Oct,Nov to Mar,Mar to Apr,0,35,20.1,81,90,89.757
1373,3.324632,Jashore,Kharif 2,26.77098995,75.3207197,Pineapple,Sep,Sep to May,Jun to Aug,1831,35,17.8,70,81,93.004
0,0.22938,Sylhet,Rabi,24.51679159,80.08772701,Danta Shak,Mar,Apr to Aug,Sep,672,32,17.9,74,85,279.837
2096,2.826905,Brahmanbaria,Kharif 1,15.81848069,67.76143416,Beans,Jun,Jul to Nov,Nov to Apr,2399,22,9.5,60,75,140.449
0,2.396586,Patuakhali,Kharif 1,19.86598957,80.3449528,Beans,Apr,May to Jun,Jun to Sep,5064,30,10.2,76,84,132.91
0,,Joypurhat,Kharif 2,15.14653789,82.82200575,Shalgom,Sep,Oct to Nov,Nov to Feb,1677,24,5.0,71,94,164.056
0,22.739822,Nilphamari,Kharif 2,28.9632631,64.10788757,Sugarcane,Oct,Nov to Aug,Aug to Sep,7137,38,19.8,44,85,107.31
231,0.687062,Naogaon,Rabi,19.7735364,75.14320889,Lal Shak,Sep,Oct to Nov,Nov to Feb,4077,25,15.0,71,79,262.508
1983,16.047412,Natore,Kharif 1,31.29911124,69.82947772,Mango,Apr,No need to do,Apr to Jun,61393,36,27.0,50,90,138.884
1836,4.159041,Narail,Kharif 2,30.60705764,75.92724294,Green Palmyra,Apr,No need to do,May,3942,35,24.9,61,90,133.938
0,4.756507,Feni,Rabi,20.38853456,79.65857747,Sweet Potato,Nov,Dec to Mar,Apr,8065,24,16.6,70,91,172.193
4142,5.306648,Bogura,Kharif 1,22.3738463,75.3894048,Chalkumra,Mar,Apr to Jul,Jul to Oct,2137,27,18.1,65,85,145.233
0,10.222654,Chattogram,Kharif 2,29.80632092,78.71816313,Betelnut,Jul,Aug to Jan,Jan to Mar,6349,35,25.1,70,90,249.489
1966,2.4708,Khulna,Kharif 1,27.27376015,90.46753992,Kolmi Shak,Mar,Apr to Aug,Sep to Oct,1127,35,19.7,78,100,120.755
188473,0.410203,Habiganj,Kharif 1,25.92508902,71.84815887,Aus,Mar,Apr to july,Aug,210336,40,12.2,60,85,98.18
3109,,Noakhali,Kharif 2,14.71999622,82.38083315,Shalgom,Sep,Oct to Nov,Nov to Feb,0,24,5.3,69,95,107.987
1582,0.635219,Naogaon,Rabi,17.07924347,77.26102349,Lemon,Jan,Jan to Jan,Jan,5718,25,10.1,61,95,96.099
29472,1.798448,Kushtia,Rabi,17.86021314,55.03644315,Wheat,Dec,Jan to Mar,Apr,39162,20,15.5,50,61,276.183
499,2.822394,Mymensingh,Rabi,25.37425056,88.68689999,Karala,Feb,Mar to Jul,Aug to Sep,3716,27,24.2,85,89,135.219
1753,0.795439,Natore,Kharif 2,27.88473903,35.34853262,Arhar,Aug,Sep to Oct,Nov,4057,30,26.2,21,50,55.088
0,4.074228,Jashore,Kharif 2,26.04207859,75.72865877,Pineapple,Sep,Sep to May,Jun to Aug,0,35,17.4,70,80,92.667
2930,6.202113,Pirojpur,Rabi,20.49342974,60.2117082,Boroi,Jun,No need to do,Feb to Mar,5147,24,14.8,49,70,123.976
987,2.254871,Jhallokati,Rabi,19.62365789,73.79114431,Lal Shak,Sep,Oct to Nov,Nov to Feb,0,25,14.6,70,80,116.043
93181,3.253018,Bhola,Rabi,25.87319552,71.49802505,Boro,Nov,Dec to Mar,Apr,140313,40,12.3,60,85,79.094
1982,0.356624,Brahmanbaria,Kharif 2,22.68206239,82.5801656,Motor,Oct,Nov to Mar,Mar to Apr,0,30,15.0,75,90,104.803
0,2.388204,Bandarban,Kharif 2,20.67912547,69.26659162,Palong Shak,Aug,Sep to Jan,Feb,0,30,11.8,64,76,163.622
0,,Netrokona,Kharif 1,26.76188948,72.78053258,Maize 1,Mar,Apr to May,Jun to Jul,0,34,19.7,60,85,174.763
756,0.0,Lakshmipur,Rabi,20.94106686,62.90902148,Cheena,Nov,Dec to Feb,Feb to Apr,4549,25,16.6,40,85,70.48
0,2.41603,Patuakhali,Kharif 1,29.72174782,79.82594456,Ripe Papaya,Apr,No need to do,Apr to May,2350,35,25.2,70,90,27.777
0,0.0,Jamalpur,Kharif 1,27.16567469,89.86357797,Kolmi Shak,Mar,Apr to Aug,Sep to Oct,0,35,19.7,79,99,105.311
0,2.314446,Joypurhat,Rabi,25.23800226,78.95209764,Danta,Mar,Apr to Aug,Sep,0,32,18.2,77,85,118.732
180,5.996759,Chattogram,Kharif 2,23.3018374,60.67712955,Oal Kachu,Sep,Oct to Dec,Dec to Feb,3092,32,14.9,52,70,178.77
32364,1.555804,Barishal,Kharif 1,29.63491044,75.72908532,Jute,Mar,Apr to Aug,Sep,76188,40,20.0,69,80,177.964
2308,2.367049,Khagrachari,Kharif 2,26.51984381,75.56801932,Pineapple,Sep,Sep to May,Jun to Aug,8556,35,17.3,71,80,9.884
1598,5.546512,Rajshahi,Kharif 1,21.44275399,82.90477857,Dalim,Apr,No need to do,Throughout The year,0,38,5.0,70,94,98.589
0,5.496044,Dinajpur,Kharif 2,24.52138488,70.50538863,Black Berry,Jun,Jul to Aug,Jun to Sep,2701,30,19.6,67,74,145.942
969,2.460235,Cumilla,Kharif 2,23.84462545,60.64004696,Oal Kachu,Sep,Oct to Dec,Dec to Feb,1940,32,14.8,53,70,75.591
0,4.242546,Jashore,Rabi,24.98393385,79.28483093,Danta,Mar,Apr to Aug,Sep,9643,32,18.2,75,85,120.058
3683,2.847199,Meherpur,Kharif 2,25.09691616,70.93026085,Black Berry,Jun,Jul to Aug,Jun to Sep,258,29,20.1,65,76,141.046
437,3.984208,Munshiganj,Kharif 2,29.87566397,80.08441867,Jamrul,Jun,Jul to Aug,Jun to Sep,460,35,25.3,69,90,153.069
566,2.658526,Brahmanbaria,Kharif 1,23.53800374,70.55566706,Safeda,Apr,No need to do,Jan to Mar,0,38,10.4,60,79,6.892
2280,2.025318,Lakshmipur,Rabi,20.05842714,60.97361542,Boroi,Mar,No need to do,Feb to Mar,39,25,15.2,50,71,195.815
3655,14.130422,Shariatpur,Kharif 1,29.97999127,80.11596602,Ripe Papaya,Apr,No need to do,Apr to May,5930,35,25.1,71,90,166.158
0,15.465869,Bogura,Kharif 1,25.06386748,70.86084792,Green Papaya,Jun,Jun to Aug,Aug to Sep,9992,30,19.7,60,80,129.491
0,0.0,Mymensingh,Kharif 2,27.74602333,35.0,Gram,Aug,Sep to Oct,Nov,0,35,19.9,24,45,130.897
0,0.4157,Bagerhat,Kharif 2,18.18939969,65.07873046,Carrot,Oct,Nov to Feb,Mar,560,21,15.1,47,86,227.9
0,3.48317,Joypurhat,Kharif 1,31.18968745,69.54383045,Mango,Apr,No need to do,Apr to Jun,0,36,27.2,52,89,216.029
0,17.200103,Barishal,Kharif 1,34.17975984,82.60358328,Jack Fruit,Apr,No need to do,Apr to Jun,17059,47,22.3,69,95,43.461
0,9.880126,Netrokona,Kharif 1,24.91324538,70.667195,Green Coconut,May,Jun to Aug,Aug to Sep,7056,30,20.0,60,80,225.052
777,22.116331,Bhola,Kharif 1,34.73939675,82.43173966,Jack Fruit,Apr,No need to do,Apr to Jun,17852,47,22.4,70,95,57.396
0,,Sunamganj,Kharif 2,22.31426051,82.78524976,Motor,Oct,Nov to Mar,Mar to Apr,82,30,14.7,75,91,193.764
0,1.364618,Munshiganj,Kharif 2,25.30762302,72.46760287,Barbati,Sep,Oct to Dec,Dec to Apr,0,30,19.9,60,86,70.16
2694,3.005614,Kurigram,Rabi,20.29494909,80.74366871,Laushak,Sep,Oct to Nov,Nov to Feb,4685,25,15.1,71,90,56.065
171999,0.203208,Brahmanbaria,Kharif 2,26.32537128,72.37605103,Aman,Jun,Jul to Oct,Nov to Dec,171690,40,11.8,60,84,196.65
0,6.131477,Shariatpur,Kharif 1,23.80391506,69.92514172,Safeda,Apr,No need to do,Jan to Mar,0,38,9.5,59,80,148.913
77,0.390087,Nilphamari,Rabi,20.90680019,62.57393486,Cheena,Nov,Dec to Feb,Feb to Apr,0,25,17.4,40,86,167.188
0,2.995536,Pabna,Kharif 1,21.57781944,82.15800252,Dalim,Apr,No need to do,Throughout The year,7757,38,5.0,70,95,76.647
533,,Patuakhali,Kharif 2,23.31431687,61.09147929,Oal Kachu,Sep,Oct to Dec,Dec to Feb,0,32,15.2,52,70,294.062
226,0.40848,Meherpur,Kharif 1,21.44992746,82.495689,Dalim,Apr,No need to do,Throughout The year,0,38,5.1,69,94,180.582
5195,3.634076,Pabna,Kharif 2,23.65819335,60.9306076,Oal Kachu,Sep,Oct to Dec,Dec to Feb,0,33,15.2,52,70,99.158
4160,11.115425,Lakshmipur,Kharif 2,28.90341011,65.00090313,Sugarcane,Oct,Nov to Aug,Aug to Sep,3862,38,20.3,45,85,174.108
12310,0.0,Barguna,Kharif 2,30.18795693,69.6350996,Mug,Feb,Mar to May,May,5179,35,25.5,60,81,239.767
0,3.445023,Barguna,Kharif 1,29.83342531,79.85279963,Ripe Papaya,Apr,No need to do,Apr to May,704,35,25.1,69,91,266.632
0,,Gaibandha,Kharif 1,23.19855447,69.40784514,Safeda,Apr,No need to do,Jan to Mar,5256,38,9.6,61,80,175.883
1282,0.0,Narayanganj,Rabi,18.17313752,55.46496916,Wheat,Dec,Jan to Mar,Apr,1444,20,15.5,49,61,60.985
0,6.074462,Gazipur,Kharif 1,24.80460233,68.04051846,Amra,Jun,Jun to Aug,Aug to Sep,0,30,19.8,59,81,61.807
5117,4.259186,Madaripur,Rabi,19.91474702,67.79598487,Onion,Oct,Nov to Mar,Mar to Apr,42080,25,14.7,65,70,152.957
1909,3.686316,Natore,Kharif 2,16.28600506,85.04751152,Radish,Oct,Nov to Feb,Mar,4204,22,9.6,74,95,113.984
74,,Satkhira,Kharif 1,27.81664841,83.5217257,Malta,Jun,Jun to Aug,Aug to Sep,3569,35,19.6,81,90,176.898
5205,1.636588,Netrokona,Kharif 2,27.92341902,35.64956585,Mashkalai,Aug,Sep to Oct,Nov,2658,35,20.3,24,45,121.167
946,3.475735,Dhaka,Kharif 1,21.04761218,82.78352415,Dalim,Apr,No need to do,Throughout The year,3600,38,5.3,70,94,144.318
938,1.0675,Munshiganj,Rabi,24.71959005,80.23483551,Danta,Mar,Apr to Aug,Sep,0,32,18.2,75,85,149.46
541,2.448756,Thakurgaon,Rabi,20.29425254,66.80393515,Ginger,Oct,Nov to Mar,Mar to Apr,0,25,14.5,60,75,157.484
0,3.34615,Satkhira,Kharif 1,26.93627728,72.40574568,Maize 1,Mar,Apr to May,Jun to Jul,348,34,19.9,59,84,268.978
0,4.026725,Kushtia,Kharif 2,27.58479444,72.41223886,Patal,Aug,Sep to Jan,Jan to Mar,1003,36,19.5,60,85,88.13
9056,0.097489,Mymensingh,Kharif 2,30.11236315,79.40950142,Betelnut,Jul,Aug to Jan,Jan to Mar,8559,35,24.6,69,90,149.955
0,3.698721,Jhallokati,Rabi,20.03117761,79.32811134,Laushak,Sep,Oct to Nov,Nov to Feb,0,25,14.8,71,90,177.685
611,8.363884,Shariatpur,Kharif 1,22.01404382,81.76336642,Dalim,Apr,No need to do,Throughout The year,0,38,5.0,70,95,85.552
4156,21.980809,Dinajpur,Kharif 1,34.565825,82.13670166,Jack Fruit,Apr,No need to do,Apr to Jun,36735,47,21.5,70,95,195.432
1658,0.0,Feni,Rabi,22.06155621,60.46629847,Chili,Oct,Nov to Mar,Mar to Apr,0,30,15.0,50,71,114.237
11042,0.0,Munshiganj,Kharif 1,27.47432731,71.94852293,Maize 1,Mar,Apr to May,Jun to Jul,21849,34,20.1,59,85,149.756
1111,8.596166,Madaripur,Kharif 1,32.00409767,65.54426536,Taramind,Feb,Mar to Apr,Feb to May,0,41,25.0,50,80,127.925
976,2.018313,Sherpur,Rabi,19.97582914,60.09591469,Boroi,Aug,No need to do,Feb to Mar,3567,25,14.6,50,70,196.149
1558,2.021218,Bagerhat,Kharif 1,19.96389081,72.97803682,Date Palm,Apr,No need to do,Feb to Mar,0,35,5.9,60,84,165.455
